queued_at,job_id,title,company,location,source,field,seniority,reasons,payload_json
2026-09-30T20:31:28.311548+00:00,sem_6pm_junior-art-director_berlin,Junior Art Director (m/w/d),6PM GmbH,Berlin,arbeitnow,other_tech,junior,"not_data_ai_field,ambiguous_needs_review","{""job_id"": ""sem_6pm_junior-art-director_berlin"", ""title"": ""Junior Art Director (m/w/d)"", ""url"": null, ""job_url"": ""https://www.arbeitnow.com/jobs/companies/6pm-gmbh/junior-art-director-berlin-133887"", ""audience_reject_reasons"": [""not_data_ai_field"", ""ambiguous_needs_review""]}"
2026-09-30T20:31:28.311548+00:00,sem_6pm_producer-content-brand-experience_berlin,Producer Content & Brand Experience (m/w/d),6PM GmbH,Berlin,arbeitnow,other_tech,mid,"not_data_ai_field,not_fresher_ws_thesis,ambiguous_needs_review","{""job_id"": ""sem_6pm_producer-content-brand-experience_berlin"", ""title"": ""Producer Content & Brand Experience (m/w/d)"", ""url"": null, ""job_url"": ""https://www.arbeitnow.com/jobs/companies/6pm-gmbh/producer-content-brand-experience-berlin-19216"", ""audience_reject_reasons"": [""not_data_ai_field"", ""not_fresher_ws_thesis"", ""ambiguous_needs_review""]}"
2026-09-30T20:31:28.311548+00:00,sem_acadia-job-listings_associate-director-manufacturing-drug-substance_zug,"Associate Director, Manufacturing (Drug Substance)",Acadia Job Listings,Zug,arbeitnow,qa_testing,mid,"not_eu,not_data_ai_field,not_fresher_ws_thesis,ambiguous_needs_review","{""job_id"": ""sem_acadia-job-listings_associate-director-manufacturing-drug-substance_zug"", ""title"": ""Associate Director, Manufacturing (Drug Substance)"", ""url"": null, ""job_url"": ""https://www.arbeitnow.ch/jobs/companies/acadia-job-listings/associate-director-manufacturing-drug-substance-zug-265251"", ""audience_reject_reasons"": [""not_eu"", ""not_data_ai_field"", ""not_fresher_ws_thesis"", ""ambiguous_needs_review""]}"
2026-09-30T20:31:28.311548+00:00,sem_acadia-job-listings_associate-director-regulatory-affairs-europe_zug,Associate Director Regulatory Affairs Europe,Acadia Job Listings,Zug,arbeitnow,other_tech,mid,"not_eu,not_data_ai_field,not_fresher_ws_thesis,ambiguous_needs_review","{""job_id"": ""sem_acadia-job-listings_associate-director-regulatory-affairs-europe_zug"", ""title"": ""Associate Director Regulatory Affairs Europe"", ""url"": null, ""job_url"": ""https://www.arbeitnow.ch/jobs/companies/acadia-job-listings/associate-director-regulatory-affairs-europe-zug-176813"", ""audience_reject_reasons"": [""not_eu"", ""not_data_ai_field"", ""not_fresher_ws_thesis"", ""ambiguous_needs_review""]}"
2026-09-30T20:31:28.311548+00:00,sem_actief-construct-torhout_elektricien-hvac-klimaatinstallaties_be-be234,Elektricien HVAC Klimaatinstallaties,Actief Construct Torhout,BE (BE234),eures,other_tech,mid,"not_data_ai_field,not_fresher_ws_thesis,ambiguous_needs_review","{""job_id"": ""sem_actief-construct-torhout_elektricien-hvac-klimaatinstallaties_be-be234"", ""title"": ""Elektricien HVAC Klimaatinstallaties"", ""url"": null, ""job_url"": ""https://europa.eu/eures/portal/jv-se/jv-details/YjM0NmJlMjUtMjEzMC00NjM2LWEyYTItM2FiMTFlNjRlYmViIDM?jvDisplayLanguage=nl&lang=nl"", ""audience_reject_reasons"": [""not_data_ai_field"", ""not_fresher_ws_thesis"", ""ambiguous_needs_review""]}"
2026-09-30T20:31:28.311548+00:00,sem_actief-interim-oostkamp_helpdeskmedewerker-firstline-franse-kennis-vereist_be-be251,Helpdeskmedewerker firstline - Franse kennis vereist,Actief Interim Oostkamp,BE (BE251),eures,other_tech,mid,"not_data_ai_field,not_fresher_ws_thesis,ambiguous_needs_review","{""job_id"": ""sem_actief-interim-oostkamp_helpdeskmedewerker-firstline-franse-kennis-vereist_be-be251"", ""title"": ""Helpdeskmedewerker firstline - Franse kennis vereist"", ""url"": null, ""job_url"": ""https://europa.eu/eures/portal/jv-se/jv-details/ZTY3ZDBlZDItMWZkOC00MzQ0LWE2YmMtOGM2NmQ1MmJiODZiIDM?jvDisplayLanguage=nl&lang=nl"", ""audience_reject_reasons"": [""not_data_ai_field"", ""not_fresher_ws_thesis"", ""ambiguous_needs_review""]}"
2026-09-30T20:31:28.311548+00:00,sem_aloyoga_stock-manager-seasonal-fixed-term-saint-tropez_,Stock Manager (Seasonal Fixed-Term) - Saint-Tropez,Aloyoga,,arbeitnow,other_tech,mid,"not_eu,not_data_ai_field,not_fresher_ws_thesis,ambiguous_needs_review","{""job_id"": ""sem_aloyoga_stock-manager-seasonal-fixed-term-saint-tropez_"", ""title"": ""Stock Manager (Seasonal Fixed-Term) - Saint-Tropez"", ""url"": null, ""job_url"": ""https://www.arbeitnow.fr/jobs/companies/aloyoga/stock-manager-seasonal-fixed-term-saint-tropez-490550"", ""audience_reject_reasons"": [""not_eu"", ""not_data_ai_field"", ""not_fresher_ws_thesis"", ""ambiguous_needs_review""]}"
2026-09-30T20:31:28.311548+00:00,sem_aloyoga_visual-manager-seasonal-fixed-term-saint-tropez_,Visual Manager (Seasonal Fixed-Term) - Saint-Tropez,Aloyoga,,arbeitnow,other_tech,mid,"not_eu,not_data_ai_field,not_fresher_ws_thesis,ambiguous_needs_review","{""job_id"": ""sem_aloyoga_visual-manager-seasonal-fixed-term-saint-tropez_"", ""title"": ""Visual Manager (Seasonal Fixed-Term) - Saint-Tropez"", ""url"": null, ""job_url"": ""https://www.arbeitnow.fr/jobs/companies/aloyoga/visual-manager-seasonal-fixed-term-saint-tropez-339032"", ""audience_reject_reasons"": [""not_eu"", ""not_data_ai_field"", ""not_fresher_ws_thesis"", ""ambiguous_needs_review""]}"
2026-09-30T20:31:28.311548+00:00,sem_artes-group_lasser_be-be234,Lasser,ARTES GROUP,BE (BE234),eures,other_tech,mid,"not_data_ai_field,not_fresher_ws_thesis,ambiguous_needs_review","{""job_id"": ""sem_artes-group_lasser_be-be234"", ""title"": ""Lasser"", ""url"": null, ""job_url"": ""https://europa.eu/eures/portal/jv-se/jv-details/ZDc0NjJlMGUtYmUxZS00MzZjLTg0ZjktMTBkNzc1YWY3ZjRhIDM?jvDisplayLanguage=nl&lang=nl"", ""audience_reject_reasons"": [""not_data_ai_field"", ""not_fresher_ws_thesis"", ""ambiguous_needs_review""]}"
2026-09-30T20:31:28.311548+00:00,sem_awin_head-of-product-ai-enablement_berlin-berlin,"Head of Product, AI Enablement (f/m/d)",Awin,"Berlin, Berlin",arbeitnow,embedded_systems,senior,"not_data_ai_field,not_fresher_ws_thesis,ambiguous_needs_review","{""job_id"": ""sem_awin_head-of-product-ai-enablement_berlin-berlin"", ""title"": ""Head of Product, AI Enablement (f/m/d)"", ""url"": null, ""job_url"": ""https://www.arbeitnow.com/jobs/companies/awin/head-of-product-ai-enablement-berlin-berlin-254713"", ""audience_reject_reasons"": [""not_data_ai_field"", ""not_fresher_ws_thesis"", ""ambiguous_needs_review""]}"
2026-09-30T20:31:28.311548+00:00,sem_bleckmann-belgi-wh-desteldonk_orderpicker_be-be234,Orderpicker,Bleckmann België (WH Desteldonk),BE (BE234),eures,other_tech,mid,"not_data_ai_field,not_fresher_ws_thesis,ambiguous_needs_review","{""job_id"": ""sem_bleckmann-belgi-wh-desteldonk_orderpicker_be-be234"", ""title"": ""Orderpicker"", ""url"": null, ""job_url"": ""https://europa.eu/eures/portal/jv-se/jv-details/ZjcwYjM3ZGYtY2RiOS00MDZlLWJhNTAtMjhiNzkwMWEyYmZjIDM?jvDisplayLanguage=nl&lang=nl"", ""audience_reject_reasons"": [""not_data_ai_field"", ""not_fresher_ws_thesis"", ""ambiguous_needs_review""]}"
2026-09-30T20:31:28.311548+00:00,sem_bunq_deputy-head-of-legal_amsterdam-noord-holland-netherlands,Deputy Head of Legal,Bunq,"Amsterdam, Noord-Holland, Netherlands",direct,other_tech,senior,"not_data_ai_field,not_fresher_ws_thesis,ambiguous_needs_review","{""job_id"": ""sem_bunq_deputy-head-of-legal_amsterdam-noord-holland-netherlands"", ""title"": ""Deputy Head of Legal"", ""url"": null, ""job_url"": ""https://careers.bunq.com/o/deputy-head-of-legal"", ""audience_reject_reasons"": [""not_data_ai_field"", ""not_fresher_ws_thesis"", ""ambiguous_needs_review""]}"
2026-09-30T20:31:28.311548+00:00,sem_bunq_head-of-people_amsterdam-noord-holland-netherlands,Head of People,Bunq,"Amsterdam, Noord-Holland, Netherlands",direct,other_tech,senior,"not_data_ai_field,not_fresher_ws_thesis,ambiguous_needs_review","{""job_id"": ""sem_bunq_head-of-people_amsterdam-noord-holland-netherlands"", ""title"": ""Head of People"", ""url"": null, ""job_url"": ""https://careers.bunq.com/o/head-of-people-6"", ""audience_reject_reasons"": [""not_data_ai_field"", ""not_fresher_ws_thesis"", ""ambiguous_needs_review""]}"
2026-09-30T20:31:28.311548+00:00,sem_camion-transport-wil-ct_impiegato-in-logistica_ch-ch070,impiegato in logistica,Camion-Transport AG Wil CT,CH (CH070),eures,non_tech,mid,"not_eu,not_data_ai_field,not_fresher_ws_thesis,ambiguous_needs_review","{""job_id"": ""sem_camion-transport-wil-ct_impiegato-in-logistica_ch-ch070"", ""title"": ""impiegato in logistica"", ""url"": null, ""job_url"": ""https://europa.eu/eures/portal/jv-se/jv-details/NTg3NThlODgtNjg5ZS00NjY2LWJjY2UtZDhiZDJkNmJkNjA2IDYx?jvDisplayLanguage=en&lang=en"", ""audience_reject_reasons"": [""not_eu"", ""not_data_ai_field"", ""not_fresher_ws_thesis"", ""ambiguous_needs_review""]}"
2026-09-30T20:31:28.311548+00:00,sem_celonis_associate-account-executive-top-talent-sales-program-lunar_munich-germany,Associate Account Executive (Top Talent Sales Program - Lunar),Celonis,"Munich, Germany",direct,other_tech,mid,"not_data_ai_field,not_fresher_ws_thesis,ambiguous_needs_review","{""job_id"": ""sem_celonis_associate-account-executive-top-talent-sales-program-lunar_munich-germany"", ""title"": ""Associate Account Executive (Top Talent Sales Program - Lunar)"", ""url"": null, ""job_url"": ""https://job-boards.greenhouse.io/celonis/jobs/7816965003?gh_jid=7816965003"", ""audience_reject_reasons"": [""not_data_ai_field"", ""not_fresher_ws_thesis"", ""ambiguous_needs_review""]}"
2026-09-30T20:31:28.311548+00:00,sem_celonis_client-value-partner-defence-government-sc-cleared_london-united-kingdom,Client Value Partner - Defence & Government - SC Cleared,Celonis,"London, United Kingdom",direct,other_tech,mid,"not_eu,not_data_ai_field,not_fresher_ws_thesis,ambiguous_needs_review","{""job_id"": ""sem_celonis_client-value-partner-defence-government-sc-cleared_london-united-kingdom"", ""title"": ""Client Value Partner - Defence & Government - SC Cleared"", ""url"": null, ""job_url"": ""https://job-boards.greenhouse.io/celonis/jobs/7817394003?gh_jid=7817394003"", ""audience_reject_reasons"": [""not_eu"", ""not_data_ai_field"", ""not_fresher_ws_thesis"", ""ambiguous_needs_review""]}"
2026-09-30T20:31:28.311548+00:00,sem_celonis_client-value-partner-insurance-service-industries_munich-germany,Client Value Partner - (Insurance / Service Industries),Celonis,"Munich, Germany",direct,other_tech,mid,"not_data_ai_field,not_fresher_ws_thesis,ambiguous_needs_review","{""job_id"": ""sem_celonis_client-value-partner-insurance-service-industries_munich-germany"", ""title"": ""Client Value Partner - (Insurance / Service Industries)"", ""url"": null, ""job_url"": ""https://job-boards.greenhouse.io/celonis/jobs/7775171003?gh_jid=7775171003"", ""audience_reject_reasons"": [""not_data_ai_field"", ""not_fresher_ws_thesis"", ""ambiguous_needs_review""]}"
2026-09-30T20:31:28.311548+00:00,sem_celonis_client-value-partner-mining_london-united-kingdom,Client Value Partner - Mining,Celonis,"London, United Kingdom",direct,other_tech,mid,"not_eu,not_data_ai_field,not_fresher_ws_thesis,ambiguous_needs_review","{""job_id"": ""sem_celonis_client-value-partner-mining_london-united-kingdom"", ""title"": ""Client Value Partner - Mining"", ""url"": null, ""job_url"": ""https://job-boards.greenhouse.io/celonis/jobs/7712957003?gh_jid=7712957003"", ""audience_reject_reasons"": [""not_eu"", ""not_data_ai_field"", ""not_fresher_ws_thesis"", ""ambiguous_needs_review""]}"
2026-09-30T20:31:28.311548+00:00,sem_celonis_client-value-partner-pharmaceuticals_london-united-kingdom,Client Value Partner - Pharmaceuticals,Celonis,"London, United Kingdom",direct,other_tech,mid,"not_eu,not_data_ai_field,not_fresher_ws_thesis,ambiguous_needs_review","{""job_id"": ""sem_celonis_client-value-partner-pharmaceuticals_london-united-kingdom"", ""title"": ""Client Value Partner - Pharmaceuticals"", ""url"": null, ""job_url"": ""https://job-boards.greenhouse.io/celonis/jobs/7725740003?gh_jid=7725740003"", ""audience_reject_reasons"": [""not_eu"", ""not_data_ai_field"", ""not_fresher_ws_thesis"", ""ambiguous_needs_review""]}"
2026-09-30T20:31:28.311548+00:00,sem_celonis_client-value-partner-public-sector-security-cleared_london-united-kingdom,Client Value Partner - Public Sector - Security Cleared,Celonis,"London, United Kingdom",direct,other_tech,mid,"not_eu,not_data_ai_field,not_fresher_ws_thesis,ambiguous_needs_review","{""job_id"": ""sem_celonis_client-value-partner-public-sector-security-cleared_london-united-kingdom"", ""title"": ""Client Value Partner - Public Sector - Security Cleared"", ""url"": null, ""job_url"": ""https://job-boards.greenhouse.io/celonis/jobs/7817395003?gh_jid=7817395003"", ""audience_reject_reasons"": [""not_eu"", ""not_data_ai_field"", ""not_fresher_ws_thesis"", ""ambiguous_needs_review""]}"
2026-09-30T20:31:28.311548+00:00,sem_celonis_client-value-partner-public-sector_london-united-kingdom,Client Value Partner - Public Sector,Celonis,"London, United Kingdom",direct,other_tech,mid,"not_eu,not_data_ai_field,not_fresher_ws_thesis,ambiguous_needs_review","{""job_id"": ""sem_celonis_client-value-partner-public-sector_london-united-kingdom"", ""title"": ""Client Value Partner - Public Sector"", ""url"": null, ""job_url"": ""https://job-boards.greenhouse.io/celonis/jobs/7725748003?gh_jid=7725748003"", ""audience_reject_reasons"": [""not_eu"", ""not_data_ai_field"", ""not_fresher_ws_thesis"", ""ambiguous_needs_review""]}"
2026-09-30T20:31:28.311548+00:00,sem_celonis_client-value-partner_stockholm-sweden,Client Value Partner,Celonis,"Stockholm, Sweden",direct,other_tech,mid,"not_data_ai_field,not_fresher_ws_thesis,ambiguous_needs_review","{""job_id"": ""sem_celonis_client-value-partner_stockholm-sweden"", ""title"": ""Client Value Partner"", ""url"": null, ""job_url"": ""https://job-boards.greenhouse.io/celonis/jobs/7817240003?gh_jid=7817240003"", ""audience_reject_reasons"": [""not_data_ai_field"", ""not_fresher_ws_thesis"", ""ambiguous_needs_review""]}"
2026-09-30T20:31:28.311548+00:00,sem_celonis_customer-advocacy-customer-marketing-graduated-internship-12-months_madrid-spain,Customer Advocacy & Customer Marketing Graduated Internship (12 months),Celonis,"Madrid, Spain",direct,other_tech,internship,"not_data_ai_field,ambiguous_needs_review","{""job_id"": ""sem_celonis_customer-advocacy-customer-marketing-graduated-internship-12-months_madrid-spain"", ""title"": ""Customer Advocacy & Customer Marketing Graduated Internship (12 months)"", ""url"": null, ""job_url"": ""https://job-boards.greenhouse.io/celonis/jobs/7998286003?gh_jid=7998286003"", ""audience_reject_reasons"": [""not_data_ai_field"", ""ambiguous_needs_review""]}"
2026-09-30T20:31:28.311548+00:00,sem_celonis_global-sales-excellence-leader_london-united-kingdom,Global Sales Excellence Leader,Celonis,"London, United Kingdom",direct,other_tech,mid,"not_eu,not_data_ai_field,not_fresher_ws_thesis,ambiguous_needs_review","{""job_id"": ""sem_celonis_global-sales-excellence-leader_london-united-kingdom"", ""title"": ""Global Sales Excellence Leader"", ""url"": null, ""job_url"": ""https://job-boards.greenhouse.io/celonis/jobs/7854283003?gh_jid=7854283003"", ""audience_reject_reasons"": [""not_eu"", ""not_data_ai_field"", ""not_fresher_ws_thesis"", ""ambiguous_needs_review""]}"
2026-09-30T20:31:28.311548+00:00,sem_celonis_gtm-program-manager_london-united-kingdom,GTM Program Manager,Celonis,"London, United Kingdom",direct,other_tech,mid,"not_eu,not_data_ai_field,not_fresher_ws_thesis,ambiguous_needs_review","{""job_id"": ""sem_celonis_gtm-program-manager_london-united-kingdom"", ""title"": ""GTM Program Manager"", ""url"": null, ""job_url"": ""https://job-boards.greenhouse.io/celonis/jobs/7827537003?gh_jid=7827537003"", ""audience_reject_reasons"": [""not_eu"", ""not_data_ai_field"", ""not_fresher_ws_thesis"", ""ambiguous_needs_review""]}"
2026-09-30T20:31:28.311548+00:00,sem_celonis_head-of-industry-retail-cpg_munich-germany,Head of Industry - Retail & CPG,Celonis,"Munich, Germany",direct,other_tech,senior,"not_data_ai_field,not_fresher_ws_thesis,ambiguous_needs_review","{""job_id"": ""sem_celonis_head-of-industry-retail-cpg_munich-germany"", ""title"": ""Head of Industry - Retail & CPG"", ""url"": null, ""job_url"": ""https://job-boards.greenhouse.io/celonis/jobs/6313858003?gh_jid=6313858003"", ""audience_reject_reasons"": [""not_data_ai_field"", ""not_fresher_ws_thesis"", ""ambiguous_needs_review""]}"
2026-09-30T20:31:28.311548+00:00,sem_celonis_head-of-value-engineering-nordics_copenhagen-denmark,Head of Value Engineering - Nordics,Celonis,"Copenhagen, Denmark",direct,other_tech,senior,"not_data_ai_field,not_fresher_ws_thesis,ambiguous_needs_review","{""job_id"": ""sem_celonis_head-of-value-engineering-nordics_copenhagen-denmark"", ""title"": ""Head of Value Engineering - Nordics"", ""url"": null, ""job_url"": ""https://job-boards.greenhouse.io/celonis/jobs/7683735003?gh_jid=7683735003"", ""audience_reject_reasons"": [""not_data_ai_field"", ""not_fresher_ws_thesis"", ""ambiguous_needs_review""]}"
2026-09-30T20:31:28.311548+00:00,sem_celonis_head-of-value-engineering-nordics_stockholm-sweden,Head of Value Engineering - Nordics,Celonis,"Stockholm, Sweden",direct,other_tech,senior,"not_data_ai_field,not_fresher_ws_thesis,ambiguous_needs_review","{""job_id"": ""sem_celonis_head-of-value-engineering-nordics_stockholm-sweden"", ""title"": ""Head of Value Engineering - Nordics"", ""url"": null, ""job_url"": ""https://job-boards.greenhouse.io/celonis/jobs/7683737003?gh_jid=7683737003"", ""audience_reject_reasons"": [""not_data_ai_field"", ""not_fresher_ws_thesis"", ""ambiguous_needs_review""]}"
2026-09-30T20:31:28.311548+00:00,sem_celonis_intern-deal-operations-and-analysis_madrid-spain,Intern Deal Operations and Analysis,Celonis,"Madrid, Spain",direct,other_tech,internship,"not_data_ai_field,ambiguous_needs_review","{""job_id"": ""sem_celonis_intern-deal-operations-and-analysis_madrid-spain"", ""title"": ""Intern Deal Operations and Analysis"", ""url"": null, ""job_url"": ""https://job-boards.greenhouse.io/celonis/jobs/7996939003?gh_jid=7996939003"", ""audience_reject_reasons"": [""not_data_ai_field"", ""ambiguous_needs_review""]}"
2026-09-30T20:31:28.311548+00:00,sem_celonis_intern-external-communications_munich-germany,Intern External Communications,Celonis,"Munich, Germany",direct,other_tech,internship,"not_data_ai_field,ambiguous_needs_review","{""job_id"": ""sem_celonis_intern-external-communications_munich-germany"", ""title"": ""Intern External Communications"", ""url"": null, ""job_url"": ""https://job-boards.greenhouse.io/celonis/jobs/8005202003?gh_jid=8005202003"", ""audience_reject_reasons"": [""not_data_ai_field"", ""ambiguous_needs_review""]}"
2026-09-30T20:31:28.311548+00:00,sem_celonis_manager-pre-sales-and-solution-engineering-nordics_copenhagen-denmark,"Manager, Pre-Sales and Solution Engineering - Nordics",Celonis,"Copenhagen, Denmark",direct,other_tech,mid,"not_data_ai_field,not_fresher_ws_thesis,ambiguous_needs_review","{""job_id"": ""sem_celonis_manager-pre-sales-and-solution-engineering-nordics_copenhagen-denmark"", ""title"": ""Manager, Pre-Sales and Solution Engineering - Nordics"", ""url"": null, ""job_url"": ""https://job-boards.greenhouse.io/celonis/jobs/7683734003?gh_jid=7683734003"", ""audience_reject_reasons"": [""not_data_ai_field"", ""not_fresher_ws_thesis"", ""ambiguous_needs_review""]}"
2026-09-30T20:31:28.311548+00:00,sem_celonis_manager-pre-sales-and-solution-engineering-nordics_stockholm-sweden,"Manager, Pre-Sales and Solution Engineering - Nordics",Celonis,"Stockholm, Sweden",direct,other_tech,mid,"not_data_ai_field,not_fresher_ws_thesis,ambiguous_needs_review","{""job_id"": ""sem_celonis_manager-pre-sales-and-solution-engineering-nordics_stockholm-sweden"", ""title"": ""Manager, Pre-Sales and Solution Engineering - Nordics"", ""url"": null, ""job_url"": ""https://job-boards.greenhouse.io/celonis/jobs/7681577003?gh_jid=7681577003"", ""audience_reject_reasons"": [""not_data_ai_field"", ""not_fresher_ws_thesis"", ""ambiguous_needs_review""]}"
2026-09-30T20:31:28.311548+00:00,sem_celonis_sales-director-italy_milan-italy,Sales Director Italy,Celonis,"Milan, Italy",direct,other_tech,mid,"not_data_ai_field,not_fresher_ws_thesis,ambiguous_needs_review","{""job_id"": ""sem_celonis_sales-director-italy_milan-italy"", ""title"": ""Sales Director Italy"", ""url"": null, ""job_url"": ""https://job-boards.greenhouse.io/celonis/jobs/7986246003?gh_jid=7986246003"", ""audience_reject_reasons"": [""not_data_ai_field"", ""not_fresher_ws_thesis"", ""ambiguous_needs_review""]}"
2026-09-30T20:31:28.311548+00:00,sem_celonis_sales-director-nordics_stockholm-sweden,Sales Director Nordics,Celonis,"Stockholm, Sweden",direct,other_tech,mid,"not_data_ai_field,not_fresher_ws_thesis,ambiguous_needs_review","{""job_id"": ""sem_celonis_sales-director-nordics_stockholm-sweden"", ""title"": ""Sales Director Nordics"", ""url"": null, ""job_url"": ""https://job-boards.greenhouse.io/celonis/jobs/7988718003?gh_jid=7988718003"", ""audience_reject_reasons"": [""not_data_ai_field"", ""not_fresher_ws_thesis"", ""ambiguous_needs_review""]}"
2026-09-30T20:31:28.311548+00:00,sem_celonis_strategic-account-executive-manufacturing_remote,Strategic Account Executive - Manufacturing,celonis,Remote,arbeitnow,other_tech,mid,"not_eu,not_data_ai_field,not_fresher_ws_thesis,ambiguous_needs_review","{""job_id"": ""sem_celonis_strategic-account-executive-manufacturing_remote"", ""title"": ""Strategic Account Executive - Manufacturing"", ""url"": null, ""job_url"": ""https://www.arbeitnow.ch/jobs/companies/celonis/remote-strategic-account-executive-manufacturing-437379"", ""audience_reject_reasons"": [""not_eu"", ""not_data_ai_field"", ""not_fresher_ws_thesis"", ""ambiguous_needs_review""]}"
2026-09-30T20:31:28.311548+00:00,sem_celonis_strategic-account-executive-manufacturing_remote-switzerland,Strategic Account Executive - Manufacturing,Celonis,"Remote, Switzerland",direct,other_tech,mid,"not_eu,not_data_ai_field,not_fresher_ws_thesis,ambiguous_needs_review","{""job_id"": ""sem_celonis_strategic-account-executive-manufacturing_remote-switzerland"", ""title"": ""Strategic Account Executive - Manufacturing"", ""url"": null, ""job_url"": ""https://job-boards.greenhouse.io/celonis/jobs/8002500003?gh_jid=8002500003"", ""audience_reject_reasons"": [""not_eu"", ""not_data_ai_field"", ""not_fresher_ws_thesis"", ""ambiguous_needs_review""]}"
2026-09-30T20:31:28.311548+00:00,sem_celonis_strategic-account-executive-manufacturing_z-rich,Strategic Account Executive - Manufacturing,celonis,Zürich,arbeitnow,other_tech,mid,"not_eu,not_data_ai_field,not_fresher_ws_thesis,ambiguous_needs_review","{""job_id"": ""sem_celonis_strategic-account-executive-manufacturing_z-rich"", ""title"": ""Strategic Account Executive - Manufacturing"", ""url"": null, ""job_url"": ""https://www.arbeitnow.ch/jobs/companies/celonis/strategic-account-executive-manufacturing-zurich-89004"", ""audience_reject_reasons"": [""not_eu"", ""not_data_ai_field"", ""not_fresher_ws_thesis"", ""ambiguous_needs_review""]}"
2026-09-30T20:31:28.311548+00:00,sem_celonis_strategic-account-executive-manufacturing_z-rich-switzerland,Strategic Account Executive - Manufacturing,Celonis,"Zürich, Switzerland",direct,other_tech,mid,"not_eu,not_data_ai_field,not_fresher_ws_thesis,ambiguous_needs_review","{""job_id"": ""sem_celonis_strategic-account-executive-manufacturing_z-rich-switzerland"", ""title"": ""Strategic Account Executive - Manufacturing"", ""url"": null, ""job_url"": ""https://job-boards.greenhouse.io/celonis/jobs/7988891003?gh_jid=7988891003"", ""audience_reject_reasons"": [""not_eu"", ""not_data_ai_field"", ""not_fresher_ws_thesis"", ""ambiguous_needs_review""]}"
2026-09-30T20:31:28.311548+00:00,sem_celonis_working-student-external-communications_munich-germany,Working Student External Communications,Celonis,"Munich, Germany",direct,other_tech,working_student,"not_data_ai_field,ambiguous_needs_review","{""job_id"": ""sem_celonis_working-student-external-communications_munich-germany"", ""title"": ""Working Student External Communications"", ""url"": null, ""job_url"": ""https://job-boards.greenhouse.io/celonis/jobs/8005144003?gh_jid=8005144003"", ""audience_reject_reasons"": [""not_data_ai_field"", ""ambiguous_needs_review""]}"
2026-09-30T20:31:28.311548+00:00,sem_consult-pepper_abacus-support-specialist_ch-ch040,Abacus-Support Specialist,Consult & Pepper AG,CH (CH040),eures,other_tech,mid,"not_eu,not_data_ai_field,not_fresher_ws_thesis,ambiguous_needs_review","{""job_id"": ""sem_consult-pepper_abacus-support-specialist_ch-ch040"", ""title"": ""Abacus-Support Specialist"", ""url"": null, ""job_url"": ""https://europa.eu/eures/portal/jv-se/jv-details/NmM2NGE5ZTktNjhhNS00ZDg3LTgwOTUtNDVmMzliMjVlMWRiIDYx?jvDisplayLanguage=en&lang=en"", ""audience_reject_reasons"": [""not_eu"", ""not_data_ai_field"", ""not_fresher_ws_thesis"", ""ambiguous_needs_review""]}"
2026-09-30T20:31:28.311548+00:00,sem_consult-pepper_erp-consultant_ch-ch061,ERP-Consultant,Consult & Pepper AG,CH (CH061),eures,other_tech,mid,"not_eu,not_data_ai_field,not_fresher_ws_thesis,ambiguous_needs_review","{""job_id"": ""sem_consult-pepper_erp-consultant_ch-ch061"", ""title"": ""ERP-Consultant"", ""url"": null, ""job_url"": ""https://europa.eu/eures/portal/jv-se/jv-details/ZjdjY2M3ZmQtMTMxZC00YzlhLTkxZmEtYTVmYTE2ZTMzZGZiIDYx?jvDisplayLanguage=en&lang=en"", ""audience_reject_reasons"": [""not_eu"", ""not_data_ai_field"", ""not_fresher_ws_thesis"", ""ambiguous_needs_review""]}"
2026-09-30T20:31:28.311548+00:00,sem_consult-pepper_junior-wirtschaftsinformatiker-in_ch-ch055,Junior Wirtschaftsinformatiker :in,Consult & Pepper AG,CH (CH055),eures,other_tech,junior,"not_eu,not_data_ai_field,ambiguous_needs_review","{""job_id"": ""sem_consult-pepper_junior-wirtschaftsinformatiker-in_ch-ch055"", ""title"": ""Junior Wirtschaftsinformatiker :in"", ""url"": null, ""job_url"": ""https://europa.eu/eures/portal/jv-se/jv-details/ZDFiNjI0MWYtNTgxOS00ZGFiLTg5YTItNDEyNDg0Njc5NGM3IDYx?jvDisplayLanguage=en&lang=en"", ""audience_reject_reasons"": [""not_eu"", ""not_data_ai_field"", ""ambiguous_needs_review""]}"
2026-09-30T20:31:28.311548+00:00,sem_coopers-group-hauptsitz_ingenieur-f-r-inbetriebnahme-und-qualifizierung_ch-ch032,Ingenieur für Inbetriebnahme und Qualifizierung,"Coopers Group AG, Hauptsitz",CH (CH032),eures,other_tech,mid,"not_eu,not_data_ai_field,not_fresher_ws_thesis,ambiguous_needs_review","{""job_id"": ""sem_coopers-group-hauptsitz_ingenieur-f-r-inbetriebnahme-und-qualifizierung_ch-ch032"", ""title"": ""Ingenieur f\u00fcr Inbetriebnahme und Qualifizierung"", ""url"": null, ""job_url"": ""https://europa.eu/eures/portal/jv-se/jv-details/ODc1ODk5ZjktYTRlOS00ODRmLTk1MWYtZTYzNzdlMzJhZTdkIDYx?jvDisplayLanguage=en&lang=en"", ""audience_reject_reasons"": [""not_eu"", ""not_data_ai_field"", ""not_fresher_ws_thesis"", ""ambiguous_needs_review""]}"
2026-09-30T20:31:28.311548+00:00,sem_deconinck-ingy_logopedist-e_be-be212,Logopedist(e),"Deconinck, Ingy",BE (BE212),eures,other_tech,mid,"not_data_ai_field,not_fresher_ws_thesis,ambiguous_needs_review","{""job_id"": ""sem_deconinck-ingy_logopedist-e_be-be212"", ""title"": ""Logopedist(e)"", ""url"": null, ""job_url"": ""https://europa.eu/eures/portal/jv-se/jv-details/ZDg5MmM3M2QtYjhhZC00MDg1LWFhMTAtNWZmNmU3M2U4NmNlIDM?jvDisplayLanguage=nl&lang=nl"", ""audience_reject_reasons"": [""not_data_ai_field"", ""not_fresher_ws_thesis"", ""ambiguous_needs_review""]}"
2026-09-30T20:31:28.311548+00:00,sem_deskbird_working-student-marketing-all-genders_hybrid-berlin-germany,Working Student Marketing (all genders),Deskbird,"Hybrid - Berlin, Germany",arbeitnow,other_tech,working_student,"not_data_ai_field,ambiguous_needs_review","{""job_id"": ""sem_deskbird_working-student-marketing-all-genders_hybrid-berlin-germany"", ""title"": ""Working Student Marketing (all genders)"", ""url"": null, ""job_url"": ""https://www.arbeitnow.com/jobs/companies/deskbird/working-student-marketing-all-genders-hybrid-berlin-germany-308768"", ""audience_reject_reasons"": [""not_data_ai_field"", ""ambiguous_needs_review""]}"
2026-09-30T20:31:28.311548+00:00,sem_destinusgroup_engineering-intern-traineeship_z-rich-switzerland,Engineering Intern / Traineeship,Destinusgroup,"Zürich, Switzerland",arbeitnow,other_tech,internship,"not_eu,not_data_ai_field,ambiguous_needs_review","{""job_id"": ""sem_destinusgroup_engineering-intern-traineeship_z-rich-switzerland"", ""title"": ""Engineering Intern / Traineeship"", ""url"": null, ""job_url"": ""https://www.arbeitnow.ch/jobs/companies/destinusgroup/engineering-intern-traineeship-zurich-149056"", ""audience_reject_reasons"": [""not_eu"", ""not_data_ai_field"", ""ambiguous_needs_review""]}"
2026-09-30T20:31:28.311548+00:00,sem_digital-trendteam_praktikum-hr-management-employer-branding-in-jungem-start-up_mainz,Praktikum HR-Management & Employer Branding (m/w/d) in jungem Start-Up,Digital Trendteam,Mainz,arbeitnow,other_tech,internship,"not_data_ai_field,ambiguous_needs_review","{""job_id"": ""sem_digital-trendteam_praktikum-hr-management-employer-branding-in-jungem-start-up_mainz"", ""title"": ""Praktikum HR-Management & Employer Branding (m/w/d) in jungem Start-Up"", ""url"": null, ""job_url"": ""https://www.arbeitnow.com/jobs/companies/digital-trendteam/praktikum-hr-management-employer-branding-in-jungem-start-up-mainz-68766"", ""audience_reject_reasons"": [""not_data_ai_field"", ""ambiguous_needs_review""]}"
2026-09-30T20:31:28.311548+00:00,sem_diligentcorporation_enterprise-account-manager_z-rich-z-rich,Enterprise Account Manager,diligentcorporation,"Zürich, Zürich",arbeitnow,other_tech,mid,"not_eu,not_data_ai_field,not_fresher_ws_thesis,ambiguous_needs_review","{""job_id"": ""sem_diligentcorporation_enterprise-account-manager_z-rich-z-rich"", ""title"": ""Enterprise Account Manager"", ""url"": null, ""job_url"": ""https://www.arbeitnow.ch/jobs/companies/diligentcorporation/enterprise-account-manager-zurich-zurich-153388"", ""audience_reject_reasons"": [""not_eu"", ""not_data_ai_field"", ""not_fresher_ws_thesis"", ""ambiguous_needs_review""]}"
2026-09-30T20:31:28.311548+00:00,sem_doctolib_intern-talent-acquisition-coordinator-x-f-m_berlin-berlin,Intern Talent Acquisition Coordinator (x/f/m),Doctolib,"Berlin, Berlin",arbeitnow,other_tech,internship,"not_data_ai_field,ambiguous_needs_review","{""job_id"": ""sem_doctolib_intern-talent-acquisition-coordinator-x-f-m_berlin-berlin"", ""title"": ""Intern Talent Acquisition Coordinator (x/f/m)"", ""url"": null, ""job_url"": ""https://www.arbeitnow.com/jobs/companies/doctolib/intern-talent-acquisition-coordinator-berlin-berlin-306241"", ""audience_reject_reasons"": [""not_data_ai_field"", ""ambiguous_needs_review""]}"
2026-09-30T20:31:28.311548+00:00,sem_docuware_strategic-account-executive_germering-germany,Strategic Account Executive (m/f/d),DocuWare,Germering / Germany,arbeitnow,other_tech,mid,"not_data_ai_field,not_fresher_ws_thesis,ambiguous_needs_review","{""job_id"": ""sem_docuware_strategic-account-executive_germering-germany"", ""title"": ""Strategic Account Executive (m/f/d)"", ""url"": null, ""job_url"": ""https://www.arbeitnow.com/jobs/companies/docuware/strategic-account-executive-germering-germany-451904"", ""audience_reject_reasons"": [""not_data_ai_field"", ""not_fresher_ws_thesis"", ""ambiguous_needs_review""]}"
2026-09-30T20:31:28.311548+00:00,sem_docuware_training-specialist_germering-germany,Training Specialist (m/f/d),DocuWare,Germering / Germany,arbeitnow,other_tech,mid,"not_data_ai_field,not_fresher_ws_thesis,ambiguous_needs_review","{""job_id"": ""sem_docuware_training-specialist_germering-germany"", ""title"": ""Training Specialist (m/f/d)"", ""url"": null, ""job_url"": ""https://www.arbeitnow.com/jobs/companies/docuware/training-specialist-germering-germany-138462"", ""audience_reject_reasons"": [""not_data_ai_field"", ""not_fresher_ws_thesis"", ""ambiguous_needs_review""]}"
2026-09-30T20:31:28.311548+00:00,sem_edtelligent_manager-finance-operations_munich,Manager Finance & Operations (m/w/d),EDTELLIGENT,Munich,arbeitnow,other_tech,mid,"not_data_ai_field,not_fresher_ws_thesis,ambiguous_needs_review","{""job_id"": ""sem_edtelligent_manager-finance-operations_munich"", ""title"": ""Manager Finance & Operations (m/w/d)"", ""url"": null, ""job_url"": ""https://www.arbeitnow.com/jobs/companies/edtelligent/manager-finance-operations-munich-155617"", ""audience_reject_reasons"": [""not_data_ai_field"", ""not_fresher_ws_thesis"", ""ambiguous_needs_review""]}"
2026-09-30T20:31:28.311548+00:00,sem_ember_graduate-internship-operations-team_edinburgh-scotland-united-kingdom,"Graduate Internship, Operations Team",Ember,"Edinburgh, Scotland, United Kingdom",arbeitnow,software_engineering,internship,"not_eu,not_data_ai_field,ambiguous_needs_review","{""job_id"": ""sem_ember_graduate-internship-operations-team_edinburgh-scotland-united-kingdom"", ""title"": ""Graduate Internship, Operations Team"", ""url"": null, ""job_url"": ""https://www.arbeitnow.co.uk/jobs/companies/ember/graduate-internship-operations-team-edinburgh-357625"", ""audience_reject_reasons"": [""not_eu"", ""not_data_ai_field"", ""ambiguous_needs_review""]}"
2026-09-30T20:31:28.311548+00:00,sem_enginity_procesingenieur_be-be242,Procesingenieur,Enginity,BE (BE242),eures,product_management,mid,"not_data_ai_field,not_fresher_ws_thesis,ambiguous_needs_review","{""job_id"": ""sem_enginity_procesingenieur_be-be242"", ""title"": ""Procesingenieur"", ""url"": null, ""job_url"": ""https://europa.eu/eures/portal/jv-se/jv-details/NzE2YjUxM2EtZGE1Mi00YjdmLTk3YmYtNzFiYTk0NjE4ZDdlIDM?jvDisplayLanguage=nl&lang=nl"", ""audience_reject_reasons"": [""not_data_ai_field"", ""not_fresher_ws_thesis"", ""ambiguous_needs_review""]}"
2026-09-30T20:31:28.311548+00:00,sem_fireblocks_director-of-operations-payments-emea_z-rich,"Director of Operations, Payments EMEA",Fireblocks,Zürich,arbeitnow,other_tech,mid,"not_eu,not_data_ai_field,not_fresher_ws_thesis,ambiguous_needs_review","{""job_id"": ""sem_fireblocks_director-of-operations-payments-emea_z-rich"", ""title"": ""Director of Operations, Payments EMEA"", ""url"": null, ""job_url"": ""https://www.arbeitnow.ch/jobs/companies/fireblocks/director-of-operations-payments-emea-zurich-216973"", ""audience_reject_reasons"": [""not_eu"", ""not_data_ai_field"", ""not_fresher_ws_thesis"", ""ambiguous_needs_review""]}"
2026-09-30T20:31:28.311548+00:00,sem_forum-jobs-forum-jobs-ieper_project-manager_be-be253,project manager,Forum Jobs Forum Jobs Ieper,BE (BE253),eures,non_tech,mid,"not_data_ai_field,not_fresher_ws_thesis,ambiguous_needs_review","{""job_id"": ""sem_forum-jobs-forum-jobs-ieper_project-manager_be-be253"", ""title"": ""project manager"", ""url"": null, ""job_url"": ""https://europa.eu/eures/portal/jv-se/jv-details/ZWExNmQ0MmItZjIwNC00MzllLTgyNDEtMTY0Njc5YzQyZjlhIDM?jvDisplayLanguage=nl&lang=nl"", ""audience_reject_reasons"": [""not_data_ai_field"", ""not_fresher_ws_thesis"", ""ambiguous_needs_review""]}"
2026-09-30T20:31:28.311548+00:00,sem_getyourguide_account-executive-greece-greek-speaking_berlin,Account Executive Greece (Greek Speaking),GetYourGuide,Berlin,direct,other_tech,mid,"not_data_ai_field,not_fresher_ws_thesis,ambiguous_needs_review","{""job_id"": ""sem_getyourguide_account-executive-greece-greek-speaking_berlin"", ""title"": ""Account Executive Greece (Greek Speaking)"", ""url"": null, ""job_url"": ""https://job-boards.greenhouse.io/getyourguide/jobs/8173479"", ""audience_reject_reasons"": [""not_data_ai_field"", ""not_fresher_ws_thesis"", ""ambiguous_needs_review""]}"
2026-09-30T20:31:28.311548+00:00,sem_getyourguide_account-executive-uk_london,Account Executive - UK,GetYourGuide,London,direct,other_tech,mid,"not_eu,not_data_ai_field,not_fresher_ws_thesis,ambiguous_needs_review","{""job_id"": ""sem_getyourguide_account-executive-uk_london"", ""title"": ""Account Executive - UK"", ""url"": null, ""job_url"": ""https://job-boards.greenhouse.io/getyourguide/jobs/8066976"", ""audience_reject_reasons"": [""not_eu"", ""not_data_ai_field"", ""not_fresher_ws_thesis"", ""ambiguous_needs_review""]}"
2026-09-30T20:31:28.311548+00:00,sem_getyourguide_director-of-lifecycle-crm-growth-marketing_berlin,Director of Lifecycle & CRM (Growth Marketing),GetYourGuide,Berlin,direct,other_tech,mid,"not_data_ai_field,not_fresher_ws_thesis,ambiguous_needs_review","{""job_id"": ""sem_getyourguide_director-of-lifecycle-crm-growth-marketing_berlin"", ""title"": ""Director of Lifecycle & CRM (Growth Marketing)"", ""url"": null, ""job_url"": ""https://job-boards.greenhouse.io/getyourguide/jobs/7748635"", ""audience_reject_reasons"": [""not_data_ai_field"", ""not_fresher_ws_thesis"", ""ambiguous_needs_review""]}"
2026-09-30T20:31:28.311548+00:00,sem_getyourguide_director-of-sales-and-account-management-emea_berlin,"Director of Sales and Account Management, EMEA",GetYourGuide,Berlin,direct,other_tech,mid,"not_data_ai_field,not_fresher_ws_thesis,ambiguous_needs_review","{""job_id"": ""sem_getyourguide_director-of-sales-and-account-management-emea_berlin"", ""title"": ""Director of Sales and Account Management, EMEA"", ""url"": null, ""job_url"": ""https://job-boards.greenhouse.io/getyourguide/jobs/8173475"", ""audience_reject_reasons"": [""not_data_ai_field"", ""not_fresher_ws_thesis"", ""ambiguous_needs_review""]}"
2026-09-30T20:31:28.311548+00:00,sem_getyourguide_director-strategic-partnerships_berlin,"Director, Strategic Partnerships",GetYourGuide,Berlin,direct,other_tech,mid,"not_data_ai_field,not_fresher_ws_thesis,ambiguous_needs_review","{""job_id"": ""sem_getyourguide_director-strategic-partnerships_berlin"", ""title"": ""Director, Strategic Partnerships"", ""url"": null, ""job_url"": ""https://job-boards.greenhouse.io/getyourguide/jobs/8237539"", ""audience_reject_reasons"": [""not_data_ai_field"", ""not_fresher_ws_thesis"", ""ambiguous_needs_review""]}"
2026-09-30T20:31:28.311548+00:00,sem_getyourguide_engineering-manager-reviews_berlin,"Engineering Manager, Reviews",GetYourGuide,Berlin,direct,product_management,mid,"not_data_ai_field,not_fresher_ws_thesis,ambiguous_needs_review","{""job_id"": ""sem_getyourguide_engineering-manager-reviews_berlin"", ""title"": ""Engineering Manager, Reviews"", ""url"": null, ""job_url"": ""https://job-boards.greenhouse.io/getyourguide/jobs/8125740"", ""audience_reject_reasons"": [""not_data_ai_field"", ""not_fresher_ws_thesis"", ""ambiguous_needs_review""]}"
2026-09-30T20:31:28.311548+00:00,sem_getyourguide_general-ledger-accountant_berlin,General Ledger Accountant,GetYourGuide,Berlin,direct,other_tech,mid,"not_data_ai_field,not_fresher_ws_thesis,ambiguous_needs_review","{""job_id"": ""sem_getyourguide_general-ledger-accountant_berlin"", ""title"": ""General Ledger Accountant"", ""url"": null, ""job_url"": ""https://job-boards.greenhouse.io/getyourguide/jobs/8152691"", ""audience_reject_reasons"": [""not_data_ai_field"", ""not_fresher_ws_thesis"", ""ambiguous_needs_review""]}"
2026-09-30T20:31:28.311548+00:00,sem_getyourguide_head-of-strategic-programs_berlin,Head of Strategic Programs,GetYourGuide,Berlin,direct,other_tech,senior,"not_data_ai_field,not_fresher_ws_thesis,ambiguous_needs_review","{""job_id"": ""sem_getyourguide_head-of-strategic-programs_berlin"", ""title"": ""Head of Strategic Programs"", ""url"": null, ""job_url"": ""https://job-boards.greenhouse.io/getyourguide/jobs/8025801"", ""audience_reject_reasons"": [""not_data_ai_field"", ""not_fresher_ws_thesis"", ""ambiguous_needs_review""]}"
2026-09-30T20:31:28.311548+00:00,sem_getyourguide_head-of-supplier-enablement_berlin,Head of Supplier Enablement,GetYourGuide,Berlin,direct,other_tech,senior,"not_data_ai_field,not_fresher_ws_thesis,ambiguous_needs_review","{""job_id"": ""sem_getyourguide_head-of-supplier-enablement_berlin"", ""title"": ""Head of Supplier Enablement"", ""url"": null, ""job_url"": ""https://job-boards.greenhouse.io/getyourguide/jobs/7938858"", ""audience_reject_reasons"": [""not_data_ai_field"", ""not_fresher_ws_thesis"", ""ambiguous_needs_review""]}"
2026-09-30T20:31:28.311548+00:00,sem_getyourguide_knowledge-process-manager_berlin,Knowledge & Process Manager,GetYourGuide,Berlin,direct,qa_testing,mid,"not_data_ai_field,not_fresher_ws_thesis,ambiguous_needs_review","{""job_id"": ""sem_getyourguide_knowledge-process-manager_berlin"", ""title"": ""Knowledge & Process Manager"", ""url"": null, ""job_url"": ""https://job-boards.greenhouse.io/getyourguide/jobs/7938853"", ""audience_reject_reasons"": [""not_data_ai_field"", ""not_fresher_ws_thesis"", ""ambiguous_needs_review""]}"
2026-09-30T20:31:28.311548+00:00,sem_getyourguide_learning-excellence-manager_berlin,Learning Excellence Manager,GetYourGuide,Berlin,direct,qa_testing,mid,"not_data_ai_field,not_fresher_ws_thesis,ambiguous_needs_review","{""job_id"": ""sem_getyourguide_learning-excellence-manager_berlin"", ""title"": ""Learning Excellence Manager"", ""url"": null, ""job_url"": ""https://job-boards.greenhouse.io/getyourguide/jobs/8091938"", ""audience_reject_reasons"": [""not_data_ai_field"", ""not_fresher_ws_thesis"", ""ambiguous_needs_review""]}"
2026-09-30T20:31:28.311548+00:00,sem_getyourguide_senior-account-executive-lead-2-year-contract_paris,Senior Account Executive Lead (2-year contract),GetYourGuide,Paris,direct,other_tech,senior,"not_data_ai_field,not_fresher_ws_thesis,ambiguous_needs_review","{""job_id"": ""sem_getyourguide_senior-account-executive-lead-2-year-contract_paris"", ""title"": ""Senior Account Executive Lead (2-year contract)"", ""url"": null, ""job_url"": ""https://job-boards.greenhouse.io/getyourguide/jobs/8210385"", ""audience_reject_reasons"": [""not_data_ai_field"", ""not_fresher_ws_thesis"", ""ambiguous_needs_review""]}"
2026-09-30T20:31:28.311548+00:00,sem_getyourguide_senior-account-executive-lead_amsterdam,Senior Account Executive Lead,GetYourGuide,Amsterdam,direct,other_tech,senior,"not_data_ai_field,not_fresher_ws_thesis,ambiguous_needs_review","{""job_id"": ""sem_getyourguide_senior-account-executive-lead_amsterdam"", ""title"": ""Senior Account Executive Lead"", ""url"": null, ""job_url"": ""https://job-boards.greenhouse.io/getyourguide/jobs/8066981"", ""audience_reject_reasons"": [""not_data_ai_field"", ""not_fresher_ws_thesis"", ""ambiguous_needs_review""]}"
2026-09-30T20:31:28.311548+00:00,sem_getyourguide_senior-brand-designer-b2b_berlin,Senior Brand Designer B2B,GetYourGuide,Berlin,direct,other_tech,senior,"not_data_ai_field,not_fresher_ws_thesis,ambiguous_needs_review","{""job_id"": ""sem_getyourguide_senior-brand-designer-b2b_berlin"", ""title"": ""Senior Brand Designer B2B"", ""url"": null, ""job_url"": ""https://job-boards.greenhouse.io/getyourguide/jobs/8158781"", ""audience_reject_reasons"": [""not_data_ai_field"", ""not_fresher_ws_thesis"", ""ambiguous_needs_review""]}"
2026-09-30T20:31:28.311548+00:00,sem_getyourguide_senior-communications-manager_berlin,Senior Communications Manager,GetYourGuide,Berlin,direct,other_tech,senior,"not_data_ai_field,not_fresher_ws_thesis,ambiguous_needs_review","{""job_id"": ""sem_getyourguide_senior-communications-manager_berlin"", ""title"": ""Senior Communications Manager"", ""url"": null, ""job_url"": ""https://job-boards.greenhouse.io/getyourguide/jobs/8139060"", ""audience_reject_reasons"": [""not_data_ai_field"", ""not_fresher_ws_thesis"", ""ambiguous_needs_review""]}"
2026-09-30T20:31:28.311548+00:00,sem_getyourguide_senior-localization-specialist_berlin,Senior Localization Specialist,GetYourGuide,Berlin,direct,other_tech,senior,"not_data_ai_field,not_fresher_ws_thesis,ambiguous_needs_review","{""job_id"": ""sem_getyourguide_senior-localization-specialist_berlin"", ""title"": ""Senior Localization Specialist"", ""url"": null, ""job_url"": ""https://job-boards.greenhouse.io/getyourguide/jobs/7571066"", ""audience_reject_reasons"": [""not_data_ai_field"", ""not_fresher_ws_thesis"", ""ambiguous_needs_review""]}"
2026-09-30T20:31:28.311548+00:00,sem_getyourguide_senior-product-designer-b2c_berlin,Senior Product Designer (B2C),GetYourGuide,Berlin,direct,other_tech,senior,"not_data_ai_field,not_fresher_ws_thesis,ambiguous_needs_review","{""job_id"": ""sem_getyourguide_senior-product-designer-b2c_berlin"", ""title"": ""Senior Product Designer (B2C)"", ""url"": null, ""job_url"": ""https://job-boards.greenhouse.io/getyourguide/jobs/7559680"", ""audience_reject_reasons"": [""not_data_ai_field"", ""not_fresher_ws_thesis"", ""ambiguous_needs_review""]}"
2026-09-30T20:31:28.311548+00:00,sem_getyourguide_senior-strategy-manager_berlin,Senior Strategy Manager,GetYourGuide,Berlin,direct,other_tech,senior,"not_data_ai_field,not_fresher_ws_thesis,ambiguous_needs_review","{""job_id"": ""sem_getyourguide_senior-strategy-manager_berlin"", ""title"": ""Senior Strategy Manager"", ""url"": null, ""job_url"": ""https://job-boards.greenhouse.io/getyourguide/jobs/8066983"", ""audience_reject_reasons"": [""not_data_ai_field"", ""not_fresher_ws_thesis"", ""ambiguous_needs_review""]}"
2026-09-30T20:31:28.311548+00:00,sem_getyourguide_senior-technical-recruiter_berlin,Senior Technical Recruiter,GetYourGuide,Berlin,direct,other_tech,senior,"not_data_ai_field,not_fresher_ws_thesis,ambiguous_needs_review","{""job_id"": ""sem_getyourguide_senior-technical-recruiter_berlin"", ""title"": ""Senior Technical Recruiter"", ""url"": null, ""job_url"": ""https://job-boards.greenhouse.io/getyourguide/jobs/8184881"", ""audience_reject_reasons"": [""not_data_ai_field"", ""not_fresher_ws_thesis"", ""ambiguous_needs_review""]}"
2026-09-30T20:31:28.311548+00:00,sem_getyourguide_technical-recruiter-12-month-maternity-cover_berlin,Technical Recruiter (12 Month Maternity Cover),GetYourGuide,Berlin,direct,other_tech,mid,"not_data_ai_field,not_fresher_ws_thesis,ambiguous_needs_review","{""job_id"": ""sem_getyourguide_technical-recruiter-12-month-maternity-cover_berlin"", ""title"": ""Technical Recruiter (12 Month Maternity Cover)"", ""url"": null, ""job_url"": ""https://job-boards.greenhouse.io/getyourguide/jobs/8088223"", ""audience_reject_reasons"": [""not_data_ai_field"", ""not_fresher_ws_thesis"", ""ambiguous_needs_review""]}"
2026-09-30T20:31:28.311548+00:00,sem_getyourguide_ux-research-programs-operations-zurich_zurich,UX Research Programs & Operations (Zurich),GetYourGuide,Zurich,direct,other_tech,mid,"not_eu,not_data_ai_field,not_fresher_ws_thesis,ambiguous_needs_review","{""job_id"": ""sem_getyourguide_ux-research-programs-operations-zurich_zurich"", ""title"": ""UX Research Programs & Operations (Zurich)"", ""url"": null, ""job_url"": ""https://job-boards.greenhouse.io/getyourguide/jobs/8129943"", ""audience_reject_reasons"": [""not_eu"", ""not_data_ai_field"", ""not_fresher_ws_thesis"", ""ambiguous_needs_review""]}"
2026-09-30T20:31:28.311548+00:00,sem_gloor-pr-zisionswerkzeuge_fachspezialist-avor-pps-100_ch-ch023,Fachspezialist AVOR/PPS 100%,Gloor Präzisionswerkzeuge AG,CH (CH023),eures,other_tech,mid,"not_eu,not_data_ai_field,not_fresher_ws_thesis,ambiguous_needs_review","{""job_id"": ""sem_gloor-pr-zisionswerkzeuge_fachspezialist-avor-pps-100_ch-ch023"", ""title"": ""Fachspezialist AVOR/PPS 100%"", ""url"": null, ""job_url"": ""https://europa.eu/eures/portal/jv-se/jv-details/OWI5OTUxZGQtMDlkYy00MDU1LTk0NGMtYzFmNTllMmQwYzc5IDYx?jvDisplayLanguage=en&lang=en"", ""audience_reject_reasons"": [""not_eu"", ""not_data_ai_field"", ""not_fresher_ws_thesis"", ""ambiguous_needs_review""]}"
2026-09-30T20:31:28.311548+00:00,sem_grafanalabs_commercial-account-executive-acquisition-switzerland-remote_,"Commercial Account Executive, Acquisition | Switzerland | Remote",grafanalabs,,arbeitnow,other_tech,mid,"not_eu,not_data_ai_field,not_fresher_ws_thesis,ambiguous_needs_review","{""job_id"": ""sem_grafanalabs_commercial-account-executive-acquisition-switzerland-remote_"", ""title"": ""Commercial Account Executive, Acquisition | Switzerland | Remote"", ""url"": null, ""job_url"": ""https://www.arbeitnow.ch/jobs/companies/grafanalabs/commercial-account-executive-acquisition-switzerland-remote-273226"", ""audience_reject_reasons"": [""not_eu"", ""not_data_ai_field"", ""not_fresher_ws_thesis"", ""ambiguous_needs_review""]}"
2026-09-30T20:31:28.311548+00:00,sem_grafanalabs_enterprise-account-executive-acquisition-switzerland-remote_,"Enterprise Account Executive, Acquisition | Switzerland | Remote",grafanalabs,,arbeitnow,other_tech,mid,"not_eu,not_data_ai_field,not_fresher_ws_thesis,ambiguous_needs_review","{""job_id"": ""sem_grafanalabs_enterprise-account-executive-acquisition-switzerland-remote_"", ""title"": ""Enterprise Account Executive, Acquisition | Switzerland | Remote"", ""url"": null, ""job_url"": ""https://www.arbeitnow.ch/jobs/companies/grafanalabs/enterprise-account-executive-acquisition-switzerland-remote-400823"", ""audience_reject_reasons"": [""not_eu"", ""not_data_ai_field"", ""not_fresher_ws_thesis"", ""ambiguous_needs_review""]}"
2026-09-30T20:31:28.311548+00:00,sem_hellofresh_asset-protection-manager_barleben-saxony-anhalt-germany,Asset Protection Manager,HelloFresh,"Barleben, Saxony-Anhalt, Germany",direct,other_tech,mid,"not_data_ai_field,not_fresher_ws_thesis,ambiguous_needs_review","{""job_id"": ""sem_hellofresh_asset-protection-manager_barleben-saxony-anhalt-germany"", ""title"": ""Asset Protection Manager"", ""url"": null, ""job_url"": ""https://careers.hellofresh.com/global/en/job/8146886?gh_jid=8146886"", ""audience_reject_reasons"": [""not_data_ai_field"", ""not_fresher_ws_thesis"", ""ambiguous_needs_review""]}"
2026-09-30T20:31:28.311548+00:00,sem_hellofresh_asset-protection-manager_derby-england-united-kingdom,Asset Protection Manager,HelloFresh,"Derby, England, United Kingdom",direct,other_tech,mid,"not_eu,not_data_ai_field,not_fresher_ws_thesis,ambiguous_needs_review","{""job_id"": ""sem_hellofresh_asset-protection-manager_derby-england-united-kingdom"", ""title"": ""Asset Protection Manager"", ""url"": null, ""job_url"": ""https://careers.hellofresh.com/global/en/job/8138742?gh_jid=8138742"", ""audience_reject_reasons"": [""not_eu"", ""not_data_ai_field"", ""not_fresher_ws_thesis"", ""ambiguous_needs_review""]}"
2026-09-30T20:31:28.311548+00:00,sem_hellofresh_category-management-graduate_dublin-dublin-ireland,Category Management Graduate,HelloFresh,"Dublin, Dublin, Ireland",direct,other_tech,mid,"not_data_ai_field,not_fresher_ws_thesis,ambiguous_needs_review","{""job_id"": ""sem_hellofresh_category-management-graduate_dublin-dublin-ireland"", ""title"": ""Category Management Graduate"", ""url"": null, ""job_url"": ""https://careers.hellofresh.com/global/en/job/8236666?gh_jid=8236666"", ""audience_reject_reasons"": [""not_data_ai_field"", ""not_fresher_ws_thesis"", ""ambiguous_needs_review""]}"
2026-09-30T20:31:28.311548+00:00,sem_hellofresh_category-management-graduate_london-england-united-kingdom,Category Management Graduate,HelloFresh,"London, England, United Kingdom",direct,other_tech,mid,"not_eu,not_data_ai_field,not_fresher_ws_thesis,ambiguous_needs_review","{""job_id"": ""sem_hellofresh_category-management-graduate_london-england-united-kingdom"", ""title"": ""Category Management Graduate"", ""url"": null, ""job_url"": ""https://careers.hellofresh.com/global/en/job/8234103?gh_jid=8234103"", ""audience_reject_reasons"": [""not_eu"", ""not_data_ai_field"", ""not_fresher_ws_thesis"", ""ambiguous_needs_review""]}"
2026-09-30T20:31:28.311548+00:00,sem_hellofresh_chief-marketing-officer-dach_germany,Chief Marketing Officer - DACH,HelloFresh,Germany,direct,other_tech,senior,"not_data_ai_field,not_fresher_ws_thesis,ambiguous_needs_review","{""job_id"": ""sem_hellofresh_chief-marketing-officer-dach_germany"", ""title"": ""Chief Marketing Officer - DACH"", ""url"": null, ""job_url"": ""https://careers.hellofresh.com/global/en/job/8156007?gh_jid=8156007"", ""audience_reject_reasons"": [""not_data_ai_field"", ""not_fresher_ws_thesis"", ""ambiguous_needs_review""]}"
2026-09-30T20:31:28.311548+00:00,sem_hellofresh_director-ux-design_berlin-berlin-germany,Director UX Design,HelloFresh,"Berlin, Berlin, Germany",direct,other_tech,mid,"not_data_ai_field,not_fresher_ws_thesis,ambiguous_needs_review","{""job_id"": ""sem_hellofresh_director-ux-design_berlin-berlin-germany"", ""title"": ""Director UX Design"", ""url"": null, ""job_url"": ""https://careers.hellofresh.com/global/en/job/8030038?gh_jid=8030038"", ""audience_reject_reasons"": [""not_data_ai_field"", ""not_fresher_ws_thesis"", ""ambiguous_needs_review""]}"
2026-09-30T20:31:28.311548+00:00,sem_hellofresh_flow-controller_derby-england-united-kingdom,Flow Controller,HelloFresh,"Derby, England, United Kingdom",direct,other_tech,mid,"not_eu,not_data_ai_field,not_fresher_ws_thesis,ambiguous_needs_review","{""job_id"": ""sem_hellofresh_flow-controller_derby-england-united-kingdom"", ""title"": ""Flow Controller"", ""url"": null, ""job_url"": ""https://careers.hellofresh.com/global/en/job/8108515?gh_jid=8108515"", ""audience_reject_reasons"": [""not_eu"", ""not_data_ai_field"", ""not_fresher_ws_thesis"", ""ambiguous_needs_review""]}"
2026-09-30T20:31:28.311548+00:00,sem_hellofresh_geb-udetechniker-all-genders_verden-niedersachsen-germany,Gebäudetechniker (all genders),HelloFresh,"Verden, Niedersachsen, Germany",direct,other_tech,mid,"not_data_ai_field,not_fresher_ws_thesis,ambiguous_needs_review","{""job_id"": ""sem_hellofresh_geb-udetechniker-all-genders_verden-niedersachsen-germany"", ""title"": ""Geb\u00e4udetechniker (all genders)"", ""url"": null, ""job_url"": ""https://careers.hellofresh.com/global/en/job/8068939?gh_jid=8068939"", ""audience_reject_reasons"": [""not_data_ai_field"", ""not_fresher_ws_thesis"", ""ambiguous_needs_review""]}"
2026-09-30T20:31:28.311548+00:00,sem_hellofresh_instandhaltungstechniker-all-genders_verden-niedersachsen-germany,Instandhaltungstechniker (all genders),HelloFresh,"Verden, Niedersachsen, Germany",direct,other_tech,mid,"not_data_ai_field,not_fresher_ws_thesis,ambiguous_needs_review","{""job_id"": ""sem_hellofresh_instandhaltungstechniker-all-genders_verden-niedersachsen-germany"", ""title"": ""Instandhaltungstechniker (all genders)"", ""url"": null, ""job_url"": ""https://careers.hellofresh.com/global/en/job/8068944?gh_jid=8068944"", ""audience_reject_reasons"": [""not_data_ai_field"", ""not_fresher_ws_thesis"", ""ambiguous_needs_review""]}"
2026-09-30T20:31:28.311548+00:00,sem_hellofresh_junior-content-marketing-specialist-f-m-x_amsterdam-north-holland-netherlands,Junior Content Marketing specialist (f/m/x),HelloFresh,"Amsterdam, North Holland, Netherlands",direct,other_tech,junior,"not_data_ai_field,ambiguous_needs_review","{""job_id"": ""sem_hellofresh_junior-content-marketing-specialist-f-m-x_amsterdam-north-holland-netherlands"", ""title"": ""Junior Content Marketing specialist (f/m/x)"", ""url"": null, ""job_url"": ""https://careers.hellofresh.com/global/en/job/8203812?gh_jid=8203812"", ""audience_reject_reasons"": [""not_data_ai_field"", ""ambiguous_needs_review""]}"
2026-09-30T20:31:28.311548+00:00,sem_hellofresh_junior-growth-manager_london-england-united-kingdom,Junior Growth Manager,HelloFresh,"London, England, United Kingdom",direct,other_tech,junior,"not_eu,not_data_ai_field,ambiguous_needs_review","{""job_id"": ""sem_hellofresh_junior-growth-manager_london-england-united-kingdom"", ""title"": ""Junior Growth Manager"", ""url"": null, ""job_url"": ""https://careers.hellofresh.com/global/en/job/7953647?gh_jid=7953647"", ""audience_reject_reasons"": [""not_eu"", ""not_data_ai_field"", ""ambiguous_needs_review""]}"
2026-09-30T20:31:28.311548+00:00,sem_hellofresh_junior-planning-manager_derby-england-united-kingdom,Junior Planning Manager,HelloFresh,"Derby, England, United Kingdom",direct,other_tech,junior,"not_eu,not_data_ai_field,ambiguous_needs_review","{""job_id"": ""sem_hellofresh_junior-planning-manager_derby-england-united-kingdom"", ""title"": ""Junior Planning Manager"", ""url"": null, ""job_url"": ""https://careers.hellofresh.com/global/en/job/8074260?gh_jid=8074260"", ""audience_reject_reasons"": [""not_eu"", ""not_data_ai_field"", ""ambiguous_needs_review""]}"
2026-09-30T20:31:28.311548+00:00,sem_hellofresh_mechatroniker-instandhaltung-all-genders_verden-niedersachsen-germany,Mechatroniker Instandhaltung (all genders),HelloFresh,"Verden, Niedersachsen, Germany",direct,other_tech,mid,"not_data_ai_field,not_fresher_ws_thesis,ambiguous_needs_review","{""job_id"": ""sem_hellofresh_mechatroniker-instandhaltung-all-genders_verden-niedersachsen-germany"", ""title"": ""Mechatroniker Instandhaltung (all genders)"", ""url"": null, ""job_url"": ""https://careers.hellofresh.com/global/en/job/8068945?gh_jid=8068945"", ""audience_reject_reasons"": [""not_data_ai_field"", ""not_fresher_ws_thesis"", ""ambiguous_needs_review""]}"
2026-09-30T20:31:28.311548+00:00,sem_hellofresh_operations-shift-lead-production-all-genders_barleben-saxony-anhalt-germany-magdeburg-saxony-anhalt-germany,Operations Shift Lead – Production (all genders),HelloFresh,"Barleben, Saxony-Anhalt, Germany; Magdeburg, Saxony-Anhalt, Germany",direct,other_tech,senior,"not_data_ai_field,not_fresher_ws_thesis,ambiguous_needs_review","{""job_id"": ""sem_hellofresh_operations-shift-lead-production-all-genders_barleben-saxony-anhalt-germany-magdeburg-saxony-anhalt-germany"", ""title"": ""Operations Shift Lead \u2013 Production (all genders)"", ""url"": null, ""job_url"": ""https://careers.hellofresh.com/global/en/job/7748757?gh_jid=7748757"", ""audience_reject_reasons"": [""not_data_ai_field"", ""not_fresher_ws_thesis"", ""ambiguous_needs_review""]}"
2026-09-30T20:31:28.311548+00:00,sem_hellofresh_people-technology-senior-integrations-specialist-all-genders_warszawa-masovian-voivodeship-poland,People Technology Senior Integrations Specialist (All Genders),HelloFresh,"Warszawa, Masovian Voivodeship, Poland",direct,other_tech,senior,"not_data_ai_field,not_fresher_ws_thesis,ambiguous_needs_review","{""job_id"": ""sem_hellofresh_people-technology-senior-integrations-specialist-all-genders_warszawa-masovian-voivodeship-poland"", ""title"": ""People Technology Senior Integrations Specialist (All Genders)"", ""url"": null, ""job_url"": ""https://careers.hellofresh.com/global/en/job/8105183?gh_jid=8105183"", ""audience_reject_reasons"": [""not_data_ai_field"", ""not_fresher_ws_thesis"", ""ambiguous_needs_review""]}"
2026-09-30T20:31:28.311548+00:00,sem_hellofresh_production-shift-manager-all-genders_barleben-saxony-anhalt-germany-magdeburg-saxony-anhalt-germany,Production Shift Manager (all genders),HelloFresh,"Barleben, Saxony-Anhalt, Germany; Magdeburg, Saxony-Anhalt, Germany",direct,other_tech,mid,"not_data_ai_field,not_fresher_ws_thesis,ambiguous_needs_review","{""job_id"": ""sem_hellofresh_production-shift-manager-all-genders_barleben-saxony-anhalt-germany-magdeburg-saxony-anhalt-germany"", ""title"": ""Production Shift Manager (all genders)"", ""url"": null, ""job_url"": ""https://careers.hellofresh.com/global/en/job/7748754?gh_jid=7748754"", ""audience_reject_reasons"": [""not_data_ai_field"", ""not_fresher_ws_thesis"", ""ambiguous_needs_review""]}"
2026-09-30T20:31:28.311548+00:00,sem_hellofresh_production-shift-supervisor-all-genders_barleben-saxony-anhalt-germany-magdeburg-saxony-anhalt-germany,Production Shift Supervisor (all genders),HelloFresh,"Barleben, Saxony-Anhalt, Germany; Magdeburg, Saxony-Anhalt, Germany",direct,other_tech,mid,"not_data_ai_field,not_fresher_ws_thesis,ambiguous_needs_review","{""job_id"": ""sem_hellofresh_production-shift-supervisor-all-genders_barleben-saxony-anhalt-germany-magdeburg-saxony-anhalt-germany"", ""title"": ""Production Shift Supervisor (all genders)"", ""url"": null, ""job_url"": ""https://careers.hellofresh.com/global/en/job/7748755?gh_jid=7748755"", ""audience_reject_reasons"": [""not_data_ai_field"", ""not_fresher_ws_thesis"", ""ambiguous_needs_review""]}"
2026-09-30T20:31:28.311548+00:00,sem_hellofresh_schichtleitung-produktion-all-genders_barleben-saxony-anhalt-germany-magdeburg-saxony-anhalt-germany,Schichtleitung Produktion (all genders),HelloFresh,"Barleben, Saxony-Anhalt, Germany; Magdeburg, Saxony-Anhalt, Germany",direct,other_tech,mid,"not_data_ai_field,not_fresher_ws_thesis,ambiguous_needs_review","{""job_id"": ""sem_hellofresh_schichtleitung-produktion-all-genders_barleben-saxony-anhalt-germany-magdeburg-saxony-anhalt-germany"", ""title"": ""Schichtleitung Produktion (all genders)"", ""url"": null, ""job_url"": ""https://careers.hellofresh.com/global/en/job/7748760?gh_jid=7748760"", ""audience_reject_reasons"": [""not_data_ai_field"", ""not_fresher_ws_thesis"", ""ambiguous_needs_review""]}"
2026-09-30T20:31:28.311548+00:00,sem_hellofresh_senior-ux-designer-consumer-all-genders_warszawa-masovian-voivodeship-poland,"Senior UX Designer, Consumer (all genders)",HelloFresh,"Warszawa, Masovian Voivodeship, Poland",direct,other_tech,senior,"not_data_ai_field,not_fresher_ws_thesis,ambiguous_needs_review","{""job_id"": ""sem_hellofresh_senior-ux-designer-consumer-all-genders_warszawa-masovian-voivodeship-poland"", ""title"": ""Senior UX Designer, Consumer (all genders)"", ""url"": null, ""job_url"": ""https://careers.hellofresh.com/global/en/job/8028091?gh_jid=8028091"", ""audience_reject_reasons"": [""not_data_ai_field"", ""not_fresher_ws_thesis"", ""ambiguous_needs_review""]}"
2026-09-30T20:31:28.311548+00:00,sem_hellofresh_senior-ux-product-designer-engagement_warszawa-masovian-voivodeship-poland,"Senior UX Product Designer, Engagement",HelloFresh,"Warszawa, Masovian Voivodeship, Poland",direct,other_tech,senior,"not_data_ai_field,not_fresher_ws_thesis,ambiguous_needs_review","{""job_id"": ""sem_hellofresh_senior-ux-product-designer-engagement_warszawa-masovian-voivodeship-poland"", ""title"": ""Senior UX Product Designer, Engagement"", ""url"": null, ""job_url"": ""https://careers.hellofresh.com/global/en/job/8167272?gh_jid=8167272"", ""audience_reject_reasons"": [""not_data_ai_field"", ""not_fresher_ws_thesis"", ""ambiguous_needs_review""]}"
2026-09-30T20:31:28.311548+00:00,sem_hellofresh_senior-ux-product-designer_warszawa-masovian-voivodeship-poland,Senior UX Product Designer,HelloFresh,"Warszawa, Masovian Voivodeship, Poland",direct,other_tech,senior,"not_data_ai_field,not_fresher_ws_thesis,ambiguous_needs_review","{""job_id"": ""sem_hellofresh_senior-ux-product-designer_warszawa-masovian-voivodeship-poland"", ""title"": ""Senior UX Product Designer"", ""url"": null, ""job_url"": ""https://careers.hellofresh.com/global/en/job/8147119?gh_jid=8147119"", ""audience_reject_reasons"": [""not_data_ai_field"", ""not_fresher_ws_thesis"", ""ambiguous_needs_review""]}"
2026-09-30T20:31:28.311548+00:00,sem_hellofresh_site-qa-qc-specialist-f-m-x_bleiswijk-south-holland-netherlands,Site QA/QC Specialist (f/m/x),HelloFresh,"Bleiswijk, South Holland, Netherlands",direct,other_tech,mid,"not_data_ai_field,not_fresher_ws_thesis,ambiguous_needs_review","{""job_id"": ""sem_hellofresh_site-qa-qc-specialist-f-m-x_bleiswijk-south-holland-netherlands"", ""title"": ""Site QA/QC Specialist (f/m/x)"", ""url"": null, ""job_url"": ""https://careers.hellofresh.com/global/en/job/8020924?gh_jid=8020924"", ""audience_reject_reasons"": [""not_data_ai_field"", ""not_fresher_ws_thesis"", ""ambiguous_needs_review""]}"
2026-09-30T20:31:28.311548+00:00,sem_holidu_accountant_munich,(Junior) Accountant (m/w/d),Holidu,Munich,arbeitnow,sap_erp,junior,"not_data_ai_field,ambiguous_needs_review","{""job_id"": ""sem_holidu_accountant_munich"", ""title"": ""(Junior) Accountant (m/w/d)"", ""url"": null, ""job_url"": ""https://www.arbeitnow.com/jobs/companies/holidu/junior-accountant-munich-182827"", ""audience_reject_reasons"": [""not_data_ai_field"", ""ambiguous_needs_review""]}"
2026-09-30T20:31:28.311548+00:00,sem_ideals_account-executive-business-development-associate-london_london-united-kingdom,Account Executive / Business Development Associate (London),Ideals,"London, United Kingdom",arbeitnow,other_tech,mid,"not_eu,not_data_ai_field,not_fresher_ws_thesis,ambiguous_needs_review","{""job_id"": ""sem_ideals_account-executive-business-development-associate-london_london-united-kingdom"", ""title"": ""Account Executive / Business Development Associate (London)"", ""url"": null, ""job_url"": ""https://www.arbeitnow.co.uk/jobs/companies/ideals/account-executive-business-development-associate-london-london-united-kingdom-275916"", ""audience_reject_reasons"": [""not_eu"", ""not_data_ai_field"", ""not_fresher_ws_thesis"", ""ambiguous_needs_review""]}"
2026-09-30T20:31:28.311548+00:00,sem_ideals_enterprise-account-executive-zurich_zurich-switzerland,Enterprise Account Executive - Zurich,Ideals,"Zurich, Switzerland",arbeitnow,other_tech,mid,"not_eu,not_data_ai_field,not_fresher_ws_thesis,ambiguous_needs_review","{""job_id"": ""sem_ideals_enterprise-account-executive-zurich_zurich-switzerland"", ""title"": ""Enterprise Account Executive - Zurich"", ""url"": null, ""job_url"": ""https://www.arbeitnow.ch/jobs/companies/ideals/enterprise-account-executive-zurich-413496"", ""audience_reject_reasons"": [""not_eu"", ""not_data_ai_field"", ""not_fresher_ws_thesis"", ""ambiguous_needs_review""]}"
2026-09-30T20:31:28.311548+00:00,sem_jobgate_mitarbeiter-baustellenlogistik-allrounder-a_ch-ch052,Mitarbeiter Baustellenlogistik / Allrounder (a),jobgate ag,CH (CH052),eures,other_tech,mid,"not_eu,not_data_ai_field,not_fresher_ws_thesis,ambiguous_needs_review","{""job_id"": ""sem_jobgate_mitarbeiter-baustellenlogistik-allrounder-a_ch-ch052"", ""title"": ""Mitarbeiter Baustellenlogistik / Allrounder (a)"", ""url"": null, ""job_url"": ""https://europa.eu/eures/portal/jv-se/jv-details/MjVkNzJkN2MtMTQxNC00Y2YxLTg2MTAtZTA3NTVjMDAzZWEyIDYx?jvDisplayLanguage=en&lang=en"", ""audience_reject_reasons"": [""not_eu"", ""not_data_ai_field"", ""not_fresher_ws_thesis"", ""ambiguous_needs_review""]}"
2026-09-30T20:31:28.311548+00:00,sem_jobgether_people-hunter-talent-acquisition-assistant_switzerland,[People] Hunter / Talent Acquisition Assistant,Jobgether,Switzerland,arbeitnow,other_tech,mid,"not_eu,not_data_ai_field,not_fresher_ws_thesis,ambiguous_needs_review","{""job_id"": ""sem_jobgether_people-hunter-talent-acquisition-assistant_switzerland"", ""title"": ""[People] Hunter / Talent Acquisition Assistant"", ""url"": null, ""job_url"": ""https://www.arbeitnow.ch/jobs/companies/jobgether/people-hunter-talent-acquisition-assistant-switzerland-273927"", ""audience_reject_reasons"": [""not_eu"", ""not_data_ai_field"", ""not_fresher_ws_thesis"", ""ambiguous_needs_review""]}"
2026-09-30T20:31:28.311548+00:00,sem_jobgether_people-hunter-talent-acquisition-assistant_uk,[People] Hunter / Talent Acquisition Assistant,Jobgether,UK,arbeitnow,other_tech,mid,"not_eu,not_data_ai_field,not_fresher_ws_thesis,ambiguous_needs_review","{""job_id"": ""sem_jobgether_people-hunter-talent-acquisition-assistant_uk"", ""title"": ""[People] Hunter / Talent Acquisition Assistant"", ""url"": null, ""job_url"": ""https://www.arbeitnow.co.uk/jobs/companies/jobgether/people-hunter-talent-acquisition-assistant-uk-444472"", ""audience_reject_reasons"": [""not_eu"", ""not_data_ai_field"", ""not_fresher_ws_thesis"", ""ambiguous_needs_review""]}"
2026-09-30T20:31:28.311548+00:00,sem_konfetti_business-development-manager-m-w-x-in-berlin_berlin,Business Development Manager (m/w/x) in Berlin,Konfetti GmbH,Berlin,arbeitnow,other_tech,mid,"not_data_ai_field,not_fresher_ws_thesis,ambiguous_needs_review","{""job_id"": ""sem_konfetti_business-development-manager-m-w-x-in-berlin_berlin"", ""title"": ""Business Development Manager (m/w/x) in Berlin"", ""url"": null, ""job_url"": ""https://www.arbeitnow.com/jobs/companies/konfetti-gmbh/business-development-manager-in-berlin-13434"", ""audience_reject_reasons"": [""not_data_ai_field"", ""not_fresher_ws_thesis"", ""ambiguous_needs_review""]}"
2026-09-30T20:31:28.311548+00:00,sem_lga-it_system-administrator_be-be235,System Administrator,LGA IT,BE (BE235),eures,other_tech,mid,"not_data_ai_field,not_fresher_ws_thesis,ambiguous_needs_review","{""job_id"": ""sem_lga-it_system-administrator_be-be235"", ""title"": ""System Administrator"", ""url"": null, ""job_url"": ""https://europa.eu/eures/portal/jv-se/jv-details/MzA0OGJmZTYtNmY2OC00ZDM4LWFlNDMtNGMyMGZkZGNlNjQ4IDM?jvDisplayLanguage=nl&lang=nl"", ""audience_reject_reasons"": [""not_data_ai_field"", ""not_fresher_ws_thesis"", ""ambiguous_needs_review""]}"
2026-09-30T20:31:28.311548+00:00,sem_lrz_fachinformatikerin-systemintegration_garching-bei-m-nchen,Fachinformatikerin (m/w/d) - Systemintegration,Lrz,Garching bei München,arbeitnow,other_tech,mid,"not_data_ai_field,not_fresher_ws_thesis,ambiguous_needs_review","{""job_id"": ""sem_lrz_fachinformatikerin-systemintegration_garching-bei-m-nchen"", ""title"": ""Fachinformatikerin (m/w/d) - Systemintegration"", ""url"": null, ""job_url"": ""https://www.arbeitnow.com/jobs/companies/lrz/fachinformatikerin-systemintegration-garching-bei-munchen-416982"", ""audience_reject_reasons"": [""not_data_ai_field"", ""not_fresher_ws_thesis"", ""ambiguous_needs_review""]}"
2026-09-30T20:31:28.311548+00:00,sem_meggitt-sa_engineering-manager_ch-ch022,Engineering Manager,MEGGITT SA,CH (CH022),eures,other_tech,mid,"not_eu,not_data_ai_field,not_fresher_ws_thesis,ambiguous_needs_review","{""job_id"": ""sem_meggitt-sa_engineering-manager_ch-ch022"", ""title"": ""Engineering Manager"", ""url"": null, ""job_url"": ""https://europa.eu/eures/portal/jv-se/jv-details/MDRiZjE1NGUtOWRhNi00ZjYxLTg1MDQtYWY2Mzg0NzJiYTU2IDYx?jvDisplayLanguage=en&lang=en"", ""audience_reject_reasons"": [""not_eu"", ""not_data_ai_field"", ""not_fresher_ws_thesis"", ""ambiguous_needs_review""]}"
2026-09-30T20:31:28.311548+00:00,sem_mewssystems_senior-revenue-enablement-specialist_,Senior Revenue Enablement Specialist,mewssystems,,arbeitnow,other_tech,senior,"not_eu,not_data_ai_field,not_fresher_ws_thesis,ambiguous_needs_review","{""job_id"": ""sem_mewssystems_senior-revenue-enablement-specialist_"", ""title"": ""Senior Revenue Enablement Specialist"", ""url"": null, ""job_url"": ""https://www.arbeitnow.co.uk/jobs/companies/mewssystems/senior-revenue-enablement-specialist-415862"", ""audience_reject_reasons"": [""not_eu"", ""not_data_ai_field"", ""not_fresher_ws_thesis"", ""ambiguous_needs_review""]}"
2026-09-30T20:31:28.311548+00:00,sem_michael-page-international-belgium_field-service-technician-solutions-techniques-industrielles_be-be100,Field Service Technician - Solutions techniques industrielles,MICHAEL PAGE INTERNATIONAL (BELGIUM),BE (BE100),eures,other_tech,mid,"not_data_ai_field,not_fresher_ws_thesis,ambiguous_needs_review","{""job_id"": ""sem_michael-page-international-belgium_field-service-technician-solutions-techniques-industrielles_be-be100"", ""title"": ""Field Service Technician - Solutions techniques industrielles"", ""url"": null, ""job_url"": ""https://europa.eu/eures/portal/jv-se/jv-details/OGZiNGI3NTctMTIyNi00YjMwLThhNzctZjMxNmUwNWM3OGI3IDM?jvDisplayLanguage=nl&lang=nl"", ""audience_reject_reasons"": [""not_data_ai_field"", ""not_fresher_ws_thesis"", ""ambiguous_needs_review""]}"
2026-09-30T20:31:28.311548+00:00,sem_michael-page-international-belgium_onsite-support_be-be231,Onsite Support,MICHAEL PAGE INTERNATIONAL (BELGIUM),BE (BE231),eures,it_support,mid,"not_data_ai_field,not_fresher_ws_thesis,ambiguous_needs_review","{""job_id"": ""sem_michael-page-international-belgium_onsite-support_be-be231"", ""title"": ""Onsite Support"", ""url"": null, ""job_url"": ""https://europa.eu/eures/portal/jv-se/jv-details/NThmNjVhMzgtMjc5ZC00YjNiLTkxMDctZTUxN2FhYjljNDRhIDM?jvDisplayLanguage=nl&lang=nl"", ""audience_reject_reasons"": [""not_data_ai_field"", ""not_fresher_ws_thesis"", ""ambiguous_needs_review""]}"
2026-09-30T20:31:28.311548+00:00,sem_multiverse_customer-value-partner-strategic-accounts_london,"Customer Value Partner, Strategic Accounts",Multiverse,London,arbeitnow,data_engineering,mid,"not_eu,not_fresher_ws_thesis,ambiguous_needs_review","{""job_id"": ""sem_multiverse_customer-value-partner-strategic-accounts_london"", ""title"": ""Customer Value Partner, Strategic Accounts"", ""url"": null, ""job_url"": ""https://www.arbeitnow.co.uk/jobs/companies/multiverse/customer-value-partner-strategic-accounts-london-459959"", ""audience_reject_reasons"": [""not_eu"", ""not_fresher_ws_thesis"", ""ambiguous_needs_review""]}"
2026-09-30T20:31:28.311548+00:00,sem_mynaric_senior-sales-business-development-manager-asia-pacific-m-f-x_m-nchen,"Senior Sales & Business Development Manager, Asia-Pacific (m/f/x)",Mynaric,München,arbeitnow,other_tech,senior,"not_data_ai_field,not_fresher_ws_thesis,ambiguous_needs_review","{""job_id"": ""sem_mynaric_senior-sales-business-development-manager-asia-pacific-m-f-x_m-nchen"", ""title"": ""Senior Sales & Business Development Manager, Asia-Pacific (m/f/x)"", ""url"": null, ""job_url"": ""https://www.arbeitnow.com/jobs/companies/mynaric/senior-sales-business-development-manager-asia-pacific-munchen-265456"", ""audience_reject_reasons"": [""not_data_ai_field"", ""not_fresher_ws_thesis"", ""ambiguous_needs_review""]}"
2026-09-30T20:31:28.311548+00:00,sem_n26_afc-compliance-controls-and-reviews-associate_berlin,AFC Compliance Controls and Reviews - Associate,N26,Berlin,direct,other_tech,mid,"not_data_ai_field,not_fresher_ws_thesis,ambiguous_needs_review","{""job_id"": ""sem_n26_afc-compliance-controls-and-reviews-associate_berlin"", ""title"": ""AFC Compliance Controls and Reviews - Associate"", ""url"": null, ""job_url"": ""https://n26.com/en-eu/careers/positions/8203585?gh_jid=8203585"", ""audience_reject_reasons"": [""not_data_ai_field"", ""not_fresher_ws_thesis"", ""ambiguous_needs_review""]}"
2026-09-30T20:31:28.311548+00:00,sem_n26_afc-compliance-controls-and-reviews-associate_madrid,AFC Compliance Controls and Reviews - Associate,N26,Madrid,direct,other_tech,mid,"not_data_ai_field,not_fresher_ws_thesis,ambiguous_needs_review","{""job_id"": ""sem_n26_afc-compliance-controls-and-reviews-associate_madrid"", ""title"": ""AFC Compliance Controls and Reviews - Associate"", ""url"": null, ""job_url"": ""https://n26.com/en-eu/careers/positions/8213445?gh_jid=8213445"", ""audience_reject_reasons"": [""not_data_ai_field"", ""not_fresher_ws_thesis"", ""ambiguous_needs_review""]}"
2026-09-30T20:31:28.311548+00:00,sem_n26_banking-operations-occ-fr-specialist-part-time_paris,Banking Operations - OCC FR Specialist (Part-time),N26,Paris,direct,other_tech,mid,"not_data_ai_field,not_fresher_ws_thesis,ambiguous_needs_review","{""job_id"": ""sem_n26_banking-operations-occ-fr-specialist-part-time_paris"", ""title"": ""Banking Operations - OCC FR Specialist (Part-time)"", ""url"": null, ""job_url"": ""https://n26.com/en-eu/careers/positions/8141767?gh_jid=8141767"", ""audience_reject_reasons"": [""not_data_ai_field"", ""not_fresher_ws_thesis"", ""ambiguous_needs_review""]}"
2026-09-30T20:31:28.311548+00:00,sem_n26_business-risk-manager-growth_berlin,Business Risk Manager – Growth,N26,Berlin,direct,other_tech,mid,"not_data_ai_field,not_fresher_ws_thesis,ambiguous_needs_review","{""job_id"": ""sem_n26_business-risk-manager-growth_berlin"", ""title"": ""Business Risk Manager \u2013 Growth"", ""url"": null, ""job_url"": ""https://n26.com/en-eu/careers/positions/7981889?gh_jid=7981889"", ""audience_reject_reasons"": [""not_data_ai_field"", ""not_fresher_ws_thesis"", ""ambiguous_needs_review""]}"
2026-09-30T20:31:28.311548+00:00,sem_n26_product-designer-grow-engage_barcelona,Product Designer - Grow & Engage,N26,Barcelona,direct,embedded_systems,mid,"not_data_ai_field,not_fresher_ws_thesis,ambiguous_needs_review","{""job_id"": ""sem_n26_product-designer-grow-engage_barcelona"", ""title"": ""Product Designer - Grow & Engage"", ""url"": null, ""job_url"": ""https://n26.com/en-eu/careers/positions/8211088?gh_jid=8211088"", ""audience_reject_reasons"": [""not_data_ai_field"", ""not_fresher_ws_thesis"", ""ambiguous_needs_review""]}"
2026-09-30T20:31:28.311548+00:00,sem_n26_team-lead-non-financial-risk-and-internal-controls_berlin,Team Lead Non-Financial Risk and Internal Controls,N26,Berlin,direct,other_tech,senior,"not_data_ai_field,not_fresher_ws_thesis,ambiguous_needs_review","{""job_id"": ""sem_n26_team-lead-non-financial-risk-and-internal-controls_berlin"", ""title"": ""Team Lead Non-Financial Risk and Internal Controls"", ""url"": null, ""job_url"": ""https://n26.com/en-eu/careers/positions/7845376?gh_jid=7845376"", ""audience_reject_reasons"": [""not_data_ai_field"", ""not_fresher_ws_thesis"", ""ambiguous_needs_review""]}"
2026-09-30T20:31:28.311548+00:00,sem_neuralconcept_vp-of-engineering_lausanne,VP of Engineering,Neuralconcept,Lausanne,arbeitnow,other_tech,mid,"not_eu,not_data_ai_field,not_fresher_ws_thesis,ambiguous_needs_review","{""job_id"": ""sem_neuralconcept_vp-of-engineering_lausanne"", ""title"": ""VP of Engineering"", ""url"": null, ""job_url"": ""https://www.arbeitnow.ch/jobs/companies/neuralconcept/vp-of-engineering-lausanne-290645"", ""audience_reject_reasons"": [""not_eu"", ""not_data_ai_field"", ""not_fresher_ws_thesis"", ""ambiguous_needs_review""]}"
2026-09-30T20:31:28.311548+00:00,sem_neuverge-tron_penetration-tester-europe_munich-germany,Penetration Tester - Europe (m/f/d),Neuverge Tron,"Munich, Germany",arbeitnow,other_tech,mid,"not_data_ai_field,not_fresher_ws_thesis,ambiguous_needs_review","{""job_id"": ""sem_neuverge-tron_penetration-tester-europe_munich-germany"", ""title"": ""Penetration Tester - Europe (m/f/d)"", ""url"": null, ""job_url"": ""https://www.arbeitnow.com/jobs/companies/neuverge-tron/penetration-tester-europe-munich-211038"", ""audience_reject_reasons"": [""not_data_ai_field"", ""not_fresher_ws_thesis"", ""ambiguous_needs_review""]}"
2026-09-30T20:31:28.311548+00:00,sem_omnora_marketing-manager-ki-automation_frankfurt-am-main,Marketing Manager - KI & Automation (m/w/d),Omnora GmbH,Frankfurt am Main,arbeitnow,other_tech,mid,"not_data_ai_field,not_fresher_ws_thesis,ambiguous_needs_review","{""job_id"": ""sem_omnora_marketing-manager-ki-automation_frankfurt-am-main"", ""title"": ""Marketing Manager - KI & Automation (m/w/d)"", ""url"": null, ""job_url"": ""https://www.arbeitnow.com/jobs/companies/omnora-gmbh/marketing-manager-ki-automation-frankfurt-am-main-4109"", ""audience_reject_reasons"": [""not_data_ai_field"", ""not_fresher_ws_thesis"", ""ambiguous_needs_review""]}"
2026-09-30T20:31:28.311548+00:00,sem_omnora_marketing-manager_frankfurt-am-main,Marketing Manager (m/w/d),Omnora GmbH,Frankfurt am Main,arbeitnow,other_tech,mid,"not_data_ai_field,not_fresher_ws_thesis,ambiguous_needs_review","{""job_id"": ""sem_omnora_marketing-manager_frankfurt-am-main"", ""title"": ""Marketing Manager (m/w/d)"", ""url"": null, ""job_url"": ""https://www.arbeitnow.com/jobs/companies/omnora-gmbh/marketing-manager-frankfurt-am-main-386317"", ""audience_reject_reasons"": [""not_data_ai_field"", ""not_fresher_ws_thesis"", ""ambiguous_needs_review""]}"
2026-09-30T20:31:28.311548+00:00,sem_ontic_senior-director-sales-uk_united-kingdom,"Senior Director, Sales - UK",Ontic,United Kingdom,arbeitnow,other_tech,senior,"not_eu,not_data_ai_field,not_fresher_ws_thesis,ambiguous_needs_review","{""job_id"": ""sem_ontic_senior-director-sales-uk_united-kingdom"", ""title"": ""Senior Director, Sales - UK"", ""url"": null, ""job_url"": ""https://www.arbeitnow.co.uk/jobs/companies/ontic/senior-director-sales-uk-united-kingdom-279971"", ""audience_reject_reasons"": [""not_eu"", ""not_data_ai_field"", ""not_fresher_ws_thesis"", ""ambiguous_needs_review""]}"
2026-09-30T20:31:28.311548+00:00,sem_ottonova_werkstudent-kommunikationsdesign_m-nchen,Werkstudent – Kommunikationsdesign (m/w/d),Ottonova,München,arbeitnow,other_tech,working_student,"not_data_ai_field,ambiguous_needs_review","{""job_id"": ""sem_ottonova_werkstudent-kommunikationsdesign_m-nchen"", ""title"": ""Werkstudent \u2013 Kommunikationsdesign (m/w/d)"", ""url"": null, ""job_url"": ""https://www.arbeitnow.com/jobs/companies/ottonova/werkstudent-kommunikationsdesign-munchen-318924"", ""audience_reject_reasons"": [""not_data_ai_field"", ""ambiguous_needs_review""]}"
2026-09-30T20:31:28.311548+00:00,sem_pivot_account-executive-enterprise-i-paris_paris,Account Executive - Enterprise I Paris,Pivot,Paris,arbeitnow,cybersecurity,mid,"not_data_ai_field,not_fresher_ws_thesis,ambiguous_needs_review","{""job_id"": ""sem_pivot_account-executive-enterprise-i-paris_paris"", ""title"": ""Account Executive - Enterprise I Paris"", ""url"": null, ""job_url"": ""https://www.arbeitnow.fr/jobs/companies/pivot/account-executive-enterprise-i-paris-34551"", ""audience_reject_reasons"": [""not_data_ai_field"", ""not_fresher_ws_thesis"", ""ambiguous_needs_review""]}"
2026-09-30T20:31:28.311548+00:00,sem_plentific_supply-chain-specialist_london-office,Supply Chain Specialist,Plentific,London Office,arbeitnow,other_tech,senior,"not_eu,not_data_ai_field,not_fresher_ws_thesis,ambiguous_needs_review","{""job_id"": ""sem_plentific_supply-chain-specialist_london-office"", ""title"": ""Supply Chain Specialist"", ""url"": null, ""job_url"": ""https://www.arbeitnow.co.uk/jobs/companies/plentific/supply-chain-specialist-london-183485"", ""audience_reject_reasons"": [""not_eu"", ""not_data_ai_field"", ""not_fresher_ws_thesis"", ""ambiguous_needs_review""]}"
2026-09-30T20:31:28.311548+00:00,sem_project-blackbook_customer-marketing-consultant-contract-role_london,Customer & Marketing Consultant - Contract role,Project Blackbook,London,arbeitnow,other_tech,senior,"not_eu,not_data_ai_field,not_fresher_ws_thesis,ambiguous_needs_review","{""job_id"": ""sem_project-blackbook_customer-marketing-consultant-contract-role_london"", ""title"": ""Customer & Marketing Consultant - Contract role"", ""url"": null, ""job_url"": ""https://www.arbeitnow.co.uk/jobs/companies/project-blackbook/customer-marketing-consultant-contract-role-london-208974"", ""audience_reject_reasons"": [""not_eu"", ""not_data_ai_field"", ""not_fresher_ws_thesis"", ""ambiguous_needs_review""]}"
2026-09-30T20:31:28.311548+00:00,sem_randstad-ab_senior-scrummaster_se232,Senior Scrummaster,Randstad AB,SE (SE232),eures,software_engineering,senior,"not_data_ai_field,not_fresher_ws_thesis,ambiguous_needs_review","{""job_id"": ""sem_randstad-ab_senior-scrummaster_se232"", ""title"": ""Senior Scrummaster"", ""url"": null, ""job_url"": ""https://europa.eu/eures/portal/jv-se/jv-details/NjMxMTk1MiAxMjE?jvDisplayLanguage=en&lang=en"", ""audience_reject_reasons"": [""not_data_ai_field"", ""not_fresher_ws_thesis"", ""ambiguous_needs_review""]}"
2026-09-30T20:31:28.311548+00:00,sem_randstad-deutschland_lagerarbeiter-gabelstaplerfahrer-in_de-de721,Lagerarbeiter (m/w/d) (Gabelstaplerfahrer/in),Randstad Deutschland,DE (DE721),eures,other_tech,trainee_graduate,"not_data_ai_field,ambiguous_needs_review","{""job_id"": ""sem_randstad-deutschland_lagerarbeiter-gabelstaplerfahrer-in_de-de721"", ""title"": ""Lagerarbeiter (m/w/d) (Gabelstaplerfahrer/in)"", ""url"": null, ""job_url"": ""https://europa.eu/eures/portal/jv-se/jv-details/MTExMTktNDg2MTE5Nzc4MC1TIDE?jvDisplayLanguage=de&lang=de"", ""audience_reject_reasons"": [""not_data_ai_field"", ""ambiguous_needs_review""]}"
2026-09-30T20:31:28.311548+00:00,sem_realchemistry_director-medical-strategy-medical-affairs_,"Director, Medical Strategy (Medical Affairs)",Realchemistry,,arbeitnow,other_tech,mid,"not_eu,not_data_ai_field,not_fresher_ws_thesis,ambiguous_needs_review","{""job_id"": ""sem_realchemistry_director-medical-strategy-medical-affairs_"", ""title"": ""Director, Medical Strategy (Medical Affairs)"", ""url"": null, ""job_url"": ""https://www.arbeitnow.co.uk/jobs/companies/realchemistry/director-medical-strategy-medical-affairs-31877"", ""audience_reject_reasons"": [""not_eu"", ""not_data_ai_field"", ""not_fresher_ws_thesis"", ""ambiguous_needs_review""]}"
2026-09-30T20:31:28.311548+00:00,sem_realchemistry_senior-account-manager_,Senior Account Manager,Realchemistry,,arbeitnow,other_tech,senior,"not_eu,not_data_ai_field,not_fresher_ws_thesis,ambiguous_needs_review","{""job_id"": ""sem_realchemistry_senior-account-manager_"", ""title"": ""Senior Account Manager"", ""url"": null, ""job_url"": ""https://www.arbeitnow.co.uk/jobs/companies/realchemistry/senior-account-manager-149606"", ""audience_reject_reasons"": [""not_eu"", ""not_data_ai_field"", ""not_fresher_ws_thesis"", ""ambiguous_needs_review""]}"
2026-09-30T20:31:28.311548+00:00,sem_relay_senior-sales-manager_london-on-site,Senior Sales Manager,Relay,London - On-site,arbeitnow,other_tech,senior,"not_eu,not_data_ai_field,not_fresher_ws_thesis,ambiguous_needs_review","{""job_id"": ""sem_relay_senior-sales-manager_london-on-site"", ""title"": ""Senior Sales Manager"", ""url"": null, ""job_url"": ""https://www.arbeitnow.co.uk/jobs/companies/relay/senior-sales-manager-london-381189"", ""audience_reject_reasons"": [""not_eu"", ""not_data_ai_field"", ""not_fresher_ws_thesis"", ""ambiguous_needs_review""]}"
2026-09-30T20:31:28.311548+00:00,sem_salonkee_sales-manager-im-au-endienst-graub-nden_schweiz-graub-nden,Sales Manager im Außendienst (m/w/d) - Graubünden,Salonkee,Schweiz / Graubünden,arbeitnow,other_tech,mid,"not_eu,not_data_ai_field,not_fresher_ws_thesis,ambiguous_needs_review","{""job_id"": ""sem_salonkee_sales-manager-im-au-endienst-graub-nden_schweiz-graub-nden"", ""title"": ""Sales Manager im Au\u00dfendienst (m/w/d) - Graub\u00fcnden"", ""url"": null, ""job_url"": ""https://www.arbeitnow.ch/jobs/companies/salonkee/sales-manager-im-aussendienst-graubunden-7896"", ""audience_reject_reasons"": [""not_eu"", ""not_data_ai_field"", ""not_fresher_ws_thesis"", ""ambiguous_needs_review""]}"
2026-09-30T20:31:28.311548+00:00,sem_salonkee_sales-manager-im-au-endienst-uri_schweiz-uri,Sales Manager im Außendienst (m/w/d) - Uri,Salonkee,Schweiz / Uri,arbeitnow,other_tech,mid,"not_eu,not_data_ai_field,not_fresher_ws_thesis,ambiguous_needs_review","{""job_id"": ""sem_salonkee_sales-manager-im-au-endienst-uri_schweiz-uri"", ""title"": ""Sales Manager im Au\u00dfendienst (m/w/d) - Uri"", ""url"": null, ""job_url"": ""https://www.arbeitnow.ch/jobs/companies/salonkee/sales-manager-im-aussendienst-uri-289534"", ""audience_reject_reasons"": [""not_eu"", ""not_data_ai_field"", ""not_fresher_ws_thesis"", ""ambiguous_needs_review""]}"
2026-09-30T20:31:28.311548+00:00,sem_sauter-building-control-schweiz_verkaufsingenieur-80-100-in-d-bendorf_ch-ch040,Verkaufsingenieur  80%-100% in Dübendorf,Sauter Building Control Schweiz AG,CH (CH040),eures,other_tech,mid,"not_eu,not_data_ai_field,not_fresher_ws_thesis,ambiguous_needs_review","{""job_id"": ""sem_sauter-building-control-schweiz_verkaufsingenieur-80-100-in-d-bendorf_ch-ch040"", ""title"": ""Verkaufsingenieur  80%-100% in D\u00fcbendorf"", ""url"": null, ""job_url"": ""https://europa.eu/eures/portal/jv-se/jv-details/YmEyNjgzNmYtMDk4Ni00ZTk5LTg1YmQtZjk1MjU5ZTU5MzYzIDYx?jvDisplayLanguage=en&lang=en"", ""audience_reject_reasons"": [""not_eu"", ""not_data_ai_field"", ""not_fresher_ws_thesis"", ""ambiguous_needs_review""]}"
2026-09-30T20:31:28.311548+00:00,sem_sd-worx-jobs_supervisor-technisch-onderhoud_be-be236,Supervisor Technisch Onderhoud,SD Worx Jobs,BE (BE236),eures,non_tech,mid,"not_data_ai_field,not_fresher_ws_thesis,ambiguous_needs_review","{""job_id"": ""sem_sd-worx-jobs_supervisor-technisch-onderhoud_be-be236"", ""title"": ""Supervisor Technisch Onderhoud"", ""url"": null, ""job_url"": ""https://europa.eu/eures/portal/jv-se/jv-details/MDlmZDkwMjktYTczMS00MjAyLWJlMjEtYzQ2OTY2NDhlOTc1IDM?jvDisplayLanguage=nl&lang=nl"", ""audience_reject_reasons"": [""not_data_ai_field"", ""not_fresher_ws_thesis"", ""ambiguous_needs_review""]}"
2026-09-30T20:31:28.311548+00:00,sem_secosys-it_netzwerkadministrator_erfurt,Netzwerkadministrator (m/w/d),SECOSYS-IT,Erfurt,arbeitnow,other_tech,mid,"not_data_ai_field,not_fresher_ws_thesis,ambiguous_needs_review","{""job_id"": ""sem_secosys-it_netzwerkadministrator_erfurt"", ""title"": ""Netzwerkadministrator (m/w/d)"", ""url"": null, ""job_url"": ""https://www.arbeitnow.com/jobs/companies/secosys-it/netzwerkadministrator-erfurt-340648"", ""audience_reject_reasons"": [""not_data_ai_field"", ""not_fresher_ws_thesis"", ""ambiguous_needs_review""]}"
2026-09-30T20:31:28.311548+00:00,sem_shipbobinc_senior-business-development-representative_sydney-australia,Senior Business Development Representative,Shipbobinc,"Sydney, Australia",arbeitnow,software_engineering,senior,"not_eu,not_data_ai_field,not_fresher_ws_thesis,ambiguous_needs_review","{""job_id"": ""sem_shipbobinc_senior-business-development-representative_sydney-australia"", ""title"": ""Senior Business Development Representative"", ""url"": null, ""job_url"": ""https://www.arbeitnow.co.uk/jobs/companies/shipbobinc/senior-business-development-representative-sydney-australia-217828"", ""audience_reject_reasons"": [""not_eu"", ""not_data_ai_field"", ""not_fresher_ws_thesis"", ""ambiguous_needs_review""]}"
2026-09-30T20:31:28.311548+00:00,sem_sifflet_general-counsel_france,General Counsel,sifflet,France,arbeitnow,other_tech,mid,"not_data_ai_field,not_fresher_ws_thesis,ambiguous_needs_review","{""job_id"": ""sem_sifflet_general-counsel_france"", ""title"": ""General Counsel"", ""url"": null, ""job_url"": ""https://www.arbeitnow.fr/jobs/companies/sifflet/general-counsel-france-187405"", ""audience_reject_reasons"": [""not_data_ai_field"", ""not_fresher_ws_thesis"", ""ambiguous_needs_review""]}"
2026-09-30T20:31:28.311548+00:00,sem_skalar_steuerassistent-in_m-nchen,Steuerassistent:in (w/m/d),Skalar,München,arbeitnow,software_engineering,mid,"not_data_ai_field,not_fresher_ws_thesis,ambiguous_needs_review","{""job_id"": ""sem_skalar_steuerassistent-in_m-nchen"", ""title"": ""Steuerassistent:in (w/m/d)"", ""url"": null, ""job_url"": ""https://www.arbeitnow.com/jobs/companies/skalar/steuerassistentin-munich-236471"", ""audience_reject_reasons"": [""not_data_ai_field"", ""not_fresher_ws_thesis"", ""ambiguous_needs_review""]}"
2026-09-30T20:31:28.311548+00:00,sem_sumup_account-executive_london-england-united-kingdom,Account Executive,SumUp,"London, England, United Kingdom",direct,other_tech,mid,"not_eu,not_data_ai_field,not_fresher_ws_thesis,ambiguous_needs_review","{""job_id"": ""sem_sumup_account-executive_london-england-united-kingdom"", ""title"": ""Account Executive"", ""url"": null, ""job_url"": ""https://sumup.com/careers/positions/8097315002?gh_jid=8097315002"", ""audience_reject_reasons"": [""not_eu"", ""not_data_ai_field"", ""not_fresher_ws_thesis"", ""ambiguous_needs_review""]}"
2026-09-30T20:31:28.311548+00:00,sem_sumup_business-development-manager-payments-pos_newcastle-upon-tyne-england-united-kingdom,Business Development Manager – Payments & POS,SumUp,"Newcastle upon Tyne, England, United Kingdom",direct,other_tech,mid,"not_eu,not_data_ai_field,not_fresher_ws_thesis,ambiguous_needs_review","{""job_id"": ""sem_sumup_business-development-manager-payments-pos_newcastle-upon-tyne-england-united-kingdom"", ""title"": ""Business Development Manager \u2013 Payments & POS"", ""url"": null, ""job_url"": ""https://sumup.com/careers/positions/7789384002?gh_jid=7789384002"", ""audience_reject_reasons"": [""not_eu"", ""not_data_ai_field"", ""not_fresher_ws_thesis"", ""ambiguous_needs_review""]}"
2026-09-30T20:31:28.311548+00:00,sem_sumup_business-development-team-lead_cologne-germany,Business Development Team Lead (m/w/d),SumUp,"Cologne, Germany",direct,other_tech,senior,"not_data_ai_field,not_fresher_ws_thesis,ambiguous_needs_review","{""job_id"": ""sem_sumup_business-development-team-lead_cologne-germany"", ""title"": ""Business Development Team Lead (m/w/d)"", ""url"": null, ""job_url"": ""https://sumup.com/careers/positions/8615309002?gh_jid=8615309002"", ""audience_reject_reasons"": [""not_data_ai_field"", ""not_fresher_ws_thesis"", ""ambiguous_needs_review""]}"
2026-09-30T20:31:28.311548+00:00,sem_sumup_chief-operating-officer-pcf-42-sumup-limited_dublin-dublin-ireland,Chief Operating Officer (PCF-42) - SumUp Limited,SumUp,"Dublin, Dublin, Ireland",direct,other_tech,mid,"not_data_ai_field,not_fresher_ws_thesis,ambiguous_needs_review","{""job_id"": ""sem_sumup_chief-operating-officer-pcf-42-sumup-limited_dublin-dublin-ireland"", ""title"": ""Chief Operating Officer (PCF-42) - SumUp Limited"", ""url"": null, ""job_url"": ""https://sumup.com/careers/positions/8644924002?gh_jid=8644924002"", ""audience_reject_reasons"": [""not_data_ai_field"", ""not_fresher_ws_thesis"", ""ambiguous_needs_review""]}"
2026-09-30T20:31:28.311548+00:00,sem_sumup_commercial-terrain-ind-pendant-freelance_caen-calvados-france,Commercial Terrain - Indépendant (Freelance),SumUp,"Caen, Calvados, France",direct,other_tech,mid,"not_data_ai_field,not_fresher_ws_thesis,ambiguous_needs_review","{""job_id"": ""sem_sumup_commercial-terrain-ind-pendant-freelance_caen-calvados-france"", ""title"": ""Commercial Terrain - Ind\u00e9pendant (Freelance)"", ""url"": null, ""job_url"": ""https://sumup.com/careers/positions/8210441002?gh_jid=8210441002"", ""audience_reject_reasons"": [""not_data_ai_field"", ""not_fresher_ws_thesis"", ""ambiguous_needs_review""]}"
2026-09-30T20:31:28.311548+00:00,sem_sumup_commercial-terrain-ind-pendant-freelance_cherbourg-en-cotentin-manche-france,Commercial Terrain - Indépendant (Freelance),SumUp,"Cherbourg-en-Cotentin, Manche, France",direct,other_tech,mid,"not_data_ai_field,not_fresher_ws_thesis,ambiguous_needs_review","{""job_id"": ""sem_sumup_commercial-terrain-ind-pendant-freelance_cherbourg-en-cotentin-manche-france"", ""title"": ""Commercial Terrain - Ind\u00e9pendant (Freelance)"", ""url"": null, ""job_url"": ""https://sumup.com/careers/positions/7875352002?gh_jid=7875352002"", ""audience_reject_reasons"": [""not_data_ai_field"", ""not_fresher_ws_thesis"", ""ambiguous_needs_review""]}"
2026-09-30T20:31:28.311548+00:00,sem_sumup_commercial-terrain-ind-pendant-freelance_le-havre-seine-maritime-france,Commercial Terrain - Indépendant (Freelance),SumUp,"Le Havre, Seine-Maritime, France",direct,other_tech,mid,"not_data_ai_field,not_fresher_ws_thesis,ambiguous_needs_review","{""job_id"": ""sem_sumup_commercial-terrain-ind-pendant-freelance_le-havre-seine-maritime-france"", ""title"": ""Commercial Terrain - Ind\u00e9pendant (Freelance)"", ""url"": null, ""job_url"": ""https://sumup.com/careers/positions/8210442002?gh_jid=8210442002"", ""audience_reject_reasons"": [""not_data_ai_field"", ""not_fresher_ws_thesis"", ""ambiguous_needs_review""]}"
2026-09-30T20:31:28.311548+00:00,sem_sumup_consultor-de-vendas_lisbon-portugal,Consultor de Vendas,SumUp,"Lisbon, Portugal",direct,other_tech,mid,"not_data_ai_field,not_fresher_ws_thesis,ambiguous_needs_review","{""job_id"": ""sem_sumup_consultor-de-vendas_lisbon-portugal"", ""title"": ""Consultor de Vendas"", ""url"": null, ""job_url"": ""https://sumup.com/careers/positions/8181753002?gh_jid=8181753002"", ""audience_reject_reasons"": [""not_data_ai_field"", ""not_fresher_ws_thesis"", ""ambiguous_needs_review""]}"
2026-09-30T20:31:28.311548+00:00,sem_sumup_corporate-tax-lead_sofia-bulgaria,Corporate Tax Lead,SumUp,"Sofia, Bulgaria",direct,sap_erp,senior,"not_data_ai_field,not_fresher_ws_thesis,ambiguous_needs_review","{""job_id"": ""sem_sumup_corporate-tax-lead_sofia-bulgaria"", ""title"": ""Corporate Tax Lead"", ""url"": null, ""job_url"": ""https://sumup.com/careers/positions/8624281002?gh_jid=8624281002"", ""audience_reject_reasons"": [""not_data_ai_field"", ""not_fresher_ws_thesis"", ""ambiguous_needs_review""]}"
2026-09-30T20:31:28.311548+00:00,sem_sumup_field-sales-territory-manager-emilia-romagna_emilia-romagna-italy,Field Sales Territory Manager - Emilia-Romagna,SumUp,"Emilia-Romagna, Italy",direct,other_tech,mid,"not_data_ai_field,not_fresher_ws_thesis,ambiguous_needs_review","{""job_id"": ""sem_sumup_field-sales-territory-manager-emilia-romagna_emilia-romagna-italy"", ""title"": ""Field Sales Territory Manager - Emilia-Romagna"", ""url"": null, ""job_url"": ""https://sumup.com/careers/positions/8634749002?gh_jid=8634749002"", ""audience_reject_reasons"": [""not_data_ai_field"", ""not_fresher_ws_thesis"", ""ambiguous_needs_review""]}"
2026-09-30T20:31:28.311548+00:00,sem_sumup_field-sales-territory-manager-liguria_liguria-italy,Field Sales Territory Manager - Liguria,SumUp,"Liguria, Italy",direct,other_tech,mid,"not_data_ai_field,not_fresher_ws_thesis,ambiguous_needs_review","{""job_id"": ""sem_sumup_field-sales-territory-manager-liguria_liguria-italy"", ""title"": ""Field Sales Territory Manager - Liguria"", ""url"": null, ""job_url"": ""https://sumup.com/careers/positions/8706552002?gh_jid=8706552002"", ""audience_reject_reasons"": [""not_data_ai_field"", ""not_fresher_ws_thesis"", ""ambiguous_needs_review""]}"
2026-09-30T20:31:28.311548+00:00,sem_sumup_head-of-regional-field-sales-spain-and-portugal_barcelona-barcelona-spain,Head of Regional Field Sales - Spain and Portugal,SumUp,"Barcelona, Barcelona, Spain",direct,other_tech,senior,"not_data_ai_field,not_fresher_ws_thesis,ambiguous_needs_review","{""job_id"": ""sem_sumup_head-of-regional-field-sales-spain-and-portugal_barcelona-barcelona-spain"", ""title"": ""Head of Regional Field Sales - Spain and Portugal"", ""url"": null, ""job_url"": ""https://sumup.com/careers/positions/8811363002?gh_jid=8811363002"", ""audience_reject_reasons"": [""not_data_ai_field"", ""not_fresher_ws_thesis"", ""ambiguous_needs_review""]}"
2026-09-30T20:31:28.311548+00:00,sem_sumup_junior-complaints-compliance-specialist_sofia-bulgaria,Junior Complaints & Compliance Specialist,SumUp,"Sofia, Bulgaria",direct,other_tech,junior,"not_data_ai_field,ambiguous_needs_review","{""job_id"": ""sem_sumup_junior-complaints-compliance-specialist_sofia-bulgaria"", ""title"": ""Junior Complaints & Compliance Specialist"", ""url"": null, ""job_url"": ""https://sumup.com/careers/positions/8806268002?gh_jid=8806268002"", ""audience_reject_reasons"": [""not_data_ai_field"", ""ambiguous_needs_review""]}"
2026-09-30T20:31:28.311548+00:00,sem_sumup_junior-inbound-sales-representative-nordics_london-england-united-kingdom,Junior Inbound Sales Representative [Nordics],SumUp,"London, England, United Kingdom",direct,other_tech,junior,"not_eu,not_data_ai_field,ambiguous_needs_review","{""job_id"": ""sem_sumup_junior-inbound-sales-representative-nordics_london-england-united-kingdom"", ""title"": ""Junior Inbound Sales Representative [Nordics]"", ""url"": null, ""job_url"": ""https://sumup.com/careers/positions/8713865002?gh_jid=8713865002"", ""audience_reject_reasons"": [""not_eu"", ""not_data_ai_field"", ""ambiguous_needs_review""]}"
2026-09-30T20:31:28.311548+00:00,sem_sumup_junior-sales-development-representative_cologne-germany,Junior Sales Development Representative (m/w/d),SumUp,"Cologne, Germany",direct,other_tech,junior,"not_data_ai_field,ambiguous_needs_review","{""job_id"": ""sem_sumup_junior-sales-development-representative_cologne-germany"", ""title"": ""Junior Sales Development Representative (m/w/d)"", ""url"": null, ""job_url"": ""https://sumup.com/careers/positions/8820269002?gh_jid=8820269002"", ""audience_reject_reasons"": [""not_data_ai_field"", ""ambiguous_needs_review""]}"
2026-09-30T20:31:28.311548+00:00,sem_sumup_kyc-edd-operations-agent-german_sofia-bulgaria,KYC EDD Operations Agent (German),SumUp,"Sofia, Bulgaria",direct,other_tech,mid,"not_data_ai_field,not_fresher_ws_thesis,ambiguous_needs_review","{""job_id"": ""sem_sumup_kyc-edd-operations-agent-german_sofia-bulgaria"", ""title"": ""KYC EDD Operations Agent (German)"", ""url"": null, ""job_url"": ""https://sumup.com/careers/positions/8712769002?gh_jid=8712769002"", ""audience_reject_reasons"": [""not_data_ai_field"", ""not_fresher_ws_thesis"", ""ambiguous_needs_review""]}"
2026-09-30T20:31:28.311548+00:00,sem_sumup_kyc-operations-agent-with-dutch_sofia-bulgaria,KYC Operations Agent with Dutch,SumUp,"Sofia, Bulgaria",direct,qa_testing,mid,"not_data_ai_field,not_fresher_ws_thesis,ambiguous_needs_review","{""job_id"": ""sem_sumup_kyc-operations-agent-with-dutch_sofia-bulgaria"", ""title"": ""KYC Operations Agent with Dutch"", ""url"": null, ""job_url"": ""https://sumup.com/careers/positions/8658514002?gh_jid=8658514002"", ""audience_reject_reasons"": [""not_data_ai_field"", ""not_fresher_ws_thesis"", ""ambiguous_needs_review""]}"
2026-09-30T20:31:28.311548+00:00,sem_sumup_regional-manager-field-sales_copenhagen-denmark,Regional Manager Field Sales,SumUp,"Copenhagen, Denmark",direct,other_tech,mid,"not_data_ai_field,not_fresher_ws_thesis,ambiguous_needs_review","{""job_id"": ""sem_sumup_regional-manager-field-sales_copenhagen-denmark"", ""title"": ""Regional Manager Field Sales"", ""url"": null, ""job_url"": ""https://sumup.com/careers/positions/8622070002?gh_jid=8622070002"", ""audience_reject_reasons"": [""not_data_ai_field"", ""not_fresher_ws_thesis"", ""ambiguous_needs_review""]}"
2026-09-30T20:31:28.311548+00:00,sem_sumup_selbstst-ndiger-vertriebsmitarbeiter-au-endienst-m-w-x_vienna-vienna-austria,Selbstständiger Vertriebsmitarbeiter Außendienst (m/w/x),SumUp,"Vienna, Vienna, Austria",direct,other_tech,mid,"not_data_ai_field,not_fresher_ws_thesis,ambiguous_needs_review","{""job_id"": ""sem_sumup_selbstst-ndiger-vertriebsmitarbeiter-au-endienst-m-w-x_vienna-vienna-austria"", ""title"": ""Selbstst\u00e4ndiger Vertriebsmitarbeiter Au\u00dfendienst (m/w/x)"", ""url"": null, ""job_url"": ""https://sumup.com/careers/positions/8559397002?gh_jid=8559397002"", ""audience_reject_reasons"": [""not_data_ai_field"", ""not_fresher_ws_thesis"", ""ambiguous_needs_review""]}"
2026-09-30T20:31:28.311548+00:00,sem_sumup_senior-commercial-finance-business-partner_berlin-germany,Senior Commercial Finance Business Partner,SumUp,"Berlin, Germany",direct,other_tech,senior,"not_data_ai_field,not_fresher_ws_thesis,ambiguous_needs_review","{""job_id"": ""sem_sumup_senior-commercial-finance-business-partner_berlin-germany"", ""title"": ""Senior Commercial Finance Business Partner"", ""url"": null, ""job_url"": ""https://sumup.com/careers/positions/8745560002?gh_jid=8745560002"", ""audience_reject_reasons"": [""not_data_ai_field"", ""not_fresher_ws_thesis"", ""ambiguous_needs_review""]}"
2026-09-30T20:31:28.311548+00:00,sem_sumup_senior-commercial-finance-business-partner_london-england-united-kingdom,Senior Commercial Finance Business Partner,SumUp,"London, England, United Kingdom",direct,other_tech,senior,"not_eu,not_data_ai_field,not_fresher_ws_thesis,ambiguous_needs_review","{""job_id"": ""sem_sumup_senior-commercial-finance-business-partner_london-england-united-kingdom"", ""title"": ""Senior Commercial Finance Business Partner"", ""url"": null, ""job_url"": ""https://sumup.com/careers/positions/8690955002?gh_jid=8690955002"", ""audience_reject_reasons"": [""not_eu"", ""not_data_ai_field"", ""not_fresher_ws_thesis"", ""ambiguous_needs_review""]}"
2026-09-30T20:31:28.311548+00:00,sem_sumup_senior-internal-auditor_london-england-united-kingdom,Senior Internal Auditor,SumUp,"London, England, United Kingdom",direct,other_tech,senior,"not_eu,not_data_ai_field,not_fresher_ws_thesis,ambiguous_needs_review","{""job_id"": ""sem_sumup_senior-internal-auditor_london-england-united-kingdom"", ""title"": ""Senior Internal Auditor"", ""url"": null, ""job_url"": ""https://sumup.com/careers/positions/8646778002?gh_jid=8646778002"", ""audience_reject_reasons"": [""not_eu"", ""not_data_ai_field"", ""not_fresher_ws_thesis"", ""ambiguous_needs_review""]}"
2026-09-30T20:31:28.311548+00:00,sem_sumup_territory-sales-manager_copenhagen-denmark,Territory Sales Manager,SumUp,"Copenhagen, Denmark",direct,other_tech,mid,"not_data_ai_field,not_fresher_ws_thesis,ambiguous_needs_review","{""job_id"": ""sem_sumup_territory-sales-manager_copenhagen-denmark"", ""title"": ""Territory Sales Manager"", ""url"": null, ""job_url"": ""https://sumup.com/careers/positions/8192637002?gh_jid=8192637002"", ""audience_reject_reasons"": [""not_data_ai_field"", ""not_fresher_ws_thesis"", ""ambiguous_needs_review""]}"
2026-09-30T20:31:28.311548+00:00,sem_sumup_workday-specialist_warsaw-poland,Workday Specialist,SumUp,"Warsaw, Poland",direct,other_tech,mid,"not_data_ai_field,not_fresher_ws_thesis,ambiguous_needs_review","{""job_id"": ""sem_sumup_workday-specialist_warsaw-poland"", ""title"": ""Workday Specialist"", ""url"": null, ""job_url"": ""https://sumup.com/careers/positions/8858309002?gh_jid=8858309002"", ""audience_reject_reasons"": [""not_data_ai_field"", ""not_fresher_ws_thesis"", ""ambiguous_needs_review""]}"
2026-09-30T20:31:28.311548+00:00,sem_superchat_head-of-finance_berlin,Head of Finance (m/f/d),Superchat,Berlin,arbeitnow,other_tech,senior,"not_data_ai_field,not_fresher_ws_thesis,ambiguous_needs_review","{""job_id"": ""sem_superchat_head-of-finance_berlin"", ""title"": ""Head of Finance (m/f/d)"", ""url"": null, ""job_url"": ""https://www.arbeitnow.com/jobs/companies/superchat/head-of-finance-berlin-309813"", ""audience_reject_reasons"": [""not_data_ai_field"", ""not_fresher_ws_thesis"", ""ambiguous_needs_review""]}"
2026-09-30T20:31:28.311548+00:00,sem_tacto_account-manager_munich,(Senior) Account Manager,Tacto,Munich,arbeitnow,other_tech,senior,"not_data_ai_field,not_fresher_ws_thesis,ambiguous_needs_review","{""job_id"": ""sem_tacto_account-manager_munich"", ""title"": ""(Senior) Account Manager"", ""url"": null, ""job_url"": ""https://www.arbeitnow.com/jobs/companies/tacto/senior-account-manager-munich-96914"", ""audience_reject_reasons"": [""not_data_ai_field"", ""not_fresher_ws_thesis"", ""ambiguous_needs_review""]}"
2026-09-30T20:31:28.311548+00:00,sem_tacto_forward-deployed-engineering-team-lead_munich,Forward Deployed Engineering Team Lead,Tacto,Munich,arbeitnow,other_tech,senior,"not_data_ai_field,not_fresher_ws_thesis,ambiguous_needs_review","{""job_id"": ""sem_tacto_forward-deployed-engineering-team-lead_munich"", ""title"": ""Forward Deployed Engineering Team Lead"", ""url"": null, ""job_url"": ""https://www.arbeitnow.com/jobs/companies/tacto/forward-deployed-engineering-team-lead-munich-216208"", ""audience_reject_reasons"": [""not_data_ai_field"", ""not_fresher_ws_thesis"", ""ambiguous_needs_review""]}"
2026-09-30T20:31:28.311548+00:00,sem_teton_strategic-account-manager-uk_united-kingdom,Strategic Account Manager UK,Teton,United Kingdom,arbeitnow,other_tech,mid,"not_eu,not_data_ai_field,not_fresher_ws_thesis,ambiguous_needs_review","{""job_id"": ""sem_teton_strategic-account-manager-uk_united-kingdom"", ""title"": ""Strategic Account Manager UK"", ""url"": null, ""job_url"": ""https://www.arbeitnow.co.uk/jobs/companies/teton/strategic-account-manager-uk-united-kingdom-442747"", ""audience_reject_reasons"": [""not_eu"", ""not_data_ai_field"", ""not_fresher_ws_thesis"", ""ambiguous_needs_review""]}"
2026-09-30T20:31:28.311548+00:00,sem_thehutgroup_senior-ecommerce-executive-12m-ftc-lookfantastic_manchester,Senior Ecommerce Executive 12M Ftc | Lookfantastic,Thehutgroup,Manchester,arbeitnow,software_engineering,senior,"not_eu,not_data_ai_field,not_fresher_ws_thesis,ambiguous_needs_review","{""job_id"": ""sem_thehutgroup_senior-ecommerce-executive-12m-ftc-lookfantastic_manchester"", ""title"": ""Senior Ecommerce Executive 12M Ftc | Lookfantastic"", ""url"": null, ""job_url"": ""https://www.arbeitnow.co.uk/jobs/companies/thehutgroup/senior-ecommerce-executive-12m-ftc-lookfantastic-manchester-347112"", ""audience_reject_reasons"": [""not_eu"", ""not_data_ai_field"", ""not_fresher_ws_thesis"", ""ambiguous_needs_review""]}"
2026-09-30T20:31:28.311548+00:00,sem_thoughtworks_europe-senior-financial-accountant-fixed-term-contract_london,Europe Senior Financial Accountant - Fixed Term Contract,thoughtworks,London,arbeitnow,other_tech,senior,"not_eu,not_data_ai_field,not_fresher_ws_thesis,ambiguous_needs_review","{""job_id"": ""sem_thoughtworks_europe-senior-financial-accountant-fixed-term-contract_london"", ""title"": ""Europe Senior Financial Accountant - Fixed Term Contract"", ""url"": null, ""job_url"": ""https://www.arbeitnow.co.uk/jobs/companies/thoughtworks/europe-senior-financial-accountant-fixed-term-contract-london-210960"", ""audience_reject_reasons"": [""not_eu"", ""not_data_ai_field"", ""not_fresher_ws_thesis"", ""ambiguous_needs_review""]}"
2026-09-30T20:31:28.311548+00:00,sem_thoughtworks_senior-financial-accountant-fixed-term-contract_manchester,Senior Financial Accountant - Fixed Term Contract,thoughtworks,Manchester,arbeitnow,other_tech,senior,"not_eu,not_data_ai_field,not_fresher_ws_thesis,ambiguous_needs_review","{""job_id"": ""sem_thoughtworks_senior-financial-accountant-fixed-term-contract_manchester"", ""title"": ""Senior Financial Accountant - Fixed Term Contract"", ""url"": null, ""job_url"": ""https://www.arbeitnow.co.uk/jobs/companies/thoughtworks/senior-financial-accountant-fixed-term-contract-manchester-230407"", ""audience_reject_reasons"": [""not_eu"", ""not_data_ai_field"", ""not_fresher_ws_thesis"", ""ambiguous_needs_review""]}"
2026-09-30T20:31:28.311548+00:00,sem_thoughtworks_senior-financial-accountant-fixed-term-contract_newcastle,Senior Financial Accountant - Fixed Term Contract,thoughtworks,Newcastle,arbeitnow,other_tech,senior,"not_eu,not_data_ai_field,not_fresher_ws_thesis,ambiguous_needs_review","{""job_id"": ""sem_thoughtworks_senior-financial-accountant-fixed-term-contract_newcastle"", ""title"": ""Senior Financial Accountant - Fixed Term Contract"", ""url"": null, ""job_url"": ""https://www.arbeitnow.co.uk/jobs/companies/thoughtworks/senior-financial-accountant-fixed-term-contract-newcastle-407099"", ""audience_reject_reasons"": [""not_eu"", ""not_data_ai_field"", ""not_fresher_ws_thesis"", ""ambiguous_needs_review""]}"
2026-09-30T20:31:28.311548+00:00,sem_uplane_ai-native-landing-page-designer_remote,AI-Native Landing Page Designer,Uplane,remote,arbeitnow,other_tech,mid,"not_eu,not_data_ai_field,not_fresher_ws_thesis,ambiguous_needs_review","{""job_id"": ""sem_uplane_ai-native-landing-page-designer_remote"", ""title"": ""AI-Native Landing Page Designer"", ""url"": null, ""job_url"": ""https://www.arbeitnow.ch/jobs/companies/uplane/remote-ai-native-landing-page-designer-99931"", ""audience_reject_reasons"": [""not_eu"", ""not_data_ai_field"", ""not_fresher_ws_thesis"", ""ambiguous_needs_review""]}"
2026-09-30T20:31:28.311548+00:00,sem_uplane_ai-native-static-ad-designer_remote,AI-Native Static Ad Designer,Uplane,remote,arbeitnow,other_tech,mid,"not_eu,not_data_ai_field,not_fresher_ws_thesis,ambiguous_needs_review","{""job_id"": ""sem_uplane_ai-native-static-ad-designer_remote"", ""title"": ""AI-Native Static Ad Designer"", ""url"": null, ""job_url"": ""https://www.arbeitnow.ch/jobs/companies/uplane/remote-ai-native-static-ad-designer-209081"", ""audience_reject_reasons"": [""not_eu"", ""not_data_ai_field"", ""not_fresher_ws_thesis"", ""ambiguous_needs_review""]}"
2026-09-30T20:31:28.311548+00:00,sem_uplane_ai-native-video-producer_remote,AI-Native Video Producer,Uplane,remote,arbeitnow,other_tech,mid,"not_eu,not_data_ai_field,not_fresher_ws_thesis,ambiguous_needs_review","{""job_id"": ""sem_uplane_ai-native-video-producer_remote"", ""title"": ""AI-Native Video Producer"", ""url"": null, ""job_url"": ""https://www.arbeitnow.co.uk/jobs/companies/uplane/remote-ai-native-video-producer-290937"", ""audience_reject_reasons"": [""not_eu"", ""not_data_ai_field"", ""not_fresher_ws_thesis"", ""ambiguous_needs_review""]}"
2026-09-30T20:31:28.311548+00:00,sem_vanta_director-of-enterprise-sales-emea_london-uk,"Director of Enterprise Sales, EMEA",Vanta,"London, UK",arbeitnow,cybersecurity,mid,"not_eu,not_data_ai_field,not_fresher_ws_thesis,ambiguous_needs_review","{""job_id"": ""sem_vanta_director-of-enterprise-sales-emea_london-uk"", ""title"": ""Director of Enterprise Sales, EMEA"", ""url"": null, ""job_url"": ""https://www.arbeitnow.co.uk/jobs/companies/vanta/director-of-enterprise-sales-emea-london-24829"", ""audience_reject_reasons"": [""not_eu"", ""not_data_ai_field"", ""not_fresher_ws_thesis"", ""ambiguous_needs_review""]}"
2026-09-30T20:31:28.311548+00:00,sem_vision-rt_post-market-surveillance-complaints-specialist_north-london-or-basingstoke,Post-Market Surveillance (Complaints) Specialist,Vision RT Ltd.,North London or  Basingstoke,arbeitnow,other_tech,mid,"not_eu,not_data_ai_field,not_fresher_ws_thesis,ambiguous_needs_review","{""job_id"": ""sem_vision-rt_post-market-surveillance-complaints-specialist_north-london-or-basingstoke"", ""title"": ""Post-Market Surveillance (Complaints) Specialist"", ""url"": null, ""job_url"": ""https://www.arbeitnow.co.uk/jobs/companies/vision-rt-ltd/post-market-surveillance-complaints-specialist-north-london-or-basingstoke-107101"", ""audience_reject_reasons"": [""not_eu"", ""not_data_ai_field"", ""not_fresher_ws_thesis"", ""ambiguous_needs_review""]}"
2026-09-30T20:31:28.311548+00:00,sem_vo2-group_vo2-finance-d-veloppeur-c-confirm-trading-lectronique-front-office-cib_paris-france,[VO2 Finance] - Développeur C# Confirmé – Trading Électronique / Front-Office CIB,VO2 Group,"Paris, France",arbeitnow,other_tech,mid,"not_data_ai_field,not_fresher_ws_thesis,ambiguous_needs_review","{""job_id"": ""sem_vo2-group_vo2-finance-d-veloppeur-c-confirm-trading-lectronique-front-office-cib_paris-france"", ""title"": ""[VO2 Finance] - D\u00e9veloppeur C# Confirm\u00e9 \u2013 Trading \u00c9lectronique / Front-Office CIB"", ""url"": null, ""job_url"": ""https://www.arbeitnow.fr/jobs/companies/vo2-group/vo2-finance-developpeur-c-confirme-trading-electronique-front-office-cib-paris-france-430395"", ""audience_reject_reasons"": [""not_data_ai_field"", ""not_fresher_ws_thesis"", ""ambiguous_needs_review""]}"
2026-09-30T20:31:28.311548+00:00,sem_vo2-group_vo2-finance-d-veloppeur-c-junior-trading-lectronique-front-office-cib_paris-france,[VO2 Finance] - Développeur C# Junior – Trading Électronique / Front-Office CIB,VO2 Group,"Paris, France",arbeitnow,other_tech,junior,"not_data_ai_field,ambiguous_needs_review","{""job_id"": ""sem_vo2-group_vo2-finance-d-veloppeur-c-junior-trading-lectronique-front-office-cib_paris-france"", ""title"": ""[VO2 Finance] - D\u00e9veloppeur C# Junior \u2013 Trading \u00c9lectronique / Front-Office CIB"", ""url"": null, ""job_url"": ""https://www.arbeitnow.fr/jobs/companies/vo2-group/vo2-finance-developpeur-c-junior-trading-electronique-front-office-cib-paris-france-381923"", ""audience_reject_reasons"": [""not_data_ai_field"", ""ambiguous_needs_review""]}"
2026-09-30T20:31:28.311548+00:00,sem_voodoo_freelance-3d-artist-puzzle-studio_paris,Freelance 3D Artist - Puzzle Studio,Voodoo,Paris,arbeitnow,other_tech,mid,"not_data_ai_field,not_fresher_ws_thesis,ambiguous_needs_review","{""job_id"": ""sem_voodoo_freelance-3d-artist-puzzle-studio_paris"", ""title"": ""Freelance 3D Artist - Puzzle Studio"", ""url"": null, ""job_url"": ""https://www.arbeitnow.fr/jobs/companies/voodoo/freelance-3d-artist-puzzle-studio-paris-279337"", ""audience_reject_reasons"": [""not_data_ai_field"", ""not_fresher_ws_thesis"", ""ambiguous_needs_review""]}"
2026-09-30T20:31:28.311548+00:00,sem_voodoo_game-artist-sand-loop_paris,Game Artist - Sand Loop,Voodoo,Paris,arbeitnow,other_tech,mid,"not_data_ai_field,not_fresher_ws_thesis,ambiguous_needs_review","{""job_id"": ""sem_voodoo_game-artist-sand-loop_paris"", ""title"": ""Game Artist - Sand Loop"", ""url"": null, ""job_url"": ""https://www.arbeitnow.fr/jobs/companies/voodoo/game-artist-sand-loop-paris-477719"", ""audience_reject_reasons"": [""not_data_ai_field"", ""not_fresher_ws_thesis"", ""ambiguous_needs_review""]}"
2026-09-30T20:31:28.311548+00:00,sem_voodoo_growth-strategy-ad-monetization-manager_paris,Growth Strategy & Ad Monetization Manager,Voodoo,Paris,arbeitnow,other_tech,mid,"not_data_ai_field,not_fresher_ws_thesis,ambiguous_needs_review","{""job_id"": ""sem_voodoo_growth-strategy-ad-monetization-manager_paris"", ""title"": ""Growth Strategy & Ad Monetization Manager"", ""url"": null, ""job_url"": ""https://www.arbeitnow.fr/jobs/companies/voodoo/growth-strategy-ad-monetization-manager-paris-171308"", ""audience_reject_reasons"": [""not_data_ai_field"", ""not_fresher_ws_thesis"", ""ambiguous_needs_review""]}"
2026-09-30T20:31:28.311548+00:00,sem_voodoo_marketing-video-artist-growth_paris,Marketing Video Artist - Growth,Voodoo,Paris,arbeitnow,other_tech,mid,"not_data_ai_field,not_fresher_ws_thesis,ambiguous_needs_review","{""job_id"": ""sem_voodoo_marketing-video-artist-growth_paris"", ""title"": ""Marketing Video Artist - Growth"", ""url"": null, ""job_url"": ""https://www.arbeitnow.fr/jobs/companies/voodoo/marketing-video-artist-growth-paris-39219"", ""audience_reject_reasons"": [""not_data_ai_field"", ""not_fresher_ws_thesis"", ""ambiguous_needs_review""]}"
2026-09-30T20:31:28.311548+00:00,sem_what_growth-marketing-consultant-manager-german-required_z-rich-z-rich-switzerland,Growth Marketing Consultant/Manager (German required),what. AG,"Zürich, Zürich, Switzerland",arbeitnow,other_tech,mid,"not_eu,not_data_ai_field,not_fresher_ws_thesis,ambiguous_needs_review","{""job_id"": ""sem_what_growth-marketing-consultant-manager-german-required_z-rich-z-rich-switzerland"", ""title"": ""Growth Marketing Consultant/Manager (German required)"", ""url"": null, ""job_url"": ""https://www.arbeitnow.ch/jobs/companies/what-ag/growth-marketing-consultant-manager-german-required-zurich-15607"", ""audience_reject_reasons"": [""not_eu"", ""not_data_ai_field"", ""not_fresher_ws_thesis"", ""ambiguous_needs_review""]}"
2026-09-30T20:31:28.311548+00:00,sem_wizinc_enterprise-account-executive_,Enterprise Account Executive,wizinc,,arbeitnow,cybersecurity,mid,"not_eu,not_data_ai_field,not_fresher_ws_thesis,ambiguous_needs_review","{""job_id"": ""sem_wizinc_enterprise-account-executive_"", ""title"": ""Enterprise Account Executive"", ""url"": null, ""job_url"": ""https://www.arbeitnow.co.uk/jobs/companies/wizinc/enterprise-account-executive-165785"", ""audience_reject_reasons"": [""not_eu"", ""not_data_ai_field"", ""not_fresher_ws_thesis"", ""ambiguous_needs_review""]}"
2026-09-30T20:31:28.311548+00:00,sem_wizinc_mid-enterprise-account-executive_,Mid-Enterprise Account Executive,wizinc,,arbeitnow,cybersecurity,mid,"not_eu,not_data_ai_field,not_fresher_ws_thesis,ambiguous_needs_review","{""job_id"": ""sem_wizinc_mid-enterprise-account-executive_"", ""title"": ""Mid-Enterprise Account Executive"", ""url"": null, ""job_url"": ""https://www.arbeitnow.co.uk/jobs/companies/wizinc/mid-enterprise-account-executive-115217"", ""audience_reject_reasons"": [""not_eu"", ""not_data_ai_field"", ""not_fresher_ws_thesis"", ""ambiguous_needs_review""]}"
2026-09-30T20:31:28.311548+00:00,sem_zara_visual-commercial_m-nster,Visual Commercial (m/w/d),Zara,Münster,arbeitnow,other_tech,mid,"not_data_ai_field,not_fresher_ws_thesis,ambiguous_needs_review","{""job_id"": ""sem_zara_visual-commercial_m-nster"", ""title"": ""Visual Commercial (m/w/d)"", ""url"": null, ""job_url"": ""https://www.arbeitnow.com/jobs/companies/zara/visual-commercial-munster-369375"", ""audience_reject_reasons"": [""not_data_ai_field"", ""not_fresher_ws_thesis"", ""ambiguous_needs_review""]}"
2026-09-30T20:31:28.311548+00:00,sem_zscaler_account-executive-majors-romandy_,"Account Executive, Majors - Romandy",zscaler,,arbeitnow,other_tech,mid,"not_eu,not_data_ai_field,not_fresher_ws_thesis,ambiguous_needs_review","{""job_id"": ""sem_zscaler_account-executive-majors-romandy_"", ""title"": ""Account Executive, Majors - Romandy"", ""url"": null, ""job_url"": ""https://www.arbeitnow.ch/jobs/companies/zscaler/account-executive-majors-romandy-314508"", ""audience_reject_reasons"": [""not_eu"", ""not_data_ai_field"", ""not_fresher_ws_thesis"", ""ambiguous_needs_review""]}"
2026-09-30T20:38:57.668185+00:00,sem_6pm_junior-art-director_berlin,Junior Art Director (m/w/d),6PM GmbH,Berlin,arbeitnow,other_tech,junior,"not_data_ai_field,ambiguous_needs_review","{""job_id"": ""sem_6pm_junior-art-director_berlin"", ""title"": ""Junior Art Director (m/w/d)"", ""url"": null, ""job_url"": ""https://www.arbeitnow.com/jobs/companies/6pm-gmbh/junior-art-director-berlin-133887"", ""audience_reject_reasons"": [""not_data_ai_field"", ""ambiguous_needs_review""]}"
2026-09-30T20:38:57.668185+00:00,sem_6pm_producer-content-brand-experience_berlin,Producer Content & Brand Experience (m/w/d),6PM GmbH,Berlin,arbeitnow,other_tech,mid,"not_data_ai_field,not_fresher_ws_thesis,ambiguous_needs_review","{""job_id"": ""sem_6pm_producer-content-brand-experience_berlin"", ""title"": ""Producer Content & Brand Experience (m/w/d)"", ""url"": null, ""job_url"": ""https://www.arbeitnow.com/jobs/companies/6pm-gmbh/producer-content-brand-experience-berlin-19216"", ""audience_reject_reasons"": [""not_data_ai_field"", ""not_fresher_ws_thesis"", ""ambiguous_needs_review""]}"
2026-09-30T20:38:57.668185+00:00,sem_absolute-jobs-oostende_diagnosic-technician-testing_be-be255,Diagnosic technician testing,Absolute Jobs Oostende,BE (BE255),eures,other_tech,mid,"not_data_ai_field,not_fresher_ws_thesis,ambiguous_needs_review","{""job_id"": ""sem_absolute-jobs-oostende_diagnosic-technician-testing_be-be255"", ""title"": ""Diagnosic technician testing"", ""url"": null, ""job_url"": ""https://europa.eu/eures/portal/jv-se/jv-details/M2JlNThiNTItNzkxNS00NmM0LTg0YzUtOTNhZGNiZjI1N2ExIDM?jvDisplayLanguage=nl&lang=nl"", ""audience_reject_reasons"": [""not_data_ai_field"", ""not_fresher_ws_thesis"", ""ambiguous_needs_review""]}"
2026-09-30T20:38:57.668185+00:00,sem_absolute-jobs-oostende_electrical-maintenance-technician_be-be255,Electrical maintenance technician,Absolute Jobs Oostende,BE (BE255),eures,other_tech,mid,"not_data_ai_field,not_fresher_ws_thesis,ambiguous_needs_review","{""job_id"": ""sem_absolute-jobs-oostende_electrical-maintenance-technician_be-be255"", ""title"": ""Electrical maintenance technician"", ""url"": null, ""job_url"": ""https://europa.eu/eures/portal/jv-se/jv-details/MzNlNWUxNzUtMjJhNy00MGIyLWI3ZGItYTJlMGYwNDJkYjA5IDM?jvDisplayLanguage=nl&lang=nl"", ""audience_reject_reasons"": [""not_data_ai_field"", ""not_fresher_ws_thesis"", ""ambiguous_needs_review""]}"
2026-09-30T20:38:57.668185+00:00,sem_acadia-job-listings_associate-director-manufacturing-drug-substance_zug,"Associate Director, Manufacturing (Drug Substance)",Acadia Job Listings,Zug,arbeitnow,qa_testing,mid,"not_eu,not_data_ai_field,not_fresher_ws_thesis,ambiguous_needs_review","{""job_id"": ""sem_acadia-job-listings_associate-director-manufacturing-drug-substance_zug"", ""title"": ""Associate Director, Manufacturing (Drug Substance)"", ""url"": null, ""job_url"": ""https://www.arbeitnow.ch/jobs/companies/acadia-job-listings/associate-director-manufacturing-drug-substance-zug-265251"", ""audience_reject_reasons"": [""not_eu"", ""not_data_ai_field"", ""not_fresher_ws_thesis"", ""ambiguous_needs_review""]}"
2026-09-30T20:38:57.668185+00:00,sem_acadia-job-listings_associate-director-regulatory-affairs-europe_zug,Associate Director Regulatory Affairs Europe,Acadia Job Listings,Zug,arbeitnow,other_tech,mid,"not_eu,not_data_ai_field,not_fresher_ws_thesis,ambiguous_needs_review","{""job_id"": ""sem_acadia-job-listings_associate-director-regulatory-affairs-europe_zug"", ""title"": ""Associate Director Regulatory Affairs Europe"", ""url"": null, ""job_url"": ""https://www.arbeitnow.ch/jobs/companies/acadia-job-listings/associate-director-regulatory-affairs-europe-zug-176813"", ""audience_reject_reasons"": [""not_eu"", ""not_data_ai_field"", ""not_fresher_ws_thesis"", ""ambiguous_needs_review""]}"
2026-09-30T20:38:57.668185+00:00,sem_actief-construct-torhout_elektricien-hvac-klimaatinstallaties_be-be234,Elektricien HVAC Klimaatinstallaties,Actief Construct Torhout,BE (BE234),eures,other_tech,mid,"not_data_ai_field,not_fresher_ws_thesis,ambiguous_needs_review","{""job_id"": ""sem_actief-construct-torhout_elektricien-hvac-klimaatinstallaties_be-be234"", ""title"": ""Elektricien HVAC Klimaatinstallaties"", ""url"": null, ""job_url"": ""https://europa.eu/eures/portal/jv-se/jv-details/YjM0NmJlMjUtMjEzMC00NjM2LWEyYTItM2FiMTFlNjRlYmViIDM?jvDisplayLanguage=nl&lang=nl"", ""audience_reject_reasons"": [""not_data_ai_field"", ""not_fresher_ws_thesis"", ""ambiguous_needs_review""]}"
2026-09-30T20:38:57.668185+00:00,sem_actief-interim-izegem_technisch-commercieel-medewerker-binnendienst_be-be256,Technisch (Commercieel) Medewerker Binnendienst,Actief Interim Izegem,BE (BE256),eures,non_tech,mid,"not_data_ai_field,not_fresher_ws_thesis,ambiguous_needs_review","{""job_id"": ""sem_actief-interim-izegem_technisch-commercieel-medewerker-binnendienst_be-be256"", ""title"": ""Technisch (Commercieel) Medewerker Binnendienst"", ""url"": null, ""job_url"": ""https://europa.eu/eures/portal/jv-se/jv-details/YzVhNTVkMWEtOTBjYy00OWI3LTkxODAtNTFhNmE3MDRhNWI2IDM?jvDisplayLanguage=nl&lang=nl"", ""audience_reject_reasons"": [""not_data_ai_field"", ""not_fresher_ws_thesis"", ""ambiguous_needs_review""]}"
2026-09-30T20:38:57.668185+00:00,sem_actief-interim-oostkamp_helpdeskmedewerker-firstline-franse-kennis-vereist_be-be251,Helpdeskmedewerker firstline - Franse kennis vereist,Actief Interim Oostkamp,BE (BE251),eures,other_tech,mid,"not_data_ai_field,not_fresher_ws_thesis,ambiguous_needs_review","{""job_id"": ""sem_actief-interim-oostkamp_helpdeskmedewerker-firstline-franse-kennis-vereist_be-be251"", ""title"": ""Helpdeskmedewerker firstline - Franse kennis vereist"", ""url"": null, ""job_url"": ""https://europa.eu/eures/portal/jv-se/jv-details/ZTY3ZDBlZDItMWZkOC00MzQ0LWE2YmMtOGM2NmQ1MmJiODZiIDM?jvDisplayLanguage=nl&lang=nl"", ""audience_reject_reasons"": [""not_data_ai_field"", ""not_fresher_ws_thesis"", ""ambiguous_needs_review""]}"
2026-09-30T20:38:57.668185+00:00,sem_actief-interim-turnhout_cnc-operator-metaalindustrie_be-be213,CNC operator metaalindustrie,Actief Interim Turnhout,BE (BE213),eures,other_tech,mid,"not_data_ai_field,not_fresher_ws_thesis,ambiguous_needs_review","{""job_id"": ""sem_actief-interim-turnhout_cnc-operator-metaalindustrie_be-be213"", ""title"": ""CNC operator metaalindustrie"", ""url"": null, ""job_url"": ""https://europa.eu/eures/portal/jv-se/jv-details/OGNiYzRmM2UtZTE0MS00NTdkLTk2MmEtYTJjZmRiMDEyNmYyIDM?jvDisplayLanguage=nl&lang=nl"", ""audience_reject_reasons"": [""not_data_ai_field"", ""not_fresher_ws_thesis"", ""ambiguous_needs_review""]}"
2026-09-30T20:38:57.668185+00:00,sem_aloyoga_stock-manager-seasonal-fixed-term-saint-tropez_,Stock Manager (Seasonal Fixed-Term) - Saint-Tropez,Aloyoga,,arbeitnow,other_tech,mid,"not_eu,not_data_ai_field,not_fresher_ws_thesis,ambiguous_needs_review","{""job_id"": ""sem_aloyoga_stock-manager-seasonal-fixed-term-saint-tropez_"", ""title"": ""Stock Manager (Seasonal Fixed-Term) - Saint-Tropez"", ""url"": null, ""job_url"": ""https://www.arbeitnow.fr/jobs/companies/aloyoga/stock-manager-seasonal-fixed-term-saint-tropez-490550"", ""audience_reject_reasons"": [""not_eu"", ""not_data_ai_field"", ""not_fresher_ws_thesis"", ""ambiguous_needs_review""]}"
2026-09-30T20:38:57.668185+00:00,sem_aloyoga_visual-manager-seasonal-fixed-term-saint-tropez_,Visual Manager (Seasonal Fixed-Term) - Saint-Tropez,Aloyoga,,arbeitnow,other_tech,mid,"not_eu,not_data_ai_field,not_fresher_ws_thesis,ambiguous_needs_review","{""job_id"": ""sem_aloyoga_visual-manager-seasonal-fixed-term-saint-tropez_"", ""title"": ""Visual Manager (Seasonal Fixed-Term) - Saint-Tropez"", ""url"": null, ""job_url"": ""https://www.arbeitnow.fr/jobs/companies/aloyoga/visual-manager-seasonal-fixed-term-saint-tropez-339032"", ""audience_reject_reasons"": [""not_eu"", ""not_data_ai_field"", ""not_fresher_ws_thesis"", ""ambiguous_needs_review""]}"
2026-09-30T20:38:57.668185+00:00,sem_artes-group_lasser_be-be234,Lasser,ARTES GROUP,BE (BE234),eures,other_tech,mid,"not_data_ai_field,not_fresher_ws_thesis,ambiguous_needs_review","{""job_id"": ""sem_artes-group_lasser_be-be234"", ""title"": ""Lasser"", ""url"": null, ""job_url"": ""https://europa.eu/eures/portal/jv-se/jv-details/ZDc0NjJlMGUtYmUxZS00MzZjLTg0ZjktMTBkNzc1YWY3ZjRhIDM?jvDisplayLanguage=nl&lang=nl"", ""audience_reject_reasons"": [""not_data_ai_field"", ""not_fresher_ws_thesis"", ""ambiguous_needs_review""]}"
2026-09-30T20:38:57.668185+00:00,sem_awin_head-of-product-ai-enablement_berlin-berlin,"Head of Product, AI Enablement (f/m/d)",Awin,"Berlin, Berlin",arbeitnow,embedded_systems,senior,"not_data_ai_field,not_fresher_ws_thesis,ambiguous_needs_review","{""job_id"": ""sem_awin_head-of-product-ai-enablement_berlin-berlin"", ""title"": ""Head of Product, AI Enablement (f/m/d)"", ""url"": null, ""job_url"": ""https://www.arbeitnow.com/jobs/companies/awin/head-of-product-ai-enablement-berlin-berlin-254713"", ""audience_reject_reasons"": [""not_data_ai_field"", ""not_fresher_ws_thesis"", ""ambiguous_needs_review""]}"
2026-09-30T20:38:57.668185+00:00,sem_bleckmann-belgi-wh-desteldonk_orderpicker_be-be234,Orderpicker,Bleckmann België (WH Desteldonk),BE (BE234),eures,other_tech,mid,"not_data_ai_field,not_fresher_ws_thesis,ambiguous_needs_review","{""job_id"": ""sem_bleckmann-belgi-wh-desteldonk_orderpicker_be-be234"", ""title"": ""Orderpicker"", ""url"": null, ""job_url"": ""https://europa.eu/eures/portal/jv-se/jv-details/ZjcwYjM3ZGYtY2RiOS00MDZlLWJhNTAtMjhiNzkwMWEyYmZjIDM?jvDisplayLanguage=nl&lang=nl"", ""audience_reject_reasons"": [""not_data_ai_field"", ""not_fresher_ws_thesis"", ""ambiguous_needs_review""]}"
2026-09-30T20:38:57.668185+00:00,sem_build-software_account-executive-erp_be-be224,Account Executive ERP,Build-Software,BE (BE224),eures,other_tech,mid,"not_data_ai_field,not_fresher_ws_thesis,ambiguous_needs_review","{""job_id"": ""sem_build-software_account-executive-erp_be-be224"", ""title"": ""Account Executive ERP"", ""url"": null, ""job_url"": ""https://europa.eu/eures/portal/jv-se/jv-details/MTBmZjFlMzYtOTIzMy00NzA5LWI3ZTQtMDkwMDE3MjliZTQ4IDM?jvDisplayLanguage=nl&lang=nl"", ""audience_reject_reasons"": [""not_data_ai_field"", ""not_fresher_ws_thesis"", ""ambiguous_needs_review""]}"
2026-09-30T20:38:57.668185+00:00,sem_bunq_deputy-head-of-legal_amsterdam-noord-holland-netherlands,Deputy Head of Legal,Bunq,"Amsterdam, Noord-Holland, Netherlands",direct,other_tech,senior,"not_data_ai_field,not_fresher_ws_thesis,ambiguous_needs_review","{""job_id"": ""sem_bunq_deputy-head-of-legal_amsterdam-noord-holland-netherlands"", ""title"": ""Deputy Head of Legal"", ""url"": null, ""job_url"": ""https://careers.bunq.com/o/deputy-head-of-legal"", ""audience_reject_reasons"": [""not_data_ai_field"", ""not_fresher_ws_thesis"", ""ambiguous_needs_review""]}"
2026-09-30T20:38:57.668185+00:00,sem_bunq_head-of-people_amsterdam-noord-holland-netherlands,Head of People,Bunq,"Amsterdam, Noord-Holland, Netherlands",direct,other_tech,senior,"not_data_ai_field,not_fresher_ws_thesis,ambiguous_needs_review","{""job_id"": ""sem_bunq_head-of-people_amsterdam-noord-holland-netherlands"", ""title"": ""Head of People"", ""url"": null, ""job_url"": ""https://careers.bunq.com/o/head-of-people-6"", ""audience_reject_reasons"": [""not_data_ai_field"", ""not_fresher_ws_thesis"", ""ambiguous_needs_review""]}"
2026-09-30T20:38:57.668185+00:00,sem_bwh-hotel-group-france_consultant-e-commercial-d-veloppement-r-seau-h-telier-cdi-h-f_fr-fr105,CONSULTANT.E COMMERCIAL  DÉVELOPPEMENT RÉSEAU HÔTELIER - CDI - H/F,BWH HOTEL GROUP FRANCE,FR (FR105),eures,other_tech,mid,"not_data_ai_field,not_fresher_ws_thesis,ambiguous_needs_review","{""job_id"": ""sem_bwh-hotel-group-france_consultant-e-commercial-d-veloppement-r-seau-h-telier-cdi-h-f_fr-fr105"", ""title"": ""CONSULTANT.E COMMERCIAL  D\u00c9VELOPPEMENT R\u00c9SEAU H\u00d4TELIER - CDI - H/F"", ""url"": null, ""job_url"": ""https://europa.eu/eures/portal/jv-se/jv-details/NjUzMjQ1NCA5?jvDisplayLanguage=fr&lang=fr"", ""audience_reject_reasons"": [""not_data_ai_field"", ""not_fresher_ws_thesis"", ""ambiguous_needs_review""]}"
2026-09-30T20:38:57.668185+00:00,sem_camion-transport-wil-ct_impiegato-in-logistica_ch-ch070,impiegato in logistica,Camion-Transport AG Wil CT,CH (CH070),eures,non_tech,mid,"not_eu,not_data_ai_field,not_fresher_ws_thesis,ambiguous_needs_review","{""job_id"": ""sem_camion-transport-wil-ct_impiegato-in-logistica_ch-ch070"", ""title"": ""impiegato in logistica"", ""url"": null, ""job_url"": ""https://europa.eu/eures/portal/jv-se/jv-details/NTg3NThlODgtNjg5ZS00NjY2LWJjY2UtZDhiZDJkNmJkNjA2IDYx?jvDisplayLanguage=en&lang=en"", ""audience_reject_reasons"": [""not_eu"", ""not_data_ai_field"", ""not_fresher_ws_thesis"", ""ambiguous_needs_review""]}"
2026-09-30T20:38:57.668185+00:00,sem_campus-schoonmeersen_lector-hvac-en-elektromechanische-systemen-onderwijsontwikkeling-databeheer-en-stagebegeleiding_be-be234,"Lector HVAC en elektromechanische systemen – onderwijsontwikkeling, databeheer en stagebegeleiding",Campus Schoonmeersen,BE (BE234),eures,other_tech,mid,"not_data_ai_field,not_fresher_ws_thesis,ambiguous_needs_review","{""job_id"": ""sem_campus-schoonmeersen_lector-hvac-en-elektromechanische-systemen-onderwijsontwikkeling-databeheer-en-stagebegeleiding_be-be234"", ""title"": ""Lector HVAC en elektromechanische systemen \u2013 onderwijsontwikkeling, databeheer en stagebegeleiding"", ""url"": null, ""job_url"": ""https://europa.eu/eures/portal/jv-se/jv-details/Nzc2NjAxZWItMzgxNy00NDEyLTkyZjYtNGYyYWI5MTc3Njg1IDM?jvDisplayLanguage=nl&lang=nl"", ""audience_reject_reasons"": [""not_data_ai_field"", ""not_fresher_ws_thesis"", ""ambiguous_needs_review""]}"
2026-09-30T20:38:57.668185+00:00,sem_celonis_associate-account-executive-top-talent-sales-program-lunar_munich-germany,Associate Account Executive (Top Talent Sales Program - Lunar),Celonis,"Munich, Germany",direct,other_tech,mid,"not_data_ai_field,not_fresher_ws_thesis,ambiguous_needs_review","{""job_id"": ""sem_celonis_associate-account-executive-top-talent-sales-program-lunar_munich-germany"", ""title"": ""Associate Account Executive (Top Talent Sales Program - Lunar)"", ""url"": null, ""job_url"": ""https://job-boards.greenhouse.io/celonis/jobs/7816965003?gh_jid=7816965003"", ""audience_reject_reasons"": [""not_data_ai_field"", ""not_fresher_ws_thesis"", ""ambiguous_needs_review""]}"
2026-09-30T20:38:57.668185+00:00,sem_celonis_client-value-partner-defence-government-sc-cleared_london-united-kingdom,Client Value Partner - Defence & Government - SC Cleared,Celonis,"London, United Kingdom",direct,other_tech,mid,"not_eu,not_data_ai_field,not_fresher_ws_thesis,ambiguous_needs_review","{""job_id"": ""sem_celonis_client-value-partner-defence-government-sc-cleared_london-united-kingdom"", ""title"": ""Client Value Partner - Defence & Government - SC Cleared"", ""url"": null, ""job_url"": ""https://job-boards.greenhouse.io/celonis/jobs/7817394003?gh_jid=7817394003"", ""audience_reject_reasons"": [""not_eu"", ""not_data_ai_field"", ""not_fresher_ws_thesis"", ""ambiguous_needs_review""]}"
2026-09-30T20:38:57.668185+00:00,sem_celonis_client-value-partner-insurance-service-industries_munich-germany,Client Value Partner - (Insurance / Service Industries),Celonis,"Munich, Germany",direct,other_tech,mid,"not_data_ai_field,not_fresher_ws_thesis,ambiguous_needs_review","{""job_id"": ""sem_celonis_client-value-partner-insurance-service-industries_munich-germany"", ""title"": ""Client Value Partner - (Insurance / Service Industries)"", ""url"": null, ""job_url"": ""https://job-boards.greenhouse.io/celonis/jobs/7775171003?gh_jid=7775171003"", ""audience_reject_reasons"": [""not_data_ai_field"", ""not_fresher_ws_thesis"", ""ambiguous_needs_review""]}"
2026-09-30T20:38:57.668185+00:00,sem_celonis_client-value-partner-mining_london-united-kingdom,Client Value Partner - Mining,Celonis,"London, United Kingdom",direct,other_tech,mid,"not_eu,not_data_ai_field,not_fresher_ws_thesis,ambiguous_needs_review","{""job_id"": ""sem_celonis_client-value-partner-mining_london-united-kingdom"", ""title"": ""Client Value Partner - Mining"", ""url"": null, ""job_url"": ""https://job-boards.greenhouse.io/celonis/jobs/7712957003?gh_jid=7712957003"", ""audience_reject_reasons"": [""not_eu"", ""not_data_ai_field"", ""not_fresher_ws_thesis"", ""ambiguous_needs_review""]}"
2026-09-30T20:38:57.668185+00:00,sem_celonis_client-value-partner-pharmaceuticals_london-united-kingdom,Client Value Partner - Pharmaceuticals,Celonis,"London, United Kingdom",direct,other_tech,mid,"not_eu,not_data_ai_field,not_fresher_ws_thesis,ambiguous_needs_review","{""job_id"": ""sem_celonis_client-value-partner-pharmaceuticals_london-united-kingdom"", ""title"": ""Client Value Partner - Pharmaceuticals"", ""url"": null, ""job_url"": ""https://job-boards.greenhouse.io/celonis/jobs/7725740003?gh_jid=7725740003"", ""audience_reject_reasons"": [""not_eu"", ""not_data_ai_field"", ""not_fresher_ws_thesis"", ""ambiguous_needs_review""]}"
2026-09-30T20:38:57.668185+00:00,sem_celonis_client-value-partner-public-sector-security-cleared_london-united-kingdom,Client Value Partner - Public Sector - Security Cleared,Celonis,"London, United Kingdom",direct,other_tech,mid,"not_eu,not_data_ai_field,not_fresher_ws_thesis,ambiguous_needs_review","{""job_id"": ""sem_celonis_client-value-partner-public-sector-security-cleared_london-united-kingdom"", ""title"": ""Client Value Partner - Public Sector - Security Cleared"", ""url"": null, ""job_url"": ""https://job-boards.greenhouse.io/celonis/jobs/7817395003?gh_jid=7817395003"", ""audience_reject_reasons"": [""not_eu"", ""not_data_ai_field"", ""not_fresher_ws_thesis"", ""ambiguous_needs_review""]}"
2026-09-30T20:38:57.668185+00:00,sem_celonis_client-value-partner-public-sector_london-united-kingdom,Client Value Partner - Public Sector,Celonis,"London, United Kingdom",direct,other_tech,mid,"not_eu,not_data_ai_field,not_fresher_ws_thesis,ambiguous_needs_review","{""job_id"": ""sem_celonis_client-value-partner-public-sector_london-united-kingdom"", ""title"": ""Client Value Partner - Public Sector"", ""url"": null, ""job_url"": ""https://job-boards.greenhouse.io/celonis/jobs/7725748003?gh_jid=7725748003"", ""audience_reject_reasons"": [""not_eu"", ""not_data_ai_field"", ""not_fresher_ws_thesis"", ""ambiguous_needs_review""]}"
2026-09-30T20:38:57.668185+00:00,sem_celonis_client-value-partner_stockholm-sweden,Client Value Partner,Celonis,"Stockholm, Sweden",direct,other_tech,mid,"not_data_ai_field,not_fresher_ws_thesis,ambiguous_needs_review","{""job_id"": ""sem_celonis_client-value-partner_stockholm-sweden"", ""title"": ""Client Value Partner"", ""url"": null, ""job_url"": ""https://job-boards.greenhouse.io/celonis/jobs/7817240003?gh_jid=7817240003"", ""audience_reject_reasons"": [""not_data_ai_field"", ""not_fresher_ws_thesis"", ""ambiguous_needs_review""]}"
2026-09-30T20:38:57.668185+00:00,sem_celonis_customer-advocacy-customer-marketing-graduated-internship-12-months_madrid-spain,Customer Advocacy & Customer Marketing Graduated Internship (12 months),Celonis,"Madrid, Spain",direct,other_tech,internship,"not_data_ai_field,ambiguous_needs_review","{""job_id"": ""sem_celonis_customer-advocacy-customer-marketing-graduated-internship-12-months_madrid-spain"", ""title"": ""Customer Advocacy & Customer Marketing Graduated Internship (12 months)"", ""url"": null, ""job_url"": ""https://job-boards.greenhouse.io/celonis/jobs/7998286003?gh_jid=7998286003"", ""audience_reject_reasons"": [""not_data_ai_field"", ""ambiguous_needs_review""]}"
2026-09-30T20:38:57.668185+00:00,sem_celonis_global-sales-excellence-leader_london-united-kingdom,Global Sales Excellence Leader,Celonis,"London, United Kingdom",direct,other_tech,mid,"not_eu,not_data_ai_field,not_fresher_ws_thesis,ambiguous_needs_review","{""job_id"": ""sem_celonis_global-sales-excellence-leader_london-united-kingdom"", ""title"": ""Global Sales Excellence Leader"", ""url"": null, ""job_url"": ""https://job-boards.greenhouse.io/celonis/jobs/7854283003?gh_jid=7854283003"", ""audience_reject_reasons"": [""not_eu"", ""not_data_ai_field"", ""not_fresher_ws_thesis"", ""ambiguous_needs_review""]}"
2026-09-30T20:38:57.668185+00:00,sem_celonis_gtm-program-manager_london-united-kingdom,GTM Program Manager,Celonis,"London, United Kingdom",direct,other_tech,mid,"not_eu,not_data_ai_field,not_fresher_ws_thesis,ambiguous_needs_review","{""job_id"": ""sem_celonis_gtm-program-manager_london-united-kingdom"", ""title"": ""GTM Program Manager"", ""url"": null, ""job_url"": ""https://job-boards.greenhouse.io/celonis/jobs/7827537003?gh_jid=7827537003"", ""audience_reject_reasons"": [""not_eu"", ""not_data_ai_field"", ""not_fresher_ws_thesis"", ""ambiguous_needs_review""]}"
2026-09-30T20:38:57.668185+00:00,sem_celonis_head-of-industry-retail-cpg_munich-germany,Head of Industry - Retail & CPG,Celonis,"Munich, Germany",direct,other_tech,senior,"not_data_ai_field,not_fresher_ws_thesis,ambiguous_needs_review","{""job_id"": ""sem_celonis_head-of-industry-retail-cpg_munich-germany"", ""title"": ""Head of Industry - Retail & CPG"", ""url"": null, ""job_url"": ""https://job-boards.greenhouse.io/celonis/jobs/6313858003?gh_jid=6313858003"", ""audience_reject_reasons"": [""not_data_ai_field"", ""not_fresher_ws_thesis"", ""ambiguous_needs_review""]}"
2026-09-30T20:38:57.668185+00:00,sem_celonis_head-of-value-engineering-nordics_copenhagen-denmark,Head of Value Engineering - Nordics,Celonis,"Copenhagen, Denmark",direct,other_tech,senior,"not_data_ai_field,not_fresher_ws_thesis,ambiguous_needs_review","{""job_id"": ""sem_celonis_head-of-value-engineering-nordics_copenhagen-denmark"", ""title"": ""Head of Value Engineering - Nordics"", ""url"": null, ""job_url"": ""https://job-boards.greenhouse.io/celonis/jobs/7683735003?gh_jid=7683735003"", ""audience_reject_reasons"": [""not_data_ai_field"", ""not_fresher_ws_thesis"", ""ambiguous_needs_review""]}"
2026-09-30T20:38:57.668185+00:00,sem_celonis_head-of-value-engineering-nordics_stockholm-sweden,Head of Value Engineering - Nordics,Celonis,"Stockholm, Sweden",direct,other_tech,senior,"not_data_ai_field,not_fresher_ws_thesis,ambiguous_needs_review","{""job_id"": ""sem_celonis_head-of-value-engineering-nordics_stockholm-sweden"", ""title"": ""Head of Value Engineering - Nordics"", ""url"": null, ""job_url"": ""https://job-boards.greenhouse.io/celonis/jobs/7683737003?gh_jid=7683737003"", ""audience_reject_reasons"": [""not_data_ai_field"", ""not_fresher_ws_thesis"", ""ambiguous_needs_review""]}"
2026-09-30T20:38:57.668185+00:00,sem_celonis_intern-deal-operations-and-analysis_madrid-spain,Intern Deal Operations and Analysis,Celonis,"Madrid, Spain",direct,other_tech,internship,"not_data_ai_field,ambiguous_needs_review","{""job_id"": ""sem_celonis_intern-deal-operations-and-analysis_madrid-spain"", ""title"": ""Intern Deal Operations and Analysis"", ""url"": null, ""job_url"": ""https://job-boards.greenhouse.io/celonis/jobs/7996939003?gh_jid=7996939003"", ""audience_reject_reasons"": [""not_data_ai_field"", ""ambiguous_needs_review""]}"
2026-09-30T20:38:57.668185+00:00,sem_celonis_intern-external-communications_munich-germany,Intern External Communications,Celonis,"Munich, Germany",direct,other_tech,internship,"not_data_ai_field,ambiguous_needs_review","{""job_id"": ""sem_celonis_intern-external-communications_munich-germany"", ""title"": ""Intern External Communications"", ""url"": null, ""job_url"": ""https://job-boards.greenhouse.io/celonis/jobs/8005202003?gh_jid=8005202003"", ""audience_reject_reasons"": [""not_data_ai_field"", ""ambiguous_needs_review""]}"
2026-09-30T20:38:57.668185+00:00,sem_celonis_manager-pre-sales-and-solution-engineering-nordics_copenhagen-denmark,"Manager, Pre-Sales and Solution Engineering - Nordics",Celonis,"Copenhagen, Denmark",direct,other_tech,mid,"not_data_ai_field,not_fresher_ws_thesis,ambiguous_needs_review","{""job_id"": ""sem_celonis_manager-pre-sales-and-solution-engineering-nordics_copenhagen-denmark"", ""title"": ""Manager, Pre-Sales and Solution Engineering - Nordics"", ""url"": null, ""job_url"": ""https://job-boards.greenhouse.io/celonis/jobs/7683734003?gh_jid=7683734003"", ""audience_reject_reasons"": [""not_data_ai_field"", ""not_fresher_ws_thesis"", ""ambiguous_needs_review""]}"
2026-09-30T20:38:57.668185+00:00,sem_celonis_manager-pre-sales-and-solution-engineering-nordics_stockholm-sweden,"Manager, Pre-Sales and Solution Engineering - Nordics",Celonis,"Stockholm, Sweden",direct,other_tech,mid,"not_data_ai_field,not_fresher_ws_thesis,ambiguous_needs_review","{""job_id"": ""sem_celonis_manager-pre-sales-and-solution-engineering-nordics_stockholm-sweden"", ""title"": ""Manager, Pre-Sales and Solution Engineering - Nordics"", ""url"": null, ""job_url"": ""https://job-boards.greenhouse.io/celonis/jobs/7681577003?gh_jid=7681577003"", ""audience_reject_reasons"": [""not_data_ai_field"", ""not_fresher_ws_thesis"", ""ambiguous_needs_review""]}"
2026-09-30T20:38:57.668185+00:00,sem_celonis_sales-director-italy_milan-italy,Sales Director Italy,Celonis,"Milan, Italy",direct,other_tech,mid,"not_data_ai_field,not_fresher_ws_thesis,ambiguous_needs_review","{""job_id"": ""sem_celonis_sales-director-italy_milan-italy"", ""title"": ""Sales Director Italy"", ""url"": null, ""job_url"": ""https://job-boards.greenhouse.io/celonis/jobs/7986246003?gh_jid=7986246003"", ""audience_reject_reasons"": [""not_data_ai_field"", ""not_fresher_ws_thesis"", ""ambiguous_needs_review""]}"
2026-09-30T20:38:57.668185+00:00,sem_celonis_sales-director-nordics_stockholm-sweden,Sales Director Nordics,Celonis,"Stockholm, Sweden",direct,other_tech,mid,"not_data_ai_field,not_fresher_ws_thesis,ambiguous_needs_review","{""job_id"": ""sem_celonis_sales-director-nordics_stockholm-sweden"", ""title"": ""Sales Director Nordics"", ""url"": null, ""job_url"": ""https://job-boards.greenhouse.io/celonis/jobs/7988718003?gh_jid=7988718003"", ""audience_reject_reasons"": [""not_data_ai_field"", ""not_fresher_ws_thesis"", ""ambiguous_needs_review""]}"
2026-09-30T20:38:57.668185+00:00,sem_celonis_strategic-account-executive-manufacturing_remote,Strategic Account Executive - Manufacturing,celonis,Remote,arbeitnow,other_tech,mid,"not_eu,not_data_ai_field,not_fresher_ws_thesis,ambiguous_needs_review","{""job_id"": ""sem_celonis_strategic-account-executive-manufacturing_remote"", ""title"": ""Strategic Account Executive - Manufacturing"", ""url"": null, ""job_url"": ""https://www.arbeitnow.ch/jobs/companies/celonis/remote-strategic-account-executive-manufacturing-437379"", ""audience_reject_reasons"": [""not_eu"", ""not_data_ai_field"", ""not_fresher_ws_thesis"", ""ambiguous_needs_review""]}"
2026-09-30T20:38:57.668185+00:00,sem_celonis_strategic-account-executive-manufacturing_remote-switzerland,Strategic Account Executive - Manufacturing,Celonis,"Remote, Switzerland",direct,other_tech,mid,"not_eu,not_data_ai_field,not_fresher_ws_thesis,ambiguous_needs_review","{""job_id"": ""sem_celonis_strategic-account-executive-manufacturing_remote-switzerland"", ""title"": ""Strategic Account Executive - Manufacturing"", ""url"": null, ""job_url"": ""https://job-boards.greenhouse.io/celonis/jobs/8002500003?gh_jid=8002500003"", ""audience_reject_reasons"": [""not_eu"", ""not_data_ai_field"", ""not_fresher_ws_thesis"", ""ambiguous_needs_review""]}"
2026-09-30T20:38:57.668185+00:00,sem_celonis_strategic-account-executive-manufacturing_z-rich,Strategic Account Executive - Manufacturing,celonis,Zürich,arbeitnow,other_tech,mid,"not_eu,not_data_ai_field,not_fresher_ws_thesis,ambiguous_needs_review","{""job_id"": ""sem_celonis_strategic-account-executive-manufacturing_z-rich"", ""title"": ""Strategic Account Executive - Manufacturing"", ""url"": null, ""job_url"": ""https://www.arbeitnow.ch/jobs/companies/celonis/strategic-account-executive-manufacturing-zurich-89004"", ""audience_reject_reasons"": [""not_eu"", ""not_data_ai_field"", ""not_fresher_ws_thesis"", ""ambiguous_needs_review""]}"
2026-09-30T20:38:57.668185+00:00,sem_celonis_strategic-account-executive-manufacturing_z-rich-switzerland,Strategic Account Executive - Manufacturing,Celonis,"Zürich, Switzerland",direct,other_tech,mid,"not_eu,not_data_ai_field,not_fresher_ws_thesis,ambiguous_needs_review","{""job_id"": ""sem_celonis_strategic-account-executive-manufacturing_z-rich-switzerland"", ""title"": ""Strategic Account Executive - Manufacturing"", ""url"": null, ""job_url"": ""https://job-boards.greenhouse.io/celonis/jobs/7988891003?gh_jid=7988891003"", ""audience_reject_reasons"": [""not_eu"", ""not_data_ai_field"", ""not_fresher_ws_thesis"", ""ambiguous_needs_review""]}"
2026-09-30T20:38:57.668185+00:00,sem_celonis_working-student-external-communications_munich-germany,Working Student External Communications,Celonis,"Munich, Germany",direct,other_tech,working_student,"not_data_ai_field,ambiguous_needs_review","{""job_id"": ""sem_celonis_working-student-external-communications_munich-germany"", ""title"": ""Working Student External Communications"", ""url"": null, ""job_url"": ""https://job-boards.greenhouse.io/celonis/jobs/8005144003?gh_jid=8005144003"", ""audience_reject_reasons"": [""not_data_ai_field"", ""ambiguous_needs_review""]}"
2026-09-30T20:38:57.668185+00:00,sem_consult-pepper_abacus-support-specialist_ch-ch040,Abacus-Support Specialist,Consult & Pepper AG,CH (CH040),eures,other_tech,mid,"not_eu,not_data_ai_field,not_fresher_ws_thesis,ambiguous_needs_review","{""job_id"": ""sem_consult-pepper_abacus-support-specialist_ch-ch040"", ""title"": ""Abacus-Support Specialist"", ""url"": null, ""job_url"": ""https://europa.eu/eures/portal/jv-se/jv-details/NmM2NGE5ZTktNjhhNS00ZDg3LTgwOTUtNDVmMzliMjVlMWRiIDYx?jvDisplayLanguage=en&lang=en"", ""audience_reject_reasons"": [""not_eu"", ""not_data_ai_field"", ""not_fresher_ws_thesis"", ""ambiguous_needs_review""]}"
2026-09-30T20:38:57.668185+00:00,sem_consult-pepper_erp-consultant_ch-ch061,ERP-Consultant,Consult & Pepper AG,CH (CH061),eures,other_tech,mid,"not_eu,not_data_ai_field,not_fresher_ws_thesis,ambiguous_needs_review","{""job_id"": ""sem_consult-pepper_erp-consultant_ch-ch061"", ""title"": ""ERP-Consultant"", ""url"": null, ""job_url"": ""https://europa.eu/eures/portal/jv-se/jv-details/ZjdjY2M3ZmQtMTMxZC00YzlhLTkxZmEtYTVmYTE2ZTMzZGZiIDYx?jvDisplayLanguage=en&lang=en"", ""audience_reject_reasons"": [""not_eu"", ""not_data_ai_field"", ""not_fresher_ws_thesis"", ""ambiguous_needs_review""]}"
2026-09-30T20:38:57.668185+00:00,sem_consult-pepper_junior-wirtschaftsinformatiker-in_ch-ch055,Junior Wirtschaftsinformatiker :in,Consult & Pepper AG,CH (CH055),eures,other_tech,junior,"not_eu,not_data_ai_field,ambiguous_needs_review","{""job_id"": ""sem_consult-pepper_junior-wirtschaftsinformatiker-in_ch-ch055"", ""title"": ""Junior Wirtschaftsinformatiker :in"", ""url"": null, ""job_url"": ""https://europa.eu/eures/portal/jv-se/jv-details/ZDFiNjI0MWYtNTgxOS00ZGFiLTg5YTItNDEyNDg0Njc5NGM3IDYx?jvDisplayLanguage=en&lang=en"", ""audience_reject_reasons"": [""not_eu"", ""not_data_ai_field"", ""ambiguous_needs_review""]}"
2026-09-30T20:38:57.668185+00:00,sem_coopers-group-hauptsitz_ingenieur-f-r-inbetriebnahme-und-qualifizierung_ch-ch032,Ingenieur für Inbetriebnahme und Qualifizierung,"Coopers Group AG, Hauptsitz",CH (CH032),eures,other_tech,mid,"not_eu,not_data_ai_field,not_fresher_ws_thesis,ambiguous_needs_review","{""job_id"": ""sem_coopers-group-hauptsitz_ingenieur-f-r-inbetriebnahme-und-qualifizierung_ch-ch032"", ""title"": ""Ingenieur f\u00fcr Inbetriebnahme und Qualifizierung"", ""url"": null, ""job_url"": ""https://europa.eu/eures/portal/jv-se/jv-details/ODc1ODk5ZjktYTRlOS00ODRmLTk1MWYtZTYzNzdlMzJhZTdkIDYx?jvDisplayLanguage=en&lang=en"", ""audience_reject_reasons"": [""not_eu"", ""not_data_ai_field"", ""not_fresher_ws_thesis"", ""ambiguous_needs_review""]}"
2026-09-30T20:38:57.668185+00:00,sem_deconinck-ingy_logopedist-e_be-be212,Logopedist(e),"Deconinck, Ingy",BE (BE212),eures,other_tech,mid,"not_data_ai_field,not_fresher_ws_thesis,ambiguous_needs_review","{""job_id"": ""sem_deconinck-ingy_logopedist-e_be-be212"", ""title"": ""Logopedist(e)"", ""url"": null, ""job_url"": ""https://europa.eu/eures/portal/jv-se/jv-details/ZDg5MmM3M2QtYjhhZC00MDg1LWFhMTAtNWZmNmU3M2U4NmNlIDM?jvDisplayLanguage=nl&lang=nl"", ""audience_reject_reasons"": [""not_data_ai_field"", ""not_fresher_ws_thesis"", ""ambiguous_needs_review""]}"
2026-09-30T20:38:57.668185+00:00,sem_deskbird_working-student-marketing-all-genders_hybrid-berlin-germany,Working Student Marketing (all genders),Deskbird,"Hybrid - Berlin, Germany",arbeitnow,other_tech,working_student,"not_data_ai_field,ambiguous_needs_review","{""job_id"": ""sem_deskbird_working-student-marketing-all-genders_hybrid-berlin-germany"", ""title"": ""Working Student Marketing (all genders)"", ""url"": null, ""job_url"": ""https://www.arbeitnow.com/jobs/companies/deskbird/working-student-marketing-all-genders-hybrid-berlin-germany-308768"", ""audience_reject_reasons"": [""not_data_ai_field"", ""ambiguous_needs_review""]}"
2026-09-30T20:38:57.668185+00:00,sem_destinusgroup_engineering-intern-traineeship_z-rich-switzerland,Engineering Intern / Traineeship,Destinusgroup,"Zürich, Switzerland",arbeitnow,other_tech,internship,"not_eu,not_data_ai_field,ambiguous_needs_review","{""job_id"": ""sem_destinusgroup_engineering-intern-traineeship_z-rich-switzerland"", ""title"": ""Engineering Intern / Traineeship"", ""url"": null, ""job_url"": ""https://www.arbeitnow.ch/jobs/companies/destinusgroup/engineering-intern-traineeship-zurich-149056"", ""audience_reject_reasons"": [""not_eu"", ""not_data_ai_field"", ""ambiguous_needs_review""]}"
2026-09-30T20:38:57.668185+00:00,sem_digital-trendteam_praktikum-hr-management-employer-branding-in-jungem-start-up_mainz,Praktikum HR-Management & Employer Branding (m/w/d) in jungem Start-Up,Digital Trendteam,Mainz,arbeitnow,other_tech,internship,"not_data_ai_field,ambiguous_needs_review","{""job_id"": ""sem_digital-trendteam_praktikum-hr-management-employer-branding-in-jungem-start-up_mainz"", ""title"": ""Praktikum HR-Management & Employer Branding (m/w/d) in jungem Start-Up"", ""url"": null, ""job_url"": ""https://www.arbeitnow.com/jobs/companies/digital-trendteam/praktikum-hr-management-employer-branding-in-jungem-start-up-mainz-68766"", ""audience_reject_reasons"": [""not_data_ai_field"", ""ambiguous_needs_review""]}"
2026-09-30T20:38:57.668185+00:00,sem_diligentcorporation_enterprise-account-manager_z-rich-z-rich,Enterprise Account Manager,diligentcorporation,"Zürich, Zürich",arbeitnow,other_tech,mid,"not_eu,not_data_ai_field,not_fresher_ws_thesis,ambiguous_needs_review","{""job_id"": ""sem_diligentcorporation_enterprise-account-manager_z-rich-z-rich"", ""title"": ""Enterprise Account Manager"", ""url"": null, ""job_url"": ""https://www.arbeitnow.ch/jobs/companies/diligentcorporation/enterprise-account-manager-zurich-zurich-153388"", ""audience_reject_reasons"": [""not_eu"", ""not_data_ai_field"", ""not_fresher_ws_thesis"", ""ambiguous_needs_review""]}"
2026-09-30T20:38:57.668185+00:00,sem_doctolib_intern-talent-acquisition-coordinator-x-f-m_berlin-berlin,Intern Talent Acquisition Coordinator (x/f/m),Doctolib,"Berlin, Berlin",arbeitnow,other_tech,internship,"not_data_ai_field,ambiguous_needs_review","{""job_id"": ""sem_doctolib_intern-talent-acquisition-coordinator-x-f-m_berlin-berlin"", ""title"": ""Intern Talent Acquisition Coordinator (x/f/m)"", ""url"": null, ""job_url"": ""https://www.arbeitnow.com/jobs/companies/doctolib/intern-talent-acquisition-coordinator-berlin-berlin-306241"", ""audience_reject_reasons"": [""not_data_ai_field"", ""ambiguous_needs_review""]}"
2026-09-30T20:38:57.668185+00:00,sem_docuware_strategic-account-executive_germering-germany,Strategic Account Executive (m/f/d),DocuWare,Germering / Germany,arbeitnow,other_tech,mid,"not_data_ai_field,not_fresher_ws_thesis,ambiguous_needs_review","{""job_id"": ""sem_docuware_strategic-account-executive_germering-germany"", ""title"": ""Strategic Account Executive (m/f/d)"", ""url"": null, ""job_url"": ""https://www.arbeitnow.com/jobs/companies/docuware/strategic-account-executive-germering-germany-451904"", ""audience_reject_reasons"": [""not_data_ai_field"", ""not_fresher_ws_thesis"", ""ambiguous_needs_review""]}"
2026-09-30T20:38:57.668185+00:00,sem_docuware_training-specialist_germering-germany,Training Specialist (m/f/d),DocuWare,Germering / Germany,arbeitnow,other_tech,mid,"not_data_ai_field,not_fresher_ws_thesis,ambiguous_needs_review","{""job_id"": ""sem_docuware_training-specialist_germering-germany"", ""title"": ""Training Specialist (m/f/d)"", ""url"": null, ""job_url"": ""https://www.arbeitnow.com/jobs/companies/docuware/training-specialist-germering-germany-138462"", ""audience_reject_reasons"": [""not_data_ai_field"", ""not_fresher_ws_thesis"", ""ambiguous_needs_review""]}"
2026-09-30T20:38:57.668185+00:00,sem_edtelligent_manager-finance-operations_munich,Manager Finance & Operations (m/w/d),EDTELLIGENT,Munich,arbeitnow,other_tech,mid,"not_data_ai_field,not_fresher_ws_thesis,ambiguous_needs_review","{""job_id"": ""sem_edtelligent_manager-finance-operations_munich"", ""title"": ""Manager Finance & Operations (m/w/d)"", ""url"": null, ""job_url"": ""https://www.arbeitnow.com/jobs/companies/edtelligent/manager-finance-operations-munich-155617"", ""audience_reject_reasons"": [""not_data_ai_field"", ""not_fresher_ws_thesis"", ""ambiguous_needs_review""]}"
2026-09-30T20:38:57.668185+00:00,sem_ember_graduate-internship-operations-team_edinburgh-scotland-united-kingdom,"Graduate Internship, Operations Team",Ember,"Edinburgh, Scotland, United Kingdom",arbeitnow,software_engineering,internship,"not_eu,not_data_ai_field,ambiguous_needs_review","{""job_id"": ""sem_ember_graduate-internship-operations-team_edinburgh-scotland-united-kingdom"", ""title"": ""Graduate Internship, Operations Team"", ""url"": null, ""job_url"": ""https://www.arbeitnow.co.uk/jobs/companies/ember/graduate-internship-operations-team-edinburgh-357625"", ""audience_reject_reasons"": [""not_eu"", ""not_data_ai_field"", ""ambiguous_needs_review""]}"
2026-09-30T20:38:57.668185+00:00,sem_enginity_procesingenieur_be-be242,Procesingenieur,Enginity,BE (BE242),eures,product_management,mid,"not_data_ai_field,not_fresher_ws_thesis,ambiguous_needs_review","{""job_id"": ""sem_enginity_procesingenieur_be-be242"", ""title"": ""Procesingenieur"", ""url"": null, ""job_url"": ""https://europa.eu/eures/portal/jv-se/jv-details/NzE2YjUxM2EtZGE1Mi00YjdmLTk3YmYtNzFiYTk0NjE4ZDdlIDM?jvDisplayLanguage=nl&lang=nl"", ""audience_reject_reasons"": [""not_data_ai_field"", ""not_fresher_ws_thesis"", ""ambiguous_needs_review""]}"
2026-09-30T20:38:57.668185+00:00,sem_fireblocks_director-of-operations-payments-emea_z-rich,"Director of Operations, Payments EMEA",Fireblocks,Zürich,arbeitnow,other_tech,mid,"not_eu,not_data_ai_field,not_fresher_ws_thesis,ambiguous_needs_review","{""job_id"": ""sem_fireblocks_director-of-operations-payments-emea_z-rich"", ""title"": ""Director of Operations, Payments EMEA"", ""url"": null, ""job_url"": ""https://www.arbeitnow.ch/jobs/companies/fireblocks/director-of-operations-payments-emea-zurich-216973"", ""audience_reject_reasons"": [""not_eu"", ""not_data_ai_field"", ""not_fresher_ws_thesis"", ""ambiguous_needs_review""]}"
2026-09-30T20:38:57.668185+00:00,sem_forum-jobs-forum-jobs-ieper_project-manager_be-be253,project manager,Forum Jobs Forum Jobs Ieper,BE (BE253),eures,non_tech,mid,"not_data_ai_field,not_fresher_ws_thesis,ambiguous_needs_review","{""job_id"": ""sem_forum-jobs-forum-jobs-ieper_project-manager_be-be253"", ""title"": ""project manager"", ""url"": null, ""job_url"": ""https://europa.eu/eures/portal/jv-se/jv-details/ZWExNmQ0MmItZjIwNC00MzllLTgyNDEtMTY0Njc5YzQyZjlhIDM?jvDisplayLanguage=nl&lang=nl"", ""audience_reject_reasons"": [""not_data_ai_field"", ""not_fresher_ws_thesis"", ""ambiguous_needs_review""]}"
2026-09-30T20:38:57.668185+00:00,sem_gcasa_advertising-and-marketing-professional_mt-mt001,ADVERTISING AND MARKETING PROFESSIONAL,GCASA,MT (MT001),eures,other_tech,mid,"not_data_ai_field,not_fresher_ws_thesis,ambiguous_needs_review","{""job_id"": ""sem_gcasa_advertising-and-marketing-professional_mt-mt001"", ""title"": ""ADVERTISING AND MARKETING PROFESSIONAL"", ""url"": null, ""job_url"": ""https://europa.eu/eures/portal/jv-se/jv-details/NDU1NTA4IDEwMQ?jvDisplayLanguage=en&lang=en"", ""audience_reject_reasons"": [""not_data_ai_field"", ""not_fresher_ws_thesis"", ""ambiguous_needs_review""]}"
2026-09-30T20:38:57.668185+00:00,sem_general-repairs-limited_steel-draughtsperson_mt-mt001,STEEL DRAUGHTSPERSON,GENERAL REPAIRS LIMITED,MT (MT001),eures,other_tech,mid,"not_data_ai_field,not_fresher_ws_thesis,ambiguous_needs_review","{""job_id"": ""sem_general-repairs-limited_steel-draughtsperson_mt-mt001"", ""title"": ""STEEL DRAUGHTSPERSON"", ""url"": null, ""job_url"": ""https://europa.eu/eures/portal/jv-se/jv-details/NDU0MjY5IDEwMQ?jvDisplayLanguage=en&lang=en"", ""audience_reject_reasons"": [""not_data_ai_field"", ""not_fresher_ws_thesis"", ""ambiguous_needs_review""]}"
2026-09-30T20:38:57.668185+00:00,sem_getyourguide_account-executive-greece-greek-speaking_berlin,Account Executive Greece (Greek Speaking),GetYourGuide,Berlin,direct,other_tech,mid,"not_data_ai_field,not_fresher_ws_thesis,ambiguous_needs_review","{""job_id"": ""sem_getyourguide_account-executive-greece-greek-speaking_berlin"", ""title"": ""Account Executive Greece (Greek Speaking)"", ""url"": null, ""job_url"": ""https://job-boards.greenhouse.io/getyourguide/jobs/8173479"", ""audience_reject_reasons"": [""not_data_ai_field"", ""not_fresher_ws_thesis"", ""ambiguous_needs_review""]}"
2026-09-30T20:38:57.668185+00:00,sem_getyourguide_account-executive-uk_london,Account Executive - UK,GetYourGuide,London,direct,other_tech,mid,"not_eu,not_data_ai_field,not_fresher_ws_thesis,ambiguous_needs_review","{""job_id"": ""sem_getyourguide_account-executive-uk_london"", ""title"": ""Account Executive - UK"", ""url"": null, ""job_url"": ""https://job-boards.greenhouse.io/getyourguide/jobs/8066976"", ""audience_reject_reasons"": [""not_eu"", ""not_data_ai_field"", ""not_fresher_ws_thesis"", ""ambiguous_needs_review""]}"
2026-09-30T20:38:57.668185+00:00,sem_getyourguide_director-of-lifecycle-crm-growth-marketing_berlin,Director of Lifecycle & CRM (Growth Marketing),GetYourGuide,Berlin,direct,other_tech,mid,"not_data_ai_field,not_fresher_ws_thesis,ambiguous_needs_review","{""job_id"": ""sem_getyourguide_director-of-lifecycle-crm-growth-marketing_berlin"", ""title"": ""Director of Lifecycle & CRM (Growth Marketing)"", ""url"": null, ""job_url"": ""https://job-boards.greenhouse.io/getyourguide/jobs/7748635"", ""audience_reject_reasons"": [""not_data_ai_field"", ""not_fresher_ws_thesis"", ""ambiguous_needs_review""]}"
2026-09-30T20:38:57.668185+00:00,sem_getyourguide_director-of-sales-and-account-management-emea_berlin,"Director of Sales and Account Management, EMEA",GetYourGuide,Berlin,direct,other_tech,mid,"not_data_ai_field,not_fresher_ws_thesis,ambiguous_needs_review","{""job_id"": ""sem_getyourguide_director-of-sales-and-account-management-emea_berlin"", ""title"": ""Director of Sales and Account Management, EMEA"", ""url"": null, ""job_url"": ""https://job-boards.greenhouse.io/getyourguide/jobs/8173475"", ""audience_reject_reasons"": [""not_data_ai_field"", ""not_fresher_ws_thesis"", ""ambiguous_needs_review""]}"
2026-09-30T20:38:57.668185+00:00,sem_getyourguide_director-strategic-partnerships_berlin,"Director, Strategic Partnerships",GetYourGuide,Berlin,direct,other_tech,mid,"not_data_ai_field,not_fresher_ws_thesis,ambiguous_needs_review","{""job_id"": ""sem_getyourguide_director-strategic-partnerships_berlin"", ""title"": ""Director, Strategic Partnerships"", ""url"": null, ""job_url"": ""https://job-boards.greenhouse.io/getyourguide/jobs/8237539"", ""audience_reject_reasons"": [""not_data_ai_field"", ""not_fresher_ws_thesis"", ""ambiguous_needs_review""]}"
2026-09-30T20:38:57.668185+00:00,sem_getyourguide_engineering-manager-reviews_berlin,"Engineering Manager, Reviews",GetYourGuide,Berlin,direct,product_management,mid,"not_data_ai_field,not_fresher_ws_thesis,ambiguous_needs_review","{""job_id"": ""sem_getyourguide_engineering-manager-reviews_berlin"", ""title"": ""Engineering Manager, Reviews"", ""url"": null, ""job_url"": ""https://job-boards.greenhouse.io/getyourguide/jobs/8125740"", ""audience_reject_reasons"": [""not_data_ai_field"", ""not_fresher_ws_thesis"", ""ambiguous_needs_review""]}"
2026-09-30T20:38:57.668185+00:00,sem_getyourguide_general-ledger-accountant_berlin,General Ledger Accountant,GetYourGuide,Berlin,direct,other_tech,mid,"not_data_ai_field,not_fresher_ws_thesis,ambiguous_needs_review","{""job_id"": ""sem_getyourguide_general-ledger-accountant_berlin"", ""title"": ""General Ledger Accountant"", ""url"": null, ""job_url"": ""https://job-boards.greenhouse.io/getyourguide/jobs/8152691"", ""audience_reject_reasons"": [""not_data_ai_field"", ""not_fresher_ws_thesis"", ""ambiguous_needs_review""]}"
2026-09-30T20:38:57.668185+00:00,sem_getyourguide_head-of-strategic-programs_berlin,Head of Strategic Programs,GetYourGuide,Berlin,direct,other_tech,senior,"not_data_ai_field,not_fresher_ws_thesis,ambiguous_needs_review","{""job_id"": ""sem_getyourguide_head-of-strategic-programs_berlin"", ""title"": ""Head of Strategic Programs"", ""url"": null, ""job_url"": ""https://job-boards.greenhouse.io/getyourguide/jobs/8025801"", ""audience_reject_reasons"": [""not_data_ai_field"", ""not_fresher_ws_thesis"", ""ambiguous_needs_review""]}"
2026-09-30T20:38:57.668185+00:00,sem_getyourguide_head-of-supplier-enablement_berlin,Head of Supplier Enablement,GetYourGuide,Berlin,direct,other_tech,senior,"not_data_ai_field,not_fresher_ws_thesis,ambiguous_needs_review","{""job_id"": ""sem_getyourguide_head-of-supplier-enablement_berlin"", ""title"": ""Head of Supplier Enablement"", ""url"": null, ""job_url"": ""https://job-boards.greenhouse.io/getyourguide/jobs/7938858"", ""audience_reject_reasons"": [""not_data_ai_field"", ""not_fresher_ws_thesis"", ""ambiguous_needs_review""]}"
2026-09-30T20:38:57.668185+00:00,sem_getyourguide_knowledge-process-manager_berlin,Knowledge & Process Manager,GetYourGuide,Berlin,direct,qa_testing,mid,"not_data_ai_field,not_fresher_ws_thesis,ambiguous_needs_review","{""job_id"": ""sem_getyourguide_knowledge-process-manager_berlin"", ""title"": ""Knowledge & Process Manager"", ""url"": null, ""job_url"": ""https://job-boards.greenhouse.io/getyourguide/jobs/7938853"", ""audience_reject_reasons"": [""not_data_ai_field"", ""not_fresher_ws_thesis"", ""ambiguous_needs_review""]}"
2026-09-30T20:38:57.668185+00:00,sem_getyourguide_learning-excellence-manager_berlin,Learning Excellence Manager,GetYourGuide,Berlin,direct,qa_testing,mid,"not_data_ai_field,not_fresher_ws_thesis,ambiguous_needs_review","{""job_id"": ""sem_getyourguide_learning-excellence-manager_berlin"", ""title"": ""Learning Excellence Manager"", ""url"": null, ""job_url"": ""https://job-boards.greenhouse.io/getyourguide/jobs/8091938"", ""audience_reject_reasons"": [""not_data_ai_field"", ""not_fresher_ws_thesis"", ""ambiguous_needs_review""]}"
2026-09-30T20:38:57.668185+00:00,sem_getyourguide_senior-account-executive-lead-2-year-contract_paris,Senior Account Executive Lead (2-year contract),GetYourGuide,Paris,direct,other_tech,senior,"not_data_ai_field,not_fresher_ws_thesis,ambiguous_needs_review","{""job_id"": ""sem_getyourguide_senior-account-executive-lead-2-year-contract_paris"", ""title"": ""Senior Account Executive Lead (2-year contract)"", ""url"": null, ""job_url"": ""https://job-boards.greenhouse.io/getyourguide/jobs/8210385"", ""audience_reject_reasons"": [""not_data_ai_field"", ""not_fresher_ws_thesis"", ""ambiguous_needs_review""]}"
2026-09-30T20:38:57.668185+00:00,sem_getyourguide_senior-account-executive-lead_amsterdam,Senior Account Executive Lead,GetYourGuide,Amsterdam,direct,other_tech,senior,"not_data_ai_field,not_fresher_ws_thesis,ambiguous_needs_review","{""job_id"": ""sem_getyourguide_senior-account-executive-lead_amsterdam"", ""title"": ""Senior Account Executive Lead"", ""url"": null, ""job_url"": ""https://job-boards.greenhouse.io/getyourguide/jobs/8066981"", ""audience_reject_reasons"": [""not_data_ai_field"", ""not_fresher_ws_thesis"", ""ambiguous_needs_review""]}"
2026-09-30T20:38:57.668185+00:00,sem_getyourguide_senior-brand-designer-b2b_berlin,Senior Brand Designer B2B,GetYourGuide,Berlin,direct,other_tech,senior,"not_data_ai_field,not_fresher_ws_thesis,ambiguous_needs_review","{""job_id"": ""sem_getyourguide_senior-brand-designer-b2b_berlin"", ""title"": ""Senior Brand Designer B2B"", ""url"": null, ""job_url"": ""https://job-boards.greenhouse.io/getyourguide/jobs/8158781"", ""audience_reject_reasons"": [""not_data_ai_field"", ""not_fresher_ws_thesis"", ""ambiguous_needs_review""]}"
2026-09-30T20:38:57.668185+00:00,sem_getyourguide_senior-communications-manager_berlin,Senior Communications Manager,GetYourGuide,Berlin,direct,other_tech,senior,"not_data_ai_field,not_fresher_ws_thesis,ambiguous_needs_review","{""job_id"": ""sem_getyourguide_senior-communications-manager_berlin"", ""title"": ""Senior Communications Manager"", ""url"": null, ""job_url"": ""https://job-boards.greenhouse.io/getyourguide/jobs/8139060"", ""audience_reject_reasons"": [""not_data_ai_field"", ""not_fresher_ws_thesis"", ""ambiguous_needs_review""]}"
2026-09-30T20:38:57.668185+00:00,sem_getyourguide_senior-localization-specialist_berlin,Senior Localization Specialist,GetYourGuide,Berlin,direct,other_tech,senior,"not_data_ai_field,not_fresher_ws_thesis,ambiguous_needs_review","{""job_id"": ""sem_getyourguide_senior-localization-specialist_berlin"", ""title"": ""Senior Localization Specialist"", ""url"": null, ""job_url"": ""https://job-boards.greenhouse.io/getyourguide/jobs/7571066"", ""audience_reject_reasons"": [""not_data_ai_field"", ""not_fresher_ws_thesis"", ""ambiguous_needs_review""]}"
2026-09-30T20:38:57.668185+00:00,sem_getyourguide_senior-product-designer-b2c_berlin,Senior Product Designer (B2C),GetYourGuide,Berlin,direct,other_tech,senior,"not_data_ai_field,not_fresher_ws_thesis,ambiguous_needs_review","{""job_id"": ""sem_getyourguide_senior-product-designer-b2c_berlin"", ""title"": ""Senior Product Designer (B2C)"", ""url"": null, ""job_url"": ""https://job-boards.greenhouse.io/getyourguide/jobs/7559680"", ""audience_reject_reasons"": [""not_data_ai_field"", ""not_fresher_ws_thesis"", ""ambiguous_needs_review""]}"
2026-09-30T20:38:57.668185+00:00,sem_getyourguide_senior-strategy-manager_berlin,Senior Strategy Manager,GetYourGuide,Berlin,direct,other_tech,senior,"not_data_ai_field,not_fresher_ws_thesis,ambiguous_needs_review","{""job_id"": ""sem_getyourguide_senior-strategy-manager_berlin"", ""title"": ""Senior Strategy Manager"", ""url"": null, ""job_url"": ""https://job-boards.greenhouse.io/getyourguide/jobs/8066983"", ""audience_reject_reasons"": [""not_data_ai_field"", ""not_fresher_ws_thesis"", ""ambiguous_needs_review""]}"
2026-09-30T20:38:57.668185+00:00,sem_getyourguide_senior-technical-recruiter_berlin,Senior Technical Recruiter,GetYourGuide,Berlin,direct,other_tech,senior,"not_data_ai_field,not_fresher_ws_thesis,ambiguous_needs_review","{""job_id"": ""sem_getyourguide_senior-technical-recruiter_berlin"", ""title"": ""Senior Technical Recruiter"", ""url"": null, ""job_url"": ""https://job-boards.greenhouse.io/getyourguide/jobs/8184881"", ""audience_reject_reasons"": [""not_data_ai_field"", ""not_fresher_ws_thesis"", ""ambiguous_needs_review""]}"
2026-09-30T20:38:57.668185+00:00,sem_getyourguide_technical-recruiter-12-month-maternity-cover_berlin,Technical Recruiter (12 Month Maternity Cover),GetYourGuide,Berlin,direct,other_tech,mid,"not_data_ai_field,not_fresher_ws_thesis,ambiguous_needs_review","{""job_id"": ""sem_getyourguide_technical-recruiter-12-month-maternity-cover_berlin"", ""title"": ""Technical Recruiter (12 Month Maternity Cover)"", ""url"": null, ""job_url"": ""https://job-boards.greenhouse.io/getyourguide/jobs/8088223"", ""audience_reject_reasons"": [""not_data_ai_field"", ""not_fresher_ws_thesis"", ""ambiguous_needs_review""]}"
2026-09-30T20:38:57.668185+00:00,sem_getyourguide_ux-research-programs-operations-zurich_zurich,UX Research Programs & Operations (Zurich),GetYourGuide,Zurich,direct,other_tech,mid,"not_eu,not_data_ai_field,not_fresher_ws_thesis,ambiguous_needs_review","{""job_id"": ""sem_getyourguide_ux-research-programs-operations-zurich_zurich"", ""title"": ""UX Research Programs & Operations (Zurich)"", ""url"": null, ""job_url"": ""https://job-boards.greenhouse.io/getyourguide/jobs/8129943"", ""audience_reject_reasons"": [""not_eu"", ""not_data_ai_field"", ""not_fresher_ws_thesis"", ""ambiguous_needs_review""]}"
2026-09-30T20:38:57.668185+00:00,sem_gloor-pr-zisionswerkzeuge_fachspezialist-avor-pps-100_ch-ch023,Fachspezialist AVOR/PPS 100%,Gloor Präzisionswerkzeuge AG,CH (CH023),eures,other_tech,mid,"not_eu,not_data_ai_field,not_fresher_ws_thesis,ambiguous_needs_review","{""job_id"": ""sem_gloor-pr-zisionswerkzeuge_fachspezialist-avor-pps-100_ch-ch023"", ""title"": ""Fachspezialist AVOR/PPS 100%"", ""url"": null, ""job_url"": ""https://europa.eu/eures/portal/jv-se/jv-details/OWI5OTUxZGQtMDlkYy00MDU1LTk0NGMtYzFmNTllMmQwYzc5IDYx?jvDisplayLanguage=en&lang=en"", ""audience_reject_reasons"": [""not_eu"", ""not_data_ai_field"", ""not_fresher_ws_thesis"", ""ambiguous_needs_review""]}"
2026-09-30T20:38:57.668185+00:00,sem_grafanalabs_commercial-account-executive-acquisition-switzerland-remote_,"Commercial Account Executive, Acquisition | Switzerland | Remote",grafanalabs,,arbeitnow,other_tech,mid,"not_eu,not_data_ai_field,not_fresher_ws_thesis,ambiguous_needs_review","{""job_id"": ""sem_grafanalabs_commercial-account-executive-acquisition-switzerland-remote_"", ""title"": ""Commercial Account Executive, Acquisition | Switzerland | Remote"", ""url"": null, ""job_url"": ""https://www.arbeitnow.ch/jobs/companies/grafanalabs/commercial-account-executive-acquisition-switzerland-remote-273226"", ""audience_reject_reasons"": [""not_eu"", ""not_data_ai_field"", ""not_fresher_ws_thesis"", ""ambiguous_needs_review""]}"
2026-09-30T20:38:57.668185+00:00,sem_grafanalabs_enterprise-account-executive-acquisition-switzerland-remote_,"Enterprise Account Executive, Acquisition | Switzerland | Remote",grafanalabs,,arbeitnow,other_tech,mid,"not_eu,not_data_ai_field,not_fresher_ws_thesis,ambiguous_needs_review","{""job_id"": ""sem_grafanalabs_enterprise-account-executive-acquisition-switzerland-remote_"", ""title"": ""Enterprise Account Executive, Acquisition | Switzerland | Remote"", ""url"": null, ""job_url"": ""https://www.arbeitnow.ch/jobs/companies/grafanalabs/enterprise-account-executive-acquisition-switzerland-remote-400823"", ""audience_reject_reasons"": [""not_eu"", ""not_data_ai_field"", ""not_fresher_ws_thesis"", ""ambiguous_needs_review""]}"
2026-09-30T20:38:57.668185+00:00,sem_hellofresh_asset-protection-manager_barleben-saxony-anhalt-germany,Asset Protection Manager,HelloFresh,"Barleben, Saxony-Anhalt, Germany",direct,other_tech,mid,"not_data_ai_field,not_fresher_ws_thesis,ambiguous_needs_review","{""job_id"": ""sem_hellofresh_asset-protection-manager_barleben-saxony-anhalt-germany"", ""title"": ""Asset Protection Manager"", ""url"": null, ""job_url"": ""https://careers.hellofresh.com/global/en/job/8146886?gh_jid=8146886"", ""audience_reject_reasons"": [""not_data_ai_field"", ""not_fresher_ws_thesis"", ""ambiguous_needs_review""]}"
2026-09-30T20:38:57.668185+00:00,sem_hellofresh_asset-protection-manager_derby-england-united-kingdom,Asset Protection Manager,HelloFresh,"Derby, England, United Kingdom",direct,other_tech,mid,"not_eu,not_data_ai_field,not_fresher_ws_thesis,ambiguous_needs_review","{""job_id"": ""sem_hellofresh_asset-protection-manager_derby-england-united-kingdom"", ""title"": ""Asset Protection Manager"", ""url"": null, ""job_url"": ""https://careers.hellofresh.com/global/en/job/8138742?gh_jid=8138742"", ""audience_reject_reasons"": [""not_eu"", ""not_data_ai_field"", ""not_fresher_ws_thesis"", ""ambiguous_needs_review""]}"
2026-09-30T20:38:57.668185+00:00,sem_hellofresh_category-management-graduate_dublin-dublin-ireland,Category Management Graduate,HelloFresh,"Dublin, Dublin, Ireland",direct,other_tech,mid,"not_data_ai_field,not_fresher_ws_thesis,ambiguous_needs_review","{""job_id"": ""sem_hellofresh_category-management-graduate_dublin-dublin-ireland"", ""title"": ""Category Management Graduate"", ""url"": null, ""job_url"": ""https://careers.hellofresh.com/global/en/job/8236666?gh_jid=8236666"", ""audience_reject_reasons"": [""not_data_ai_field"", ""not_fresher_ws_thesis"", ""ambiguous_needs_review""]}"
2026-09-30T20:38:57.668185+00:00,sem_hellofresh_category-management-graduate_london-england-united-kingdom,Category Management Graduate,HelloFresh,"London, England, United Kingdom",direct,other_tech,mid,"not_eu,not_data_ai_field,not_fresher_ws_thesis,ambiguous_needs_review","{""job_id"": ""sem_hellofresh_category-management-graduate_london-england-united-kingdom"", ""title"": ""Category Management Graduate"", ""url"": null, ""job_url"": ""https://careers.hellofresh.com/global/en/job/8234103?gh_jid=8234103"", ""audience_reject_reasons"": [""not_eu"", ""not_data_ai_field"", ""not_fresher_ws_thesis"", ""ambiguous_needs_review""]}"
2026-09-30T20:38:57.668185+00:00,sem_hellofresh_chief-marketing-officer-dach_germany,Chief Marketing Officer - DACH,HelloFresh,Germany,direct,other_tech,senior,"not_data_ai_field,not_fresher_ws_thesis,ambiguous_needs_review","{""job_id"": ""sem_hellofresh_chief-marketing-officer-dach_germany"", ""title"": ""Chief Marketing Officer - DACH"", ""url"": null, ""job_url"": ""https://careers.hellofresh.com/global/en/job/8156007?gh_jid=8156007"", ""audience_reject_reasons"": [""not_data_ai_field"", ""not_fresher_ws_thesis"", ""ambiguous_needs_review""]}"
2026-09-30T20:38:57.668185+00:00,sem_hellofresh_director-ux-design_berlin-berlin-germany,Director UX Design,HelloFresh,"Berlin, Berlin, Germany",direct,other_tech,mid,"not_data_ai_field,not_fresher_ws_thesis,ambiguous_needs_review","{""job_id"": ""sem_hellofresh_director-ux-design_berlin-berlin-germany"", ""title"": ""Director UX Design"", ""url"": null, ""job_url"": ""https://careers.hellofresh.com/global/en/job/8030038?gh_jid=8030038"", ""audience_reject_reasons"": [""not_data_ai_field"", ""not_fresher_ws_thesis"", ""ambiguous_needs_review""]}"
2026-09-30T20:38:57.668185+00:00,sem_hellofresh_flow-controller_derby-england-united-kingdom,Flow Controller,HelloFresh,"Derby, England, United Kingdom",direct,other_tech,mid,"not_eu,not_data_ai_field,not_fresher_ws_thesis,ambiguous_needs_review","{""job_id"": ""sem_hellofresh_flow-controller_derby-england-united-kingdom"", ""title"": ""Flow Controller"", ""url"": null, ""job_url"": ""https://careers.hellofresh.com/global/en/job/8108515?gh_jid=8108515"", ""audience_reject_reasons"": [""not_eu"", ""not_data_ai_field"", ""not_fresher_ws_thesis"", ""ambiguous_needs_review""]}"
2026-09-30T20:38:57.668185+00:00,sem_hellofresh_geb-udetechniker-all-genders_verden-niedersachsen-germany,Gebäudetechniker (all genders),HelloFresh,"Verden, Niedersachsen, Germany",direct,other_tech,mid,"not_data_ai_field,not_fresher_ws_thesis,ambiguous_needs_review","{""job_id"": ""sem_hellofresh_geb-udetechniker-all-genders_verden-niedersachsen-germany"", ""title"": ""Geb\u00e4udetechniker (all genders)"", ""url"": null, ""job_url"": ""https://careers.hellofresh.com/global/en/job/8068939?gh_jid=8068939"", ""audience_reject_reasons"": [""not_data_ai_field"", ""not_fresher_ws_thesis"", ""ambiguous_needs_review""]}"
2026-09-30T20:38:57.668185+00:00,sem_hellofresh_instandhaltungstechniker-all-genders_verden-niedersachsen-germany,Instandhaltungstechniker (all genders),HelloFresh,"Verden, Niedersachsen, Germany",direct,other_tech,mid,"not_data_ai_field,not_fresher_ws_thesis,ambiguous_needs_review","{""job_id"": ""sem_hellofresh_instandhaltungstechniker-all-genders_verden-niedersachsen-germany"", ""title"": ""Instandhaltungstechniker (all genders)"", ""url"": null, ""job_url"": ""https://careers.hellofresh.com/global/en/job/8068944?gh_jid=8068944"", ""audience_reject_reasons"": [""not_data_ai_field"", ""not_fresher_ws_thesis"", ""ambiguous_needs_review""]}"
2026-09-30T20:38:57.668185+00:00,sem_hellofresh_junior-content-marketing-specialist-f-m-x_amsterdam-north-holland-netherlands,Junior Content Marketing specialist (f/m/x),HelloFresh,"Amsterdam, North Holland, Netherlands",direct,other_tech,junior,"not_data_ai_field,ambiguous_needs_review","{""job_id"": ""sem_hellofresh_junior-content-marketing-specialist-f-m-x_amsterdam-north-holland-netherlands"", ""title"": ""Junior Content Marketing specialist (f/m/x)"", ""url"": null, ""job_url"": ""https://careers.hellofresh.com/global/en/job/8203812?gh_jid=8203812"", ""audience_reject_reasons"": [""not_data_ai_field"", ""ambiguous_needs_review""]}"
2026-09-30T20:38:57.668185+00:00,sem_hellofresh_junior-growth-manager_london-england-united-kingdom,Junior Growth Manager,HelloFresh,"London, England, United Kingdom",direct,other_tech,junior,"not_eu,not_data_ai_field,ambiguous_needs_review","{""job_id"": ""sem_hellofresh_junior-growth-manager_london-england-united-kingdom"", ""title"": ""Junior Growth Manager"", ""url"": null, ""job_url"": ""https://careers.hellofresh.com/global/en/job/7953647?gh_jid=7953647"", ""audience_reject_reasons"": [""not_eu"", ""not_data_ai_field"", ""ambiguous_needs_review""]}"
2026-09-30T20:38:57.668185+00:00,sem_hellofresh_junior-planning-manager_derby-england-united-kingdom,Junior Planning Manager,HelloFresh,"Derby, England, United Kingdom",direct,other_tech,junior,"not_eu,not_data_ai_field,ambiguous_needs_review","{""job_id"": ""sem_hellofresh_junior-planning-manager_derby-england-united-kingdom"", ""title"": ""Junior Planning Manager"", ""url"": null, ""job_url"": ""https://careers.hellofresh.com/global/en/job/8074260?gh_jid=8074260"", ""audience_reject_reasons"": [""not_eu"", ""not_data_ai_field"", ""ambiguous_needs_review""]}"
2026-09-30T20:38:57.668185+00:00,sem_hellofresh_mechatroniker-instandhaltung-all-genders_verden-niedersachsen-germany,Mechatroniker Instandhaltung (all genders),HelloFresh,"Verden, Niedersachsen, Germany",direct,other_tech,mid,"not_data_ai_field,not_fresher_ws_thesis,ambiguous_needs_review","{""job_id"": ""sem_hellofresh_mechatroniker-instandhaltung-all-genders_verden-niedersachsen-germany"", ""title"": ""Mechatroniker Instandhaltung (all genders)"", ""url"": null, ""job_url"": ""https://careers.hellofresh.com/global/en/job/8068945?gh_jid=8068945"", ""audience_reject_reasons"": [""not_data_ai_field"", ""not_fresher_ws_thesis"", ""ambiguous_needs_review""]}"
2026-09-30T20:38:57.668185+00:00,sem_hellofresh_operations-shift-lead-production-all-genders_barleben-saxony-anhalt-germany-magdeburg-saxony-anhalt-germany,Operations Shift Lead – Production (all genders),HelloFresh,"Barleben, Saxony-Anhalt, Germany; Magdeburg, Saxony-Anhalt, Germany",direct,other_tech,senior,"not_data_ai_field,not_fresher_ws_thesis,ambiguous_needs_review","{""job_id"": ""sem_hellofresh_operations-shift-lead-production-all-genders_barleben-saxony-anhalt-germany-magdeburg-saxony-anhalt-germany"", ""title"": ""Operations Shift Lead \u2013 Production (all genders)"", ""url"": null, ""job_url"": ""https://careers.hellofresh.com/global/en/job/7748757?gh_jid=7748757"", ""audience_reject_reasons"": [""not_data_ai_field"", ""not_fresher_ws_thesis"", ""ambiguous_needs_review""]}"
2026-09-30T20:38:57.668185+00:00,sem_hellofresh_people-technology-senior-integrations-specialist-all-genders_warszawa-masovian-voivodeship-poland,People Technology Senior Integrations Specialist (All Genders),HelloFresh,"Warszawa, Masovian Voivodeship, Poland",direct,other_tech,senior,"not_data_ai_field,not_fresher_ws_thesis,ambiguous_needs_review","{""job_id"": ""sem_hellofresh_people-technology-senior-integrations-specialist-all-genders_warszawa-masovian-voivodeship-poland"", ""title"": ""People Technology Senior Integrations Specialist (All Genders)"", ""url"": null, ""job_url"": ""https://careers.hellofresh.com/global/en/job/8105183?gh_jid=8105183"", ""audience_reject_reasons"": [""not_data_ai_field"", ""not_fresher_ws_thesis"", ""ambiguous_needs_review""]}"
2026-09-30T20:38:57.668185+00:00,sem_hellofresh_production-shift-manager-all-genders_barleben-saxony-anhalt-germany-magdeburg-saxony-anhalt-germany,Production Shift Manager (all genders),HelloFresh,"Barleben, Saxony-Anhalt, Germany; Magdeburg, Saxony-Anhalt, Germany",direct,other_tech,mid,"not_data_ai_field,not_fresher_ws_thesis,ambiguous_needs_review","{""job_id"": ""sem_hellofresh_production-shift-manager-all-genders_barleben-saxony-anhalt-germany-magdeburg-saxony-anhalt-germany"", ""title"": ""Production Shift Manager (all genders)"", ""url"": null, ""job_url"": ""https://careers.hellofresh.com/global/en/job/7748754?gh_jid=7748754"", ""audience_reject_reasons"": [""not_data_ai_field"", ""not_fresher_ws_thesis"", ""ambiguous_needs_review""]}"
2026-09-30T20:38:57.668185+00:00,sem_hellofresh_production-shift-supervisor-all-genders_barleben-saxony-anhalt-germany-magdeburg-saxony-anhalt-germany,Production Shift Supervisor (all genders),HelloFresh,"Barleben, Saxony-Anhalt, Germany; Magdeburg, Saxony-Anhalt, Germany",direct,other_tech,mid,"not_data_ai_field,not_fresher_ws_thesis,ambiguous_needs_review","{""job_id"": ""sem_hellofresh_production-shift-supervisor-all-genders_barleben-saxony-anhalt-germany-magdeburg-saxony-anhalt-germany"", ""title"": ""Production Shift Supervisor (all genders)"", ""url"": null, ""job_url"": ""https://careers.hellofresh.com/global/en/job/7748755?gh_jid=7748755"", ""audience_reject_reasons"": [""not_data_ai_field"", ""not_fresher_ws_thesis"", ""ambiguous_needs_review""]}"
2026-09-30T20:38:57.668185+00:00,sem_hellofresh_schichtleitung-produktion-all-genders_barleben-saxony-anhalt-germany-magdeburg-saxony-anhalt-germany,Schichtleitung Produktion (all genders),HelloFresh,"Barleben, Saxony-Anhalt, Germany; Magdeburg, Saxony-Anhalt, Germany",direct,other_tech,mid,"not_data_ai_field,not_fresher_ws_thesis,ambiguous_needs_review","{""job_id"": ""sem_hellofresh_schichtleitung-produktion-all-genders_barleben-saxony-anhalt-germany-magdeburg-saxony-anhalt-germany"", ""title"": ""Schichtleitung Produktion (all genders)"", ""url"": null, ""job_url"": ""https://careers.hellofresh.com/global/en/job/7748760?gh_jid=7748760"", ""audience_reject_reasons"": [""not_data_ai_field"", ""not_fresher_ws_thesis"", ""ambiguous_needs_review""]}"
2026-09-30T20:38:57.668185+00:00,sem_hellofresh_senior-ux-designer-consumer-all-genders_warszawa-masovian-voivodeship-poland,"Senior UX Designer, Consumer (all genders)",HelloFresh,"Warszawa, Masovian Voivodeship, Poland",direct,other_tech,senior,"not_data_ai_field,not_fresher_ws_thesis,ambiguous_needs_review","{""job_id"": ""sem_hellofresh_senior-ux-designer-consumer-all-genders_warszawa-masovian-voivodeship-poland"", ""title"": ""Senior UX Designer, Consumer (all genders)"", ""url"": null, ""job_url"": ""https://careers.hellofresh.com/global/en/job/8028091?gh_jid=8028091"", ""audience_reject_reasons"": [""not_data_ai_field"", ""not_fresher_ws_thesis"", ""ambiguous_needs_review""]}"
2026-09-30T20:38:57.668185+00:00,sem_hellofresh_senior-ux-product-designer-engagement_warszawa-masovian-voivodeship-poland,"Senior UX Product Designer, Engagement",HelloFresh,"Warszawa, Masovian Voivodeship, Poland",direct,other_tech,senior,"not_data_ai_field,not_fresher_ws_thesis,ambiguous_needs_review","{""job_id"": ""sem_hellofresh_senior-ux-product-designer-engagement_warszawa-masovian-voivodeship-poland"", ""title"": ""Senior UX Product Designer, Engagement"", ""url"": null, ""job_url"": ""https://careers.hellofresh.com/global/en/job/8167272?gh_jid=8167272"", ""audience_reject_reasons"": [""not_data_ai_field"", ""not_fresher_ws_thesis"", ""ambiguous_needs_review""]}"
2026-09-30T20:38:57.668185+00:00,sem_hellofresh_senior-ux-product-designer_warszawa-masovian-voivodeship-poland,Senior UX Product Designer,HelloFresh,"Warszawa, Masovian Voivodeship, Poland",direct,other_tech,senior,"not_data_ai_field,not_fresher_ws_thesis,ambiguous_needs_review","{""job_id"": ""sem_hellofresh_senior-ux-product-designer_warszawa-masovian-voivodeship-poland"", ""title"": ""Senior UX Product Designer"", ""url"": null, ""job_url"": ""https://careers.hellofresh.com/global/en/job/8147119?gh_jid=8147119"", ""audience_reject_reasons"": [""not_data_ai_field"", ""not_fresher_ws_thesis"", ""ambiguous_needs_review""]}"
2026-09-30T20:38:57.668185+00:00,sem_hellofresh_site-qa-qc-specialist-f-m-x_bleiswijk-south-holland-netherlands,Site QA/QC Specialist (f/m/x),HelloFresh,"Bleiswijk, South Holland, Netherlands",direct,other_tech,mid,"not_data_ai_field,not_fresher_ws_thesis,ambiguous_needs_review","{""job_id"": ""sem_hellofresh_site-qa-qc-specialist-f-m-x_bleiswijk-south-holland-netherlands"", ""title"": ""Site QA/QC Specialist (f/m/x)"", ""url"": null, ""job_url"": ""https://careers.hellofresh.com/global/en/job/8020924?gh_jid=8020924"", ""audience_reject_reasons"": [""not_data_ai_field"", ""not_fresher_ws_thesis"", ""ambiguous_needs_review""]}"
2026-09-30T20:38:57.668185+00:00,sem_holidu_accountant_munich,(Junior) Accountant (m/w/d),Holidu,Munich,arbeitnow,sap_erp,junior,"not_data_ai_field,ambiguous_needs_review","{""job_id"": ""sem_holidu_accountant_munich"", ""title"": ""(Junior) Accountant (m/w/d)"", ""url"": null, ""job_url"": ""https://www.arbeitnow.com/jobs/companies/holidu/junior-accountant-munich-182827"", ""audience_reject_reasons"": [""not_data_ai_field"", ""ambiguous_needs_review""]}"
2026-09-30T20:38:57.668185+00:00,sem_ideals_account-executive-business-development-associate-london_london-united-kingdom,Account Executive / Business Development Associate (London),Ideals,"London, United Kingdom",arbeitnow,other_tech,mid,"not_eu,not_data_ai_field,not_fresher_ws_thesis,ambiguous_needs_review","{""job_id"": ""sem_ideals_account-executive-business-development-associate-london_london-united-kingdom"", ""title"": ""Account Executive / Business Development Associate (London)"", ""url"": null, ""job_url"": ""https://www.arbeitnow.co.uk/jobs/companies/ideals/account-executive-business-development-associate-london-london-united-kingdom-275916"", ""audience_reject_reasons"": [""not_eu"", ""not_data_ai_field"", ""not_fresher_ws_thesis"", ""ambiguous_needs_review""]}"
2026-09-30T20:38:57.668185+00:00,sem_ideals_enterprise-account-executive-zurich_zurich-switzerland,Enterprise Account Executive - Zurich,Ideals,"Zurich, Switzerland",arbeitnow,other_tech,mid,"not_eu,not_data_ai_field,not_fresher_ws_thesis,ambiguous_needs_review","{""job_id"": ""sem_ideals_enterprise-account-executive-zurich_zurich-switzerland"", ""title"": ""Enterprise Account Executive - Zurich"", ""url"": null, ""job_url"": ""https://www.arbeitnow.ch/jobs/companies/ideals/enterprise-account-executive-zurich-413496"", ""audience_reject_reasons"": [""not_eu"", ""not_data_ai_field"", ""not_fresher_ws_thesis"", ""ambiguous_needs_review""]}"
2026-09-30T20:38:57.668185+00:00,sem_jobgate_mitarbeiter-baustellenlogistik-allrounder-a_ch-ch052,Mitarbeiter Baustellenlogistik / Allrounder (a),jobgate ag,CH (CH052),eures,other_tech,mid,"not_eu,not_data_ai_field,not_fresher_ws_thesis,ambiguous_needs_review","{""job_id"": ""sem_jobgate_mitarbeiter-baustellenlogistik-allrounder-a_ch-ch052"", ""title"": ""Mitarbeiter Baustellenlogistik / Allrounder (a)"", ""url"": null, ""job_url"": ""https://europa.eu/eures/portal/jv-se/jv-details/MjVkNzJkN2MtMTQxNC00Y2YxLTg2MTAtZTA3NTVjMDAzZWEyIDYx?jvDisplayLanguage=en&lang=en"", ""audience_reject_reasons"": [""not_eu"", ""not_data_ai_field"", ""not_fresher_ws_thesis"", ""ambiguous_needs_review""]}"
2026-09-30T20:38:57.668185+00:00,sem_jobgether_people-hunter-talent-acquisition-assistant_switzerland,[People] Hunter / Talent Acquisition Assistant,Jobgether,Switzerland,arbeitnow,other_tech,mid,"not_eu,not_data_ai_field,not_fresher_ws_thesis,ambiguous_needs_review","{""job_id"": ""sem_jobgether_people-hunter-talent-acquisition-assistant_switzerland"", ""title"": ""[People] Hunter / Talent Acquisition Assistant"", ""url"": null, ""job_url"": ""https://www.arbeitnow.ch/jobs/companies/jobgether/people-hunter-talent-acquisition-assistant-switzerland-273927"", ""audience_reject_reasons"": [""not_eu"", ""not_data_ai_field"", ""not_fresher_ws_thesis"", ""ambiguous_needs_review""]}"
2026-09-30T20:38:57.668185+00:00,sem_jobgether_people-hunter-talent-acquisition-assistant_uk,[People] Hunter / Talent Acquisition Assistant,Jobgether,UK,arbeitnow,other_tech,mid,"not_eu,not_data_ai_field,not_fresher_ws_thesis,ambiguous_needs_review","{""job_id"": ""sem_jobgether_people-hunter-talent-acquisition-assistant_uk"", ""title"": ""[People] Hunter / Talent Acquisition Assistant"", ""url"": null, ""job_url"": ""https://www.arbeitnow.co.uk/jobs/companies/jobgether/people-hunter-talent-acquisition-assistant-uk-444472"", ""audience_reject_reasons"": [""not_eu"", ""not_data_ai_field"", ""not_fresher_ws_thesis"", ""ambiguous_needs_review""]}"
2026-09-30T20:38:57.668185+00:00,sem_konfetti_business-development-manager-m-w-x-in-berlin_berlin,Business Development Manager (m/w/x) in Berlin,Konfetti GmbH,Berlin,arbeitnow,other_tech,mid,"not_data_ai_field,not_fresher_ws_thesis,ambiguous_needs_review","{""job_id"": ""sem_konfetti_business-development-manager-m-w-x-in-berlin_berlin"", ""title"": ""Business Development Manager (m/w/x) in Berlin"", ""url"": null, ""job_url"": ""https://www.arbeitnow.com/jobs/companies/konfetti-gmbh/business-development-manager-in-berlin-13434"", ""audience_reject_reasons"": [""not_data_ai_field"", ""not_fresher_ws_thesis"", ""ambiguous_needs_review""]}"
2026-09-30T20:38:57.668185+00:00,sem_lga-it_system-administrator_be-be235,System Administrator,LGA IT,BE (BE235),eures,other_tech,mid,"not_data_ai_field,not_fresher_ws_thesis,ambiguous_needs_review","{""job_id"": ""sem_lga-it_system-administrator_be-be235"", ""title"": ""System Administrator"", ""url"": null, ""job_url"": ""https://europa.eu/eures/portal/jv-se/jv-details/MzA0OGJmZTYtNmY2OC00ZDM4LWFlNDMtNGMyMGZkZGNlNjQ4IDM?jvDisplayLanguage=nl&lang=nl"", ""audience_reject_reasons"": [""not_data_ai_field"", ""not_fresher_ws_thesis"", ""ambiguous_needs_review""]}"
2026-09-30T20:38:57.668185+00:00,sem_lrz_fachinformatikerin-systemintegration_garching-bei-m-nchen,Fachinformatikerin (m/w/d) - Systemintegration,Lrz,Garching bei München,arbeitnow,other_tech,mid,"not_data_ai_field,not_fresher_ws_thesis,ambiguous_needs_review","{""job_id"": ""sem_lrz_fachinformatikerin-systemintegration_garching-bei-m-nchen"", ""title"": ""Fachinformatikerin (m/w/d) - Systemintegration"", ""url"": null, ""job_url"": ""https://www.arbeitnow.com/jobs/companies/lrz/fachinformatikerin-systemintegration-garching-bei-munchen-416982"", ""audience_reject_reasons"": [""not_data_ai_field"", ""not_fresher_ws_thesis"", ""ambiguous_needs_review""]}"
2026-09-30T20:38:57.668185+00:00,sem_meggitt-sa_engineering-manager_ch-ch022,Engineering Manager,MEGGITT SA,CH (CH022),eures,other_tech,mid,"not_eu,not_data_ai_field,not_fresher_ws_thesis,ambiguous_needs_review","{""job_id"": ""sem_meggitt-sa_engineering-manager_ch-ch022"", ""title"": ""Engineering Manager"", ""url"": null, ""job_url"": ""https://europa.eu/eures/portal/jv-se/jv-details/MDRiZjE1NGUtOWRhNi00ZjYxLTg1MDQtYWY2Mzg0NzJiYTU2IDYx?jvDisplayLanguage=en&lang=en"", ""audience_reject_reasons"": [""not_eu"", ""not_data_ai_field"", ""not_fresher_ws_thesis"", ""ambiguous_needs_review""]}"
2026-09-30T20:38:57.668185+00:00,sem_mewssystems_senior-revenue-enablement-specialist_,Senior Revenue Enablement Specialist,mewssystems,,arbeitnow,other_tech,senior,"not_eu,not_data_ai_field,not_fresher_ws_thesis,ambiguous_needs_review","{""job_id"": ""sem_mewssystems_senior-revenue-enablement-specialist_"", ""title"": ""Senior Revenue Enablement Specialist"", ""url"": null, ""job_url"": ""https://www.arbeitnow.co.uk/jobs/companies/mewssystems/senior-revenue-enablement-specialist-415862"", ""audience_reject_reasons"": [""not_eu"", ""not_data_ai_field"", ""not_fresher_ws_thesis"", ""ambiguous_needs_review""]}"
2026-09-30T20:38:57.668185+00:00,sem_michael-page-international-belgium_field-service-technician-solutions-techniques-industrielles_be-be100,Field Service Technician - Solutions techniques industrielles,MICHAEL PAGE INTERNATIONAL (BELGIUM),BE (BE100),eures,other_tech,mid,"not_data_ai_field,not_fresher_ws_thesis,ambiguous_needs_review","{""job_id"": ""sem_michael-page-international-belgium_field-service-technician-solutions-techniques-industrielles_be-be100"", ""title"": ""Field Service Technician - Solutions techniques industrielles"", ""url"": null, ""job_url"": ""https://europa.eu/eures/portal/jv-se/jv-details/OGZiNGI3NTctMTIyNi00YjMwLThhNzctZjMxNmUwNWM3OGI3IDM?jvDisplayLanguage=nl&lang=nl"", ""audience_reject_reasons"": [""not_data_ai_field"", ""not_fresher_ws_thesis"", ""ambiguous_needs_review""]}"
2026-09-30T20:38:57.668185+00:00,sem_michael-page-international-belgium_onsite-support_be-be231,Onsite Support,MICHAEL PAGE INTERNATIONAL (BELGIUM),BE (BE231),eures,it_support,mid,"not_data_ai_field,not_fresher_ws_thesis,ambiguous_needs_review","{""job_id"": ""sem_michael-page-international-belgium_onsite-support_be-be231"", ""title"": ""Onsite Support"", ""url"": null, ""job_url"": ""https://europa.eu/eures/portal/jv-se/jv-details/NThmNjVhMzgtMjc5ZC00YjNiLTkxMDctZTUxN2FhYjljNDRhIDM?jvDisplayLanguage=nl&lang=nl"", ""audience_reject_reasons"": [""not_data_ai_field"", ""not_fresher_ws_thesis"", ""ambiguous_needs_review""]}"
2026-09-30T20:38:57.668185+00:00,sem_multiverse_customer-value-partner-strategic-accounts_london,"Customer Value Partner, Strategic Accounts",Multiverse,London,arbeitnow,data_engineering,mid,"not_eu,not_fresher_ws_thesis,ambiguous_needs_review","{""job_id"": ""sem_multiverse_customer-value-partner-strategic-accounts_london"", ""title"": ""Customer Value Partner, Strategic Accounts"", ""url"": null, ""job_url"": ""https://www.arbeitnow.co.uk/jobs/companies/multiverse/customer-value-partner-strategic-accounts-london-459959"", ""audience_reject_reasons"": [""not_eu"", ""not_fresher_ws_thesis"", ""ambiguous_needs_review""]}"
2026-09-30T20:38:57.668185+00:00,sem_mynaric_senior-sales-business-development-manager-asia-pacific-m-f-x_m-nchen,"Senior Sales & Business Development Manager, Asia-Pacific (m/f/x)",Mynaric,München,arbeitnow,other_tech,senior,"not_data_ai_field,not_fresher_ws_thesis,ambiguous_needs_review","{""job_id"": ""sem_mynaric_senior-sales-business-development-manager-asia-pacific-m-f-x_m-nchen"", ""title"": ""Senior Sales & Business Development Manager, Asia-Pacific (m/f/x)"", ""url"": null, ""job_url"": ""https://www.arbeitnow.com/jobs/companies/mynaric/senior-sales-business-development-manager-asia-pacific-munchen-265456"", ""audience_reject_reasons"": [""not_data_ai_field"", ""not_fresher_ws_thesis"", ""ambiguous_needs_review""]}"
2026-09-30T20:38:57.668185+00:00,sem_n26_afc-compliance-controls-and-reviews-associate_berlin,AFC Compliance Controls and Reviews - Associate,N26,Berlin,direct,other_tech,mid,"not_data_ai_field,not_fresher_ws_thesis,ambiguous_needs_review","{""job_id"": ""sem_n26_afc-compliance-controls-and-reviews-associate_berlin"", ""title"": ""AFC Compliance Controls and Reviews - Associate"", ""url"": null, ""job_url"": ""https://n26.com/en-eu/careers/positions/8203585?gh_jid=8203585"", ""audience_reject_reasons"": [""not_data_ai_field"", ""not_fresher_ws_thesis"", ""ambiguous_needs_review""]}"
2026-09-30T20:38:57.668185+00:00,sem_n26_afc-compliance-controls-and-reviews-associate_madrid,AFC Compliance Controls and Reviews - Associate,N26,Madrid,direct,other_tech,mid,"not_data_ai_field,not_fresher_ws_thesis,ambiguous_needs_review","{""job_id"": ""sem_n26_afc-compliance-controls-and-reviews-associate_madrid"", ""title"": ""AFC Compliance Controls and Reviews - Associate"", ""url"": null, ""job_url"": ""https://n26.com/en-eu/careers/positions/8213445?gh_jid=8213445"", ""audience_reject_reasons"": [""not_data_ai_field"", ""not_fresher_ws_thesis"", ""ambiguous_needs_review""]}"
2026-09-30T20:38:57.668185+00:00,sem_n26_banking-operations-occ-fr-specialist-part-time_paris,Banking Operations - OCC FR Specialist (Part-time),N26,Paris,direct,other_tech,mid,"not_data_ai_field,not_fresher_ws_thesis,ambiguous_needs_review","{""job_id"": ""sem_n26_banking-operations-occ-fr-specialist-part-time_paris"", ""title"": ""Banking Operations - OCC FR Specialist (Part-time)"", ""url"": null, ""job_url"": ""https://n26.com/en-eu/careers/positions/8141767?gh_jid=8141767"", ""audience_reject_reasons"": [""not_data_ai_field"", ""not_fresher_ws_thesis"", ""ambiguous_needs_review""]}"
2026-09-30T20:38:57.668185+00:00,sem_n26_business-risk-manager-growth_berlin,Business Risk Manager – Growth,N26,Berlin,direct,other_tech,mid,"not_data_ai_field,not_fresher_ws_thesis,ambiguous_needs_review","{""job_id"": ""sem_n26_business-risk-manager-growth_berlin"", ""title"": ""Business Risk Manager \u2013 Growth"", ""url"": null, ""job_url"": ""https://n26.com/en-eu/careers/positions/7981889?gh_jid=7981889"", ""audience_reject_reasons"": [""not_data_ai_field"", ""not_fresher_ws_thesis"", ""ambiguous_needs_review""]}"
2026-09-30T20:38:57.668185+00:00,sem_n26_product-designer-grow-engage_barcelona,Product Designer - Grow & Engage,N26,Barcelona,direct,embedded_systems,mid,"not_data_ai_field,not_fresher_ws_thesis,ambiguous_needs_review","{""job_id"": ""sem_n26_product-designer-grow-engage_barcelona"", ""title"": ""Product Designer - Grow & Engage"", ""url"": null, ""job_url"": ""https://n26.com/en-eu/careers/positions/8211088?gh_jid=8211088"", ""audience_reject_reasons"": [""not_data_ai_field"", ""not_fresher_ws_thesis"", ""ambiguous_needs_review""]}"
2026-09-30T20:38:57.668185+00:00,sem_n26_team-lead-non-financial-risk-and-internal-controls_berlin,Team Lead Non-Financial Risk and Internal Controls,N26,Berlin,direct,other_tech,senior,"not_data_ai_field,not_fresher_ws_thesis,ambiguous_needs_review","{""job_id"": ""sem_n26_team-lead-non-financial-risk-and-internal-controls_berlin"", ""title"": ""Team Lead Non-Financial Risk and Internal Controls"", ""url"": null, ""job_url"": ""https://n26.com/en-eu/careers/positions/7845376?gh_jid=7845376"", ""audience_reject_reasons"": [""not_data_ai_field"", ""not_fresher_ws_thesis"", ""ambiguous_needs_review""]}"
2026-09-30T20:38:57.668185+00:00,sem_neuralconcept_vp-of-engineering_lausanne,VP of Engineering,Neuralconcept,Lausanne,arbeitnow,other_tech,mid,"not_eu,not_data_ai_field,not_fresher_ws_thesis,ambiguous_needs_review","{""job_id"": ""sem_neuralconcept_vp-of-engineering_lausanne"", ""title"": ""VP of Engineering"", ""url"": null, ""job_url"": ""https://www.arbeitnow.ch/jobs/companies/neuralconcept/vp-of-engineering-lausanne-290645"", ""audience_reject_reasons"": [""not_eu"", ""not_data_ai_field"", ""not_fresher_ws_thesis"", ""ambiguous_needs_review""]}"
2026-09-30T20:38:57.668185+00:00,sem_neuverge-tron_penetration-tester-europe_munich-germany,Penetration Tester - Europe (m/f/d),Neuverge Tron,"Munich, Germany",arbeitnow,other_tech,mid,"not_data_ai_field,not_fresher_ws_thesis,ambiguous_needs_review","{""job_id"": ""sem_neuverge-tron_penetration-tester-europe_munich-germany"", ""title"": ""Penetration Tester - Europe (m/f/d)"", ""url"": null, ""job_url"": ""https://www.arbeitnow.com/jobs/companies/neuverge-tron/penetration-tester-europe-munich-211038"", ""audience_reject_reasons"": [""not_data_ai_field"", ""not_fresher_ws_thesis"", ""ambiguous_needs_review""]}"
2026-09-30T20:38:57.668185+00:00,sem_omnora_marketing-manager-ki-automation_frankfurt-am-main,Marketing Manager - KI & Automation (m/w/d),Omnora GmbH,Frankfurt am Main,arbeitnow,other_tech,mid,"not_data_ai_field,not_fresher_ws_thesis,ambiguous_needs_review","{""job_id"": ""sem_omnora_marketing-manager-ki-automation_frankfurt-am-main"", ""title"": ""Marketing Manager - KI & Automation (m/w/d)"", ""url"": null, ""job_url"": ""https://www.arbeitnow.com/jobs/companies/omnora-gmbh/marketing-manager-ki-automation-frankfurt-am-main-4109"", ""audience_reject_reasons"": [""not_data_ai_field"", ""not_fresher_ws_thesis"", ""ambiguous_needs_review""]}"
2026-09-30T20:38:57.668185+00:00,sem_omnora_marketing-manager_frankfurt-am-main,Marketing Manager (m/w/d),Omnora GmbH,Frankfurt am Main,arbeitnow,other_tech,mid,"not_data_ai_field,not_fresher_ws_thesis,ambiguous_needs_review","{""job_id"": ""sem_omnora_marketing-manager_frankfurt-am-main"", ""title"": ""Marketing Manager (m/w/d)"", ""url"": null, ""job_url"": ""https://www.arbeitnow.com/jobs/companies/omnora-gmbh/marketing-manager-frankfurt-am-main-386317"", ""audience_reject_reasons"": [""not_data_ai_field"", ""not_fresher_ws_thesis"", ""ambiguous_needs_review""]}"
2026-09-30T20:38:57.668185+00:00,sem_ontic_senior-director-sales-uk_united-kingdom,"Senior Director, Sales - UK",Ontic,United Kingdom,arbeitnow,other_tech,senior,"not_eu,not_data_ai_field,not_fresher_ws_thesis,ambiguous_needs_review","{""job_id"": ""sem_ontic_senior-director-sales-uk_united-kingdom"", ""title"": ""Senior Director, Sales - UK"", ""url"": null, ""job_url"": ""https://www.arbeitnow.co.uk/jobs/companies/ontic/senior-director-sales-uk-united-kingdom-279971"", ""audience_reject_reasons"": [""not_eu"", ""not_data_ai_field"", ""not_fresher_ws_thesis"", ""ambiguous_needs_review""]}"
2026-09-30T20:38:57.668185+00:00,sem_ottonova_werkstudent-kommunikationsdesign_m-nchen,Werkstudent – Kommunikationsdesign (m/w/d),Ottonova,München,arbeitnow,other_tech,working_student,"not_data_ai_field,ambiguous_needs_review","{""job_id"": ""sem_ottonova_werkstudent-kommunikationsdesign_m-nchen"", ""title"": ""Werkstudent \u2013 Kommunikationsdesign (m/w/d)"", ""url"": null, ""job_url"": ""https://www.arbeitnow.com/jobs/companies/ottonova/werkstudent-kommunikationsdesign-munchen-318924"", ""audience_reject_reasons"": [""not_data_ai_field"", ""ambiguous_needs_review""]}"
2026-09-30T20:38:57.668185+00:00,sem_pivot_account-executive-enterprise-i-paris_paris,Account Executive - Enterprise I Paris,Pivot,Paris,arbeitnow,cybersecurity,mid,"not_data_ai_field,not_fresher_ws_thesis,ambiguous_needs_review","{""job_id"": ""sem_pivot_account-executive-enterprise-i-paris_paris"", ""title"": ""Account Executive - Enterprise I Paris"", ""url"": null, ""job_url"": ""https://www.arbeitnow.fr/jobs/companies/pivot/account-executive-enterprise-i-paris-34551"", ""audience_reject_reasons"": [""not_data_ai_field"", ""not_fresher_ws_thesis"", ""ambiguous_needs_review""]}"
2026-09-30T20:38:57.668185+00:00,sem_plentific_supply-chain-specialist_london-office,Supply Chain Specialist,Plentific,London Office,arbeitnow,other_tech,senior,"not_eu,not_data_ai_field,not_fresher_ws_thesis,ambiguous_needs_review","{""job_id"": ""sem_plentific_supply-chain-specialist_london-office"", ""title"": ""Supply Chain Specialist"", ""url"": null, ""job_url"": ""https://www.arbeitnow.co.uk/jobs/companies/plentific/supply-chain-specialist-london-183485"", ""audience_reject_reasons"": [""not_eu"", ""not_data_ai_field"", ""not_fresher_ws_thesis"", ""ambiguous_needs_review""]}"
2026-09-30T20:38:57.668185+00:00,sem_project-blackbook_customer-marketing-consultant-contract-role_london,Customer & Marketing Consultant - Contract role,Project Blackbook,London,arbeitnow,other_tech,senior,"not_eu,not_data_ai_field,not_fresher_ws_thesis,ambiguous_needs_review","{""job_id"": ""sem_project-blackbook_customer-marketing-consultant-contract-role_london"", ""title"": ""Customer & Marketing Consultant - Contract role"", ""url"": null, ""job_url"": ""https://www.arbeitnow.co.uk/jobs/companies/project-blackbook/customer-marketing-consultant-contract-role-london-208974"", ""audience_reject_reasons"": [""not_eu"", ""not_data_ai_field"", ""not_fresher_ws_thesis"", ""ambiguous_needs_review""]}"
2026-09-30T20:38:57.668185+00:00,sem_randstad-ab_senior-scrummaster_se232,Senior Scrummaster,Randstad AB,SE (SE232),eures,software_engineering,senior,"not_data_ai_field,not_fresher_ws_thesis,ambiguous_needs_review","{""job_id"": ""sem_randstad-ab_senior-scrummaster_se232"", ""title"": ""Senior Scrummaster"", ""url"": null, ""job_url"": ""https://europa.eu/eures/portal/jv-se/jv-details/NjMxMTk1MiAxMjE?jvDisplayLanguage=en&lang=en"", ""audience_reject_reasons"": [""not_data_ai_field"", ""not_fresher_ws_thesis"", ""ambiguous_needs_review""]}"
2026-09-30T20:38:57.668185+00:00,sem_randstad-deutschland_lagerarbeiter-gabelstaplerfahrer-in_de-de721,Lagerarbeiter (m/w/d) (Gabelstaplerfahrer/in),Randstad Deutschland,DE (DE721),eures,other_tech,trainee_graduate,"not_data_ai_field,ambiguous_needs_review","{""job_id"": ""sem_randstad-deutschland_lagerarbeiter-gabelstaplerfahrer-in_de-de721"", ""title"": ""Lagerarbeiter (m/w/d) (Gabelstaplerfahrer/in)"", ""url"": null, ""job_url"": ""https://europa.eu/eures/portal/jv-se/jv-details/MTExMTktNDg2MTE5Nzc4MC1TIDE?jvDisplayLanguage=de&lang=de"", ""audience_reject_reasons"": [""not_data_ai_field"", ""ambiguous_needs_review""]}"
2026-09-30T20:38:57.668185+00:00,sem_realchemistry_director-medical-strategy-medical-affairs_,"Director, Medical Strategy (Medical Affairs)",Realchemistry,,arbeitnow,other_tech,mid,"not_eu,not_data_ai_field,not_fresher_ws_thesis,ambiguous_needs_review","{""job_id"": ""sem_realchemistry_director-medical-strategy-medical-affairs_"", ""title"": ""Director, Medical Strategy (Medical Affairs)"", ""url"": null, ""job_url"": ""https://www.arbeitnow.co.uk/jobs/companies/realchemistry/director-medical-strategy-medical-affairs-31877"", ""audience_reject_reasons"": [""not_eu"", ""not_data_ai_field"", ""not_fresher_ws_thesis"", ""ambiguous_needs_review""]}"
2026-09-30T20:38:57.668185+00:00,sem_realchemistry_senior-account-manager_,Senior Account Manager,Realchemistry,,arbeitnow,other_tech,senior,"not_eu,not_data_ai_field,not_fresher_ws_thesis,ambiguous_needs_review","{""job_id"": ""sem_realchemistry_senior-account-manager_"", ""title"": ""Senior Account Manager"", ""url"": null, ""job_url"": ""https://www.arbeitnow.co.uk/jobs/companies/realchemistry/senior-account-manager-149606"", ""audience_reject_reasons"": [""not_eu"", ""not_data_ai_field"", ""not_fresher_ws_thesis"", ""ambiguous_needs_review""]}"
2026-09-30T20:38:57.668185+00:00,sem_relay_senior-sales-manager_london-on-site,Senior Sales Manager,Relay,London - On-site,arbeitnow,other_tech,senior,"not_eu,not_data_ai_field,not_fresher_ws_thesis,ambiguous_needs_review","{""job_id"": ""sem_relay_senior-sales-manager_london-on-site"", ""title"": ""Senior Sales Manager"", ""url"": null, ""job_url"": ""https://www.arbeitnow.co.uk/jobs/companies/relay/senior-sales-manager-london-381189"", ""audience_reject_reasons"": [""not_eu"", ""not_data_ai_field"", ""not_fresher_ws_thesis"", ""ambiguous_needs_review""]}"
2026-09-30T20:38:57.668185+00:00,sem_salonkee_sales-manager-im-au-endienst-graub-nden_schweiz-graub-nden,Sales Manager im Außendienst (m/w/d) - Graubünden,Salonkee,Schweiz / Graubünden,arbeitnow,other_tech,mid,"not_eu,not_data_ai_field,not_fresher_ws_thesis,ambiguous_needs_review","{""job_id"": ""sem_salonkee_sales-manager-im-au-endienst-graub-nden_schweiz-graub-nden"", ""title"": ""Sales Manager im Au\u00dfendienst (m/w/d) - Graub\u00fcnden"", ""url"": null, ""job_url"": ""https://www.arbeitnow.ch/jobs/companies/salonkee/sales-manager-im-aussendienst-graubunden-7896"", ""audience_reject_reasons"": [""not_eu"", ""not_data_ai_field"", ""not_fresher_ws_thesis"", ""ambiguous_needs_review""]}"
2026-09-30T20:38:57.668185+00:00,sem_salonkee_sales-manager-im-au-endienst-uri_schweiz-uri,Sales Manager im Außendienst (m/w/d) - Uri,Salonkee,Schweiz / Uri,arbeitnow,other_tech,mid,"not_eu,not_data_ai_field,not_fresher_ws_thesis,ambiguous_needs_review","{""job_id"": ""sem_salonkee_sales-manager-im-au-endienst-uri_schweiz-uri"", ""title"": ""Sales Manager im Au\u00dfendienst (m/w/d) - Uri"", ""url"": null, ""job_url"": ""https://www.arbeitnow.ch/jobs/companies/salonkee/sales-manager-im-aussendienst-uri-289534"", ""audience_reject_reasons"": [""not_eu"", ""not_data_ai_field"", ""not_fresher_ws_thesis"", ""ambiguous_needs_review""]}"
2026-09-30T20:38:57.668185+00:00,sem_sauter-building-control-schweiz_verkaufsingenieur-80-100-in-d-bendorf_ch-ch040,Verkaufsingenieur  80%-100% in Dübendorf,Sauter Building Control Schweiz AG,CH (CH040),eures,other_tech,mid,"not_eu,not_data_ai_field,not_fresher_ws_thesis,ambiguous_needs_review","{""job_id"": ""sem_sauter-building-control-schweiz_verkaufsingenieur-80-100-in-d-bendorf_ch-ch040"", ""title"": ""Verkaufsingenieur  80%-100% in D\u00fcbendorf"", ""url"": null, ""job_url"": ""https://europa.eu/eures/portal/jv-se/jv-details/YmEyNjgzNmYtMDk4Ni00ZTk5LTg1YmQtZjk1MjU5ZTU5MzYzIDYx?jvDisplayLanguage=en&lang=en"", ""audience_reject_reasons"": [""not_eu"", ""not_data_ai_field"", ""not_fresher_ws_thesis"", ""ambiguous_needs_review""]}"
2026-09-30T20:38:57.668185+00:00,sem_sd-worx-jobs_supervisor-technisch-onderhoud_be-be236,Supervisor Technisch Onderhoud,SD Worx Jobs,BE (BE236),eures,non_tech,mid,"not_data_ai_field,not_fresher_ws_thesis,ambiguous_needs_review","{""job_id"": ""sem_sd-worx-jobs_supervisor-technisch-onderhoud_be-be236"", ""title"": ""Supervisor Technisch Onderhoud"", ""url"": null, ""job_url"": ""https://europa.eu/eures/portal/jv-se/jv-details/MDlmZDkwMjktYTczMS00MjAyLWJlMjEtYzQ2OTY2NDhlOTc1IDM?jvDisplayLanguage=nl&lang=nl"", ""audience_reject_reasons"": [""not_data_ai_field"", ""not_fresher_ws_thesis"", ""ambiguous_needs_review""]}"
2026-09-30T20:38:57.668185+00:00,sem_secosys-it_netzwerkadministrator_erfurt,Netzwerkadministrator (m/w/d),SECOSYS-IT,Erfurt,arbeitnow,other_tech,mid,"not_data_ai_field,not_fresher_ws_thesis,ambiguous_needs_review","{""job_id"": ""sem_secosys-it_netzwerkadministrator_erfurt"", ""title"": ""Netzwerkadministrator (m/w/d)"", ""url"": null, ""job_url"": ""https://www.arbeitnow.com/jobs/companies/secosys-it/netzwerkadministrator-erfurt-340648"", ""audience_reject_reasons"": [""not_data_ai_field"", ""not_fresher_ws_thesis"", ""ambiguous_needs_review""]}"
2026-09-30T20:38:57.668185+00:00,sem_shipbobinc_senior-business-development-representative_sydney-australia,Senior Business Development Representative,Shipbobinc,"Sydney, Australia",arbeitnow,software_engineering,senior,"not_eu,not_data_ai_field,not_fresher_ws_thesis,ambiguous_needs_review","{""job_id"": ""sem_shipbobinc_senior-business-development-representative_sydney-australia"", ""title"": ""Senior Business Development Representative"", ""url"": null, ""job_url"": ""https://www.arbeitnow.co.uk/jobs/companies/shipbobinc/senior-business-development-representative-sydney-australia-217828"", ""audience_reject_reasons"": [""not_eu"", ""not_data_ai_field"", ""not_fresher_ws_thesis"", ""ambiguous_needs_review""]}"
2026-09-30T20:38:57.668185+00:00,sem_sifflet_general-counsel_france,General Counsel,sifflet,France,arbeitnow,other_tech,mid,"not_data_ai_field,not_fresher_ws_thesis,ambiguous_needs_review","{""job_id"": ""sem_sifflet_general-counsel_france"", ""title"": ""General Counsel"", ""url"": null, ""job_url"": ""https://www.arbeitnow.fr/jobs/companies/sifflet/general-counsel-france-187405"", ""audience_reject_reasons"": [""not_data_ai_field"", ""not_fresher_ws_thesis"", ""ambiguous_needs_review""]}"
2026-09-30T20:38:57.668185+00:00,sem_skalar_steuerassistent-in_m-nchen,Steuerassistent:in (w/m/d),Skalar,München,arbeitnow,software_engineering,mid,"not_data_ai_field,not_fresher_ws_thesis,ambiguous_needs_review","{""job_id"": ""sem_skalar_steuerassistent-in_m-nchen"", ""title"": ""Steuerassistent:in (w/m/d)"", ""url"": null, ""job_url"": ""https://www.arbeitnow.com/jobs/companies/skalar/steuerassistentin-munich-236471"", ""audience_reject_reasons"": [""not_data_ai_field"", ""not_fresher_ws_thesis"", ""ambiguous_needs_review""]}"
2026-09-30T20:38:57.668185+00:00,sem_solum-search-ab_key-account-manager-till-netwest_se232,Key Account Manager till Netwest,Solum Search AB,SE (SE232),eures,other_tech,mid,"not_data_ai_field,not_fresher_ws_thesis,ambiguous_needs_review","{""job_id"": ""sem_solum-search-ab_key-account-manager-till-netwest_se232"", ""title"": ""Key Account Manager till Netwest"", ""url"": null, ""job_url"": ""https://europa.eu/eures/portal/jv-se/jv-details/NjMxNTMwOCAxMjE?jvDisplayLanguage=sv&lang=sv"", ""audience_reject_reasons"": [""not_data_ai_field"", ""not_fresher_ws_thesis"", ""ambiguous_needs_review""]}"
2026-09-30T20:38:57.668185+00:00,sem_sumup_account-executive_london-england-united-kingdom,Account Executive,SumUp,"London, England, United Kingdom",direct,other_tech,mid,"not_eu,not_data_ai_field,not_fresher_ws_thesis,ambiguous_needs_review","{""job_id"": ""sem_sumup_account-executive_london-england-united-kingdom"", ""title"": ""Account Executive"", ""url"": null, ""job_url"": ""https://sumup.com/careers/positions/8097315002?gh_jid=8097315002"", ""audience_reject_reasons"": [""not_eu"", ""not_data_ai_field"", ""not_fresher_ws_thesis"", ""ambiguous_needs_review""]}"
2026-09-30T20:38:57.668185+00:00,sem_sumup_business-development-manager-payments-pos_newcastle-upon-tyne-england-united-kingdom,Business Development Manager – Payments & POS,SumUp,"Newcastle upon Tyne, England, United Kingdom",direct,other_tech,mid,"not_eu,not_data_ai_field,not_fresher_ws_thesis,ambiguous_needs_review","{""job_id"": ""sem_sumup_business-development-manager-payments-pos_newcastle-upon-tyne-england-united-kingdom"", ""title"": ""Business Development Manager \u2013 Payments & POS"", ""url"": null, ""job_url"": ""https://sumup.com/careers/positions/7789384002?gh_jid=7789384002"", ""audience_reject_reasons"": [""not_eu"", ""not_data_ai_field"", ""not_fresher_ws_thesis"", ""ambiguous_needs_review""]}"
2026-09-30T20:38:57.668185+00:00,sem_sumup_business-development-team-lead_cologne-germany,Business Development Team Lead (m/w/d),SumUp,"Cologne, Germany",direct,other_tech,senior,"not_data_ai_field,not_fresher_ws_thesis,ambiguous_needs_review","{""job_id"": ""sem_sumup_business-development-team-lead_cologne-germany"", ""title"": ""Business Development Team Lead (m/w/d)"", ""url"": null, ""job_url"": ""https://sumup.com/careers/positions/8615309002?gh_jid=8615309002"", ""audience_reject_reasons"": [""not_data_ai_field"", ""not_fresher_ws_thesis"", ""ambiguous_needs_review""]}"
2026-09-30T20:38:57.668185+00:00,sem_sumup_chief-operating-officer-pcf-42-sumup-limited_dublin-dublin-ireland,Chief Operating Officer (PCF-42) - SumUp Limited,SumUp,"Dublin, Dublin, Ireland",direct,other_tech,mid,"not_data_ai_field,not_fresher_ws_thesis,ambiguous_needs_review","{""job_id"": ""sem_sumup_chief-operating-officer-pcf-42-sumup-limited_dublin-dublin-ireland"", ""title"": ""Chief Operating Officer (PCF-42) - SumUp Limited"", ""url"": null, ""job_url"": ""https://sumup.com/careers/positions/8644924002?gh_jid=8644924002"", ""audience_reject_reasons"": [""not_data_ai_field"", ""not_fresher_ws_thesis"", ""ambiguous_needs_review""]}"
2026-09-30T20:38:57.668185+00:00,sem_sumup_commercial-terrain-ind-pendant-freelance_caen-calvados-france,Commercial Terrain - Indépendant (Freelance),SumUp,"Caen, Calvados, France",direct,other_tech,mid,"not_data_ai_field,not_fresher_ws_thesis,ambiguous_needs_review","{""job_id"": ""sem_sumup_commercial-terrain-ind-pendant-freelance_caen-calvados-france"", ""title"": ""Commercial Terrain - Ind\u00e9pendant (Freelance)"", ""url"": null, ""job_url"": ""https://sumup.com/careers/positions/8210441002?gh_jid=8210441002"", ""audience_reject_reasons"": [""not_data_ai_field"", ""not_fresher_ws_thesis"", ""ambiguous_needs_review""]}"
2026-09-30T20:38:57.668185+00:00,sem_sumup_commercial-terrain-ind-pendant-freelance_cherbourg-en-cotentin-manche-france,Commercial Terrain - Indépendant (Freelance),SumUp,"Cherbourg-en-Cotentin, Manche, France",direct,other_tech,mid,"not_data_ai_field,not_fresher_ws_thesis,ambiguous_needs_review","{""job_id"": ""sem_sumup_commercial-terrain-ind-pendant-freelance_cherbourg-en-cotentin-manche-france"", ""title"": ""Commercial Terrain - Ind\u00e9pendant (Freelance)"", ""url"": null, ""job_url"": ""https://sumup.com/careers/positions/7875352002?gh_jid=7875352002"", ""audience_reject_reasons"": [""not_data_ai_field"", ""not_fresher_ws_thesis"", ""ambiguous_needs_review""]}"
2026-09-30T20:38:57.668185+00:00,sem_sumup_commercial-terrain-ind-pendant-freelance_le-havre-seine-maritime-france,Commercial Terrain - Indépendant (Freelance),SumUp,"Le Havre, Seine-Maritime, France",direct,other_tech,mid,"not_data_ai_field,not_fresher_ws_thesis,ambiguous_needs_review","{""job_id"": ""sem_sumup_commercial-terrain-ind-pendant-freelance_le-havre-seine-maritime-france"", ""title"": ""Commercial Terrain - Ind\u00e9pendant (Freelance)"", ""url"": null, ""job_url"": ""https://sumup.com/careers/positions/8210442002?gh_jid=8210442002"", ""audience_reject_reasons"": [""not_data_ai_field"", ""not_fresher_ws_thesis"", ""ambiguous_needs_review""]}"
2026-09-30T20:38:57.668185+00:00,sem_sumup_consultor-de-vendas_lisbon-portugal,Consultor de Vendas,SumUp,"Lisbon, Portugal",direct,other_tech,mid,"not_data_ai_field,not_fresher_ws_thesis,ambiguous_needs_review","{""job_id"": ""sem_sumup_consultor-de-vendas_lisbon-portugal"", ""title"": ""Consultor de Vendas"", ""url"": null, ""job_url"": ""https://sumup.com/careers/positions/8181753002?gh_jid=8181753002"", ""audience_reject_reasons"": [""not_data_ai_field"", ""not_fresher_ws_thesis"", ""ambiguous_needs_review""]}"
2026-09-30T20:38:57.668185+00:00,sem_sumup_corporate-tax-lead_sofia-bulgaria,Corporate Tax Lead,SumUp,"Sofia, Bulgaria",direct,sap_erp,senior,"not_data_ai_field,not_fresher_ws_thesis,ambiguous_needs_review","{""job_id"": ""sem_sumup_corporate-tax-lead_sofia-bulgaria"", ""title"": ""Corporate Tax Lead"", ""url"": null, ""job_url"": ""https://sumup.com/careers/positions/8624281002?gh_jid=8624281002"", ""audience_reject_reasons"": [""not_data_ai_field"", ""not_fresher_ws_thesis"", ""ambiguous_needs_review""]}"
2026-09-30T20:38:57.668185+00:00,sem_sumup_field-sales-territory-manager-emilia-romagna_emilia-romagna-italy,Field Sales Territory Manager - Emilia-Romagna,SumUp,"Emilia-Romagna, Italy",direct,other_tech,mid,"not_data_ai_field,not_fresher_ws_thesis,ambiguous_needs_review","{""job_id"": ""sem_sumup_field-sales-territory-manager-emilia-romagna_emilia-romagna-italy"", ""title"": ""Field Sales Territory Manager - Emilia-Romagna"", ""url"": null, ""job_url"": ""https://sumup.com/careers/positions/8634749002?gh_jid=8634749002"", ""audience_reject_reasons"": [""not_data_ai_field"", ""not_fresher_ws_thesis"", ""ambiguous_needs_review""]}"
2026-09-30T20:38:57.668185+00:00,sem_sumup_field-sales-territory-manager-liguria_liguria-italy,Field Sales Territory Manager - Liguria,SumUp,"Liguria, Italy",direct,other_tech,mid,"not_data_ai_field,not_fresher_ws_thesis,ambiguous_needs_review","{""job_id"": ""sem_sumup_field-sales-territory-manager-liguria_liguria-italy"", ""title"": ""Field Sales Territory Manager - Liguria"", ""url"": null, ""job_url"": ""https://sumup.com/careers/positions/8706552002?gh_jid=8706552002"", ""audience_reject_reasons"": [""not_data_ai_field"", ""not_fresher_ws_thesis"", ""ambiguous_needs_review""]}"
2026-09-30T20:38:57.668185+00:00,sem_sumup_head-of-regional-field-sales-spain-and-portugal_barcelona-barcelona-spain,Head of Regional Field Sales - Spain and Portugal,SumUp,"Barcelona, Barcelona, Spain",direct,other_tech,senior,"not_data_ai_field,not_fresher_ws_thesis,ambiguous_needs_review","{""job_id"": ""sem_sumup_head-of-regional-field-sales-spain-and-portugal_barcelona-barcelona-spain"", ""title"": ""Head of Regional Field Sales - Spain and Portugal"", ""url"": null, ""job_url"": ""https://sumup.com/careers/positions/8811363002?gh_jid=8811363002"", ""audience_reject_reasons"": [""not_data_ai_field"", ""not_fresher_ws_thesis"", ""ambiguous_needs_review""]}"
2026-09-30T20:38:57.668185+00:00,sem_sumup_junior-complaints-compliance-specialist_sofia-bulgaria,Junior Complaints & Compliance Specialist,SumUp,"Sofia, Bulgaria",direct,other_tech,junior,"not_data_ai_field,ambiguous_needs_review","{""job_id"": ""sem_sumup_junior-complaints-compliance-specialist_sofia-bulgaria"", ""title"": ""Junior Complaints & Compliance Specialist"", ""url"": null, ""job_url"": ""https://sumup.com/careers/positions/8806268002?gh_jid=8806268002"", ""audience_reject_reasons"": [""not_data_ai_field"", ""ambiguous_needs_review""]}"
2026-09-30T20:38:57.668185+00:00,sem_sumup_junior-inbound-sales-representative-nordics_london-england-united-kingdom,Junior Inbound Sales Representative [Nordics],SumUp,"London, England, United Kingdom",direct,other_tech,junior,"not_eu,not_data_ai_field,ambiguous_needs_review","{""job_id"": ""sem_sumup_junior-inbound-sales-representative-nordics_london-england-united-kingdom"", ""title"": ""Junior Inbound Sales Representative [Nordics]"", ""url"": null, ""job_url"": ""https://sumup.com/careers/positions/8713865002?gh_jid=8713865002"", ""audience_reject_reasons"": [""not_eu"", ""not_data_ai_field"", ""ambiguous_needs_review""]}"
2026-09-30T20:38:57.668185+00:00,sem_sumup_junior-sales-development-representative_cologne-germany,Junior Sales Development Representative (m/w/d),SumUp,"Cologne, Germany",direct,other_tech,junior,"not_data_ai_field,ambiguous_needs_review","{""job_id"": ""sem_sumup_junior-sales-development-representative_cologne-germany"", ""title"": ""Junior Sales Development Representative (m/w/d)"", ""url"": null, ""job_url"": ""https://sumup.com/careers/positions/8820269002?gh_jid=8820269002"", ""audience_reject_reasons"": [""not_data_ai_field"", ""ambiguous_needs_review""]}"
2026-09-30T20:38:57.668185+00:00,sem_sumup_kyc-edd-operations-agent-german_sofia-bulgaria,KYC EDD Operations Agent (German),SumUp,"Sofia, Bulgaria",direct,other_tech,mid,"not_data_ai_field,not_fresher_ws_thesis,ambiguous_needs_review","{""job_id"": ""sem_sumup_kyc-edd-operations-agent-german_sofia-bulgaria"", ""title"": ""KYC EDD Operations Agent (German)"", ""url"": null, ""job_url"": ""https://sumup.com/careers/positions/8712769002?gh_jid=8712769002"", ""audience_reject_reasons"": [""not_data_ai_field"", ""not_fresher_ws_thesis"", ""ambiguous_needs_review""]}"
2026-09-30T20:38:57.668185+00:00,sem_sumup_kyc-operations-agent-with-dutch_sofia-bulgaria,KYC Operations Agent with Dutch,SumUp,"Sofia, Bulgaria",direct,qa_testing,mid,"not_data_ai_field,not_fresher_ws_thesis,ambiguous_needs_review","{""job_id"": ""sem_sumup_kyc-operations-agent-with-dutch_sofia-bulgaria"", ""title"": ""KYC Operations Agent with Dutch"", ""url"": null, ""job_url"": ""https://sumup.com/careers/positions/8658514002?gh_jid=8658514002"", ""audience_reject_reasons"": [""not_data_ai_field"", ""not_fresher_ws_thesis"", ""ambiguous_needs_review""]}"
2026-09-30T20:38:57.668185+00:00,sem_sumup_regional-manager-field-sales_copenhagen-denmark,Regional Manager Field Sales,SumUp,"Copenhagen, Denmark",direct,other_tech,mid,"not_data_ai_field,not_fresher_ws_thesis,ambiguous_needs_review","{""job_id"": ""sem_sumup_regional-manager-field-sales_copenhagen-denmark"", ""title"": ""Regional Manager Field Sales"", ""url"": null, ""job_url"": ""https://sumup.com/careers/positions/8622070002?gh_jid=8622070002"", ""audience_reject_reasons"": [""not_data_ai_field"", ""not_fresher_ws_thesis"", ""ambiguous_needs_review""]}"
2026-09-30T20:38:57.668185+00:00,sem_sumup_selbstst-ndiger-vertriebsmitarbeiter-au-endienst-m-w-x_vienna-vienna-austria,Selbstständiger Vertriebsmitarbeiter Außendienst (m/w/x),SumUp,"Vienna, Vienna, Austria",direct,other_tech,mid,"not_data_ai_field,not_fresher_ws_thesis,ambiguous_needs_review","{""job_id"": ""sem_sumup_selbstst-ndiger-vertriebsmitarbeiter-au-endienst-m-w-x_vienna-vienna-austria"", ""title"": ""Selbstst\u00e4ndiger Vertriebsmitarbeiter Au\u00dfendienst (m/w/x)"", ""url"": null, ""job_url"": ""https://sumup.com/careers/positions/8559397002?gh_jid=8559397002"", ""audience_reject_reasons"": [""not_data_ai_field"", ""not_fresher_ws_thesis"", ""ambiguous_needs_review""]}"
2026-09-30T20:38:57.668185+00:00,sem_sumup_senior-commercial-finance-business-partner_berlin-germany,Senior Commercial Finance Business Partner,SumUp,"Berlin, Germany",direct,other_tech,senior,"not_data_ai_field,not_fresher_ws_thesis,ambiguous_needs_review","{""job_id"": ""sem_sumup_senior-commercial-finance-business-partner_berlin-germany"", ""title"": ""Senior Commercial Finance Business Partner"", ""url"": null, ""job_url"": ""https://sumup.com/careers/positions/8745560002?gh_jid=8745560002"", ""audience_reject_reasons"": [""not_data_ai_field"", ""not_fresher_ws_thesis"", ""ambiguous_needs_review""]}"
2026-09-30T20:38:57.668185+00:00,sem_sumup_senior-commercial-finance-business-partner_london-england-united-kingdom,Senior Commercial Finance Business Partner,SumUp,"London, England, United Kingdom",direct,other_tech,senior,"not_eu,not_data_ai_field,not_fresher_ws_thesis,ambiguous_needs_review","{""job_id"": ""sem_sumup_senior-commercial-finance-business-partner_london-england-united-kingdom"", ""title"": ""Senior Commercial Finance Business Partner"", ""url"": null, ""job_url"": ""https://sumup.com/careers/positions/8690955002?gh_jid=8690955002"", ""audience_reject_reasons"": [""not_eu"", ""not_data_ai_field"", ""not_fresher_ws_thesis"", ""ambiguous_needs_review""]}"
2026-09-30T20:38:57.668185+00:00,sem_sumup_senior-internal-auditor_london-england-united-kingdom,Senior Internal Auditor,SumUp,"London, England, United Kingdom",direct,other_tech,senior,"not_eu,not_data_ai_field,not_fresher_ws_thesis,ambiguous_needs_review","{""job_id"": ""sem_sumup_senior-internal-auditor_london-england-united-kingdom"", ""title"": ""Senior Internal Auditor"", ""url"": null, ""job_url"": ""https://sumup.com/careers/positions/8646778002?gh_jid=8646778002"", ""audience_reject_reasons"": [""not_eu"", ""not_data_ai_field"", ""not_fresher_ws_thesis"", ""ambiguous_needs_review""]}"
2026-09-30T20:38:57.668185+00:00,sem_sumup_territory-sales-manager_copenhagen-denmark,Territory Sales Manager,SumUp,"Copenhagen, Denmark",direct,other_tech,mid,"not_data_ai_field,not_fresher_ws_thesis,ambiguous_needs_review","{""job_id"": ""sem_sumup_territory-sales-manager_copenhagen-denmark"", ""title"": ""Territory Sales Manager"", ""url"": null, ""job_url"": ""https://sumup.com/careers/positions/8192637002?gh_jid=8192637002"", ""audience_reject_reasons"": [""not_data_ai_field"", ""not_fresher_ws_thesis"", ""ambiguous_needs_review""]}"
2026-09-30T20:38:57.668185+00:00,sem_sumup_workday-specialist_warsaw-poland,Workday Specialist,SumUp,"Warsaw, Poland",direct,other_tech,mid,"not_data_ai_field,not_fresher_ws_thesis,ambiguous_needs_review","{""job_id"": ""sem_sumup_workday-specialist_warsaw-poland"", ""title"": ""Workday Specialist"", ""url"": null, ""job_url"": ""https://sumup.com/careers/positions/8858309002?gh_jid=8858309002"", ""audience_reject_reasons"": [""not_data_ai_field"", ""not_fresher_ws_thesis"", ""ambiguous_needs_review""]}"
2026-09-30T20:38:57.668185+00:00,sem_superchat_head-of-finance_berlin,Head of Finance (m/f/d),Superchat,Berlin,arbeitnow,other_tech,senior,"not_data_ai_field,not_fresher_ws_thesis,ambiguous_needs_review","{""job_id"": ""sem_superchat_head-of-finance_berlin"", ""title"": ""Head of Finance (m/f/d)"", ""url"": null, ""job_url"": ""https://www.arbeitnow.com/jobs/companies/superchat/head-of-finance-berlin-309813"", ""audience_reject_reasons"": [""not_data_ai_field"", ""not_fresher_ws_thesis"", ""ambiguous_needs_review""]}"
2026-09-30T20:38:57.668185+00:00,sem_tacto_account-manager_munich,(Senior) Account Manager,Tacto,Munich,arbeitnow,other_tech,senior,"not_data_ai_field,not_fresher_ws_thesis,ambiguous_needs_review","{""job_id"": ""sem_tacto_account-manager_munich"", ""title"": ""(Senior) Account Manager"", ""url"": null, ""job_url"": ""https://www.arbeitnow.com/jobs/companies/tacto/senior-account-manager-munich-96914"", ""audience_reject_reasons"": [""not_data_ai_field"", ""not_fresher_ws_thesis"", ""ambiguous_needs_review""]}"
2026-09-30T20:38:57.668185+00:00,sem_tacto_forward-deployed-engineering-team-lead_munich,Forward Deployed Engineering Team Lead,Tacto,Munich,arbeitnow,other_tech,senior,"not_data_ai_field,not_fresher_ws_thesis,ambiguous_needs_review","{""job_id"": ""sem_tacto_forward-deployed-engineering-team-lead_munich"", ""title"": ""Forward Deployed Engineering Team Lead"", ""url"": null, ""job_url"": ""https://www.arbeitnow.com/jobs/companies/tacto/forward-deployed-engineering-team-lead-munich-216208"", ""audience_reject_reasons"": [""not_data_ai_field"", ""not_fresher_ws_thesis"", ""ambiguous_needs_review""]}"
2026-09-30T20:38:57.668185+00:00,sem_tektraco_quality-engineering-support_mt-mt001,QUALITY & ENGINEERING SUPPORT,TEKTRACO LTD.,MT (MT001),eures,other_tech,mid,"not_data_ai_field,not_fresher_ws_thesis,ambiguous_needs_review","{""job_id"": ""sem_tektraco_quality-engineering-support_mt-mt001"", ""title"": ""QUALITY & ENGINEERING SUPPORT"", ""url"": null, ""job_url"": ""https://europa.eu/eures/portal/jv-se/jv-details/NDU0Nzg4IDEwMQ?jvDisplayLanguage=en&lang=en"", ""audience_reject_reasons"": [""not_data_ai_field"", ""not_fresher_ws_thesis"", ""ambiguous_needs_review""]}"
2026-09-30T20:38:57.668185+00:00,sem_teton_strategic-account-manager-uk_united-kingdom,Strategic Account Manager UK,Teton,United Kingdom,arbeitnow,other_tech,mid,"not_eu,not_data_ai_field,not_fresher_ws_thesis,ambiguous_needs_review","{""job_id"": ""sem_teton_strategic-account-manager-uk_united-kingdom"", ""title"": ""Strategic Account Manager UK"", ""url"": null, ""job_url"": ""https://www.arbeitnow.co.uk/jobs/companies/teton/strategic-account-manager-uk-united-kingdom-442747"", ""audience_reject_reasons"": [""not_eu"", ""not_data_ai_field"", ""not_fresher_ws_thesis"", ""ambiguous_needs_review""]}"
2026-09-30T20:38:57.668185+00:00,sem_thehutgroup_senior-ecommerce-executive-12m-ftc-lookfantastic_manchester,Senior Ecommerce Executive 12M Ftc | Lookfantastic,Thehutgroup,Manchester,arbeitnow,software_engineering,senior,"not_eu,not_data_ai_field,not_fresher_ws_thesis,ambiguous_needs_review","{""job_id"": ""sem_thehutgroup_senior-ecommerce-executive-12m-ftc-lookfantastic_manchester"", ""title"": ""Senior Ecommerce Executive 12M Ftc | Lookfantastic"", ""url"": null, ""job_url"": ""https://www.arbeitnow.co.uk/jobs/companies/thehutgroup/senior-ecommerce-executive-12m-ftc-lookfantastic-manchester-347112"", ""audience_reject_reasons"": [""not_eu"", ""not_data_ai_field"", ""not_fresher_ws_thesis"", ""ambiguous_needs_review""]}"
2026-09-30T20:38:57.668185+00:00,sem_thoughtworks_europe-senior-financial-accountant-fixed-term-contract_london,Europe Senior Financial Accountant - Fixed Term Contract,thoughtworks,London,arbeitnow,other_tech,senior,"not_eu,not_data_ai_field,not_fresher_ws_thesis,ambiguous_needs_review","{""job_id"": ""sem_thoughtworks_europe-senior-financial-accountant-fixed-term-contract_london"", ""title"": ""Europe Senior Financial Accountant - Fixed Term Contract"", ""url"": null, ""job_url"": ""https://www.arbeitnow.co.uk/jobs/companies/thoughtworks/europe-senior-financial-accountant-fixed-term-contract-london-210960"", ""audience_reject_reasons"": [""not_eu"", ""not_data_ai_field"", ""not_fresher_ws_thesis"", ""ambiguous_needs_review""]}"
2026-09-30T20:38:57.668185+00:00,sem_thoughtworks_senior-financial-accountant-fixed-term-contract_manchester,Senior Financial Accountant - Fixed Term Contract,thoughtworks,Manchester,arbeitnow,other_tech,senior,"not_eu,not_data_ai_field,not_fresher_ws_thesis,ambiguous_needs_review","{""job_id"": ""sem_thoughtworks_senior-financial-accountant-fixed-term-contract_manchester"", ""title"": ""Senior Financial Accountant - Fixed Term Contract"", ""url"": null, ""job_url"": ""https://www.arbeitnow.co.uk/jobs/companies/thoughtworks/senior-financial-accountant-fixed-term-contract-manchester-230407"", ""audience_reject_reasons"": [""not_eu"", ""not_data_ai_field"", ""not_fresher_ws_thesis"", ""ambiguous_needs_review""]}"
2026-09-30T20:38:57.668185+00:00,sem_thoughtworks_senior-financial-accountant-fixed-term-contract_newcastle,Senior Financial Accountant - Fixed Term Contract,thoughtworks,Newcastle,arbeitnow,other_tech,senior,"not_eu,not_data_ai_field,not_fresher_ws_thesis,ambiguous_needs_review","{""job_id"": ""sem_thoughtworks_senior-financial-accountant-fixed-term-contract_newcastle"", ""title"": ""Senior Financial Accountant - Fixed Term Contract"", ""url"": null, ""job_url"": ""https://www.arbeitnow.co.uk/jobs/companies/thoughtworks/senior-financial-accountant-fixed-term-contract-newcastle-407099"", ""audience_reject_reasons"": [""not_eu"", ""not_data_ai_field"", ""not_fresher_ws_thesis"", ""ambiguous_needs_review""]}"
2026-09-30T20:38:57.668185+00:00,sem_uplane_ai-native-landing-page-designer_remote,AI-Native Landing Page Designer,Uplane,remote,arbeitnow,other_tech,mid,"not_eu,not_data_ai_field,not_fresher_ws_thesis,ambiguous_needs_review","{""job_id"": ""sem_uplane_ai-native-landing-page-designer_remote"", ""title"": ""AI-Native Landing Page Designer"", ""url"": null, ""job_url"": ""https://www.arbeitnow.ch/jobs/companies/uplane/remote-ai-native-landing-page-designer-99931"", ""audience_reject_reasons"": [""not_eu"", ""not_data_ai_field"", ""not_fresher_ws_thesis"", ""ambiguous_needs_review""]}"
2026-09-30T20:38:57.668185+00:00,sem_uplane_ai-native-static-ad-designer_remote,AI-Native Static Ad Designer,Uplane,remote,arbeitnow,other_tech,mid,"not_eu,not_data_ai_field,not_fresher_ws_thesis,ambiguous_needs_review","{""job_id"": ""sem_uplane_ai-native-static-ad-designer_remote"", ""title"": ""AI-Native Static Ad Designer"", ""url"": null, ""job_url"": ""https://www.arbeitnow.ch/jobs/companies/uplane/remote-ai-native-static-ad-designer-209081"", ""audience_reject_reasons"": [""not_eu"", ""not_data_ai_field"", ""not_fresher_ws_thesis"", ""ambiguous_needs_review""]}"
2026-09-30T20:38:57.668185+00:00,sem_uplane_ai-native-video-producer_remote,AI-Native Video Producer,Uplane,remote,arbeitnow,other_tech,mid,"not_eu,not_data_ai_field,not_fresher_ws_thesis,ambiguous_needs_review","{""job_id"": ""sem_uplane_ai-native-video-producer_remote"", ""title"": ""AI-Native Video Producer"", ""url"": null, ""job_url"": ""https://www.arbeitnow.co.uk/jobs/companies/uplane/remote-ai-native-video-producer-290937"", ""audience_reject_reasons"": [""not_eu"", ""not_data_ai_field"", ""not_fresher_ws_thesis"", ""ambiguous_needs_review""]}"
2026-09-30T20:38:57.668185+00:00,sem_vanguard-services-malta-limited_social-media-manager-gozo_mt-mt001,SOCIAL MEDIA MANAGER (GOZO),VANGUARD SERVICES MALTA LIMITED,MT (MT001),eures,other_tech,mid,"not_data_ai_field,not_fresher_ws_thesis,ambiguous_needs_review","{""job_id"": ""sem_vanguard-services-malta-limited_social-media-manager-gozo_mt-mt001"", ""title"": ""SOCIAL MEDIA MANAGER (GOZO)"", ""url"": null, ""job_url"": ""https://europa.eu/eures/portal/jv-se/jv-details/NDU1MzcxIDEwMQ?jvDisplayLanguage=en&lang=en"", ""audience_reject_reasons"": [""not_data_ai_field"", ""not_fresher_ws_thesis"", ""ambiguous_needs_review""]}"
2026-09-30T20:38:57.668185+00:00,sem_vanta_director-of-enterprise-sales-emea_london-uk,"Director of Enterprise Sales, EMEA",Vanta,"London, UK",arbeitnow,cybersecurity,mid,"not_eu,not_data_ai_field,not_fresher_ws_thesis,ambiguous_needs_review","{""job_id"": ""sem_vanta_director-of-enterprise-sales-emea_london-uk"", ""title"": ""Director of Enterprise Sales, EMEA"", ""url"": null, ""job_url"": ""https://www.arbeitnow.co.uk/jobs/companies/vanta/director-of-enterprise-sales-emea-london-24829"", ""audience_reject_reasons"": [""not_eu"", ""not_data_ai_field"", ""not_fresher_ws_thesis"", ""ambiguous_needs_review""]}"
2026-09-30T20:38:57.668185+00:00,sem_versatech-engineering_junior-project-manager_mt-mt001,JUNIOR PROJECT MANAGER,VERSATECH ENGINEERING LTD,MT (MT001),eures,other_tech,junior,"not_data_ai_field,ambiguous_needs_review","{""job_id"": ""sem_versatech-engineering_junior-project-manager_mt-mt001"", ""title"": ""JUNIOR PROJECT MANAGER"", ""url"": null, ""job_url"": ""https://europa.eu/eures/portal/jv-se/jv-details/NDU1Nzk1IDEwMQ?jvDisplayLanguage=en&lang=en"", ""audience_reject_reasons"": [""not_data_ai_field"", ""ambiguous_needs_review""]}"
2026-09-30T20:38:57.668185+00:00,sem_vision-rt_post-market-surveillance-complaints-specialist_north-london-or-basingstoke,Post-Market Surveillance (Complaints) Specialist,Vision RT Ltd.,North London or  Basingstoke,arbeitnow,other_tech,mid,"not_eu,not_data_ai_field,not_fresher_ws_thesis,ambiguous_needs_review","{""job_id"": ""sem_vision-rt_post-market-surveillance-complaints-specialist_north-london-or-basingstoke"", ""title"": ""Post-Market Surveillance (Complaints) Specialist"", ""url"": null, ""job_url"": ""https://www.arbeitnow.co.uk/jobs/companies/vision-rt-ltd/post-market-surveillance-complaints-specialist-north-london-or-basingstoke-107101"", ""audience_reject_reasons"": [""not_eu"", ""not_data_ai_field"", ""not_fresher_ws_thesis"", ""ambiguous_needs_review""]}"
2026-09-30T20:38:57.668185+00:00,sem_vivaldis_quality-co-rdinator-beheer-proces-en-kwaliteitsbeleid-min-ma_be-be213,"Quality Coördinator, beheer proces en kwaliteitsbeleid min. MA",VIVALDIS,BE (BE213),eures,business_intelligence,mid,"not_fresher_ws_thesis,ambiguous_needs_review","{""job_id"": ""sem_vivaldis_quality-co-rdinator-beheer-proces-en-kwaliteitsbeleid-min-ma_be-be213"", ""title"": ""Quality Co\u00f6rdinator, beheer proces en kwaliteitsbeleid min. MA"", ""url"": null, ""job_url"": ""https://europa.eu/eures/portal/jv-se/jv-details/NzcyMzI5NGItYzFkOS00YzQxLThhYTktZWIyMmZjMjg3YWJiIDM?jvDisplayLanguage=nl&lang=nl"", ""audience_reject_reasons"": [""not_fresher_ws_thesis"", ""ambiguous_needs_review""]}"
2026-09-30T20:38:57.668185+00:00,sem_vo2-group_vo2-finance-d-veloppeur-c-confirm-trading-lectronique-front-office-cib_paris-france,[VO2 Finance] - Développeur C# Confirmé – Trading Électronique / Front-Office CIB,VO2 Group,"Paris, France",arbeitnow,other_tech,mid,"not_data_ai_field,not_fresher_ws_thesis,ambiguous_needs_review","{""job_id"": ""sem_vo2-group_vo2-finance-d-veloppeur-c-confirm-trading-lectronique-front-office-cib_paris-france"", ""title"": ""[VO2 Finance] - D\u00e9veloppeur C# Confirm\u00e9 \u2013 Trading \u00c9lectronique / Front-Office CIB"", ""url"": null, ""job_url"": ""https://www.arbeitnow.fr/jobs/companies/vo2-group/vo2-finance-developpeur-c-confirme-trading-electronique-front-office-cib-paris-france-430395"", ""audience_reject_reasons"": [""not_data_ai_field"", ""not_fresher_ws_thesis"", ""ambiguous_needs_review""]}"
2026-09-30T20:38:57.668185+00:00,sem_vo2-group_vo2-finance-d-veloppeur-c-junior-trading-lectronique-front-office-cib_paris-france,[VO2 Finance] - Développeur C# Junior – Trading Électronique / Front-Office CIB,VO2 Group,"Paris, France",arbeitnow,other_tech,junior,"not_data_ai_field,ambiguous_needs_review","{""job_id"": ""sem_vo2-group_vo2-finance-d-veloppeur-c-junior-trading-lectronique-front-office-cib_paris-france"", ""title"": ""[VO2 Finance] - D\u00e9veloppeur C# Junior \u2013 Trading \u00c9lectronique / Front-Office CIB"", ""url"": null, ""job_url"": ""https://www.arbeitnow.fr/jobs/companies/vo2-group/vo2-finance-developpeur-c-junior-trading-electronique-front-office-cib-paris-france-381923"", ""audience_reject_reasons"": [""not_data_ai_field"", ""ambiguous_needs_review""]}"
2026-09-30T20:38:57.668185+00:00,sem_voodoo_freelance-3d-artist-puzzle-studio_paris,Freelance 3D Artist - Puzzle Studio,Voodoo,Paris,arbeitnow,other_tech,mid,"not_data_ai_field,not_fresher_ws_thesis,ambiguous_needs_review","{""job_id"": ""sem_voodoo_freelance-3d-artist-puzzle-studio_paris"", ""title"": ""Freelance 3D Artist - Puzzle Studio"", ""url"": null, ""job_url"": ""https://www.arbeitnow.fr/jobs/companies/voodoo/freelance-3d-artist-puzzle-studio-paris-279337"", ""audience_reject_reasons"": [""not_data_ai_field"", ""not_fresher_ws_thesis"", ""ambiguous_needs_review""]}"
2026-09-30T20:38:57.668185+00:00,sem_voodoo_game-artist-sand-loop_paris,Game Artist - Sand Loop,Voodoo,Paris,arbeitnow,other_tech,mid,"not_data_ai_field,not_fresher_ws_thesis,ambiguous_needs_review","{""job_id"": ""sem_voodoo_game-artist-sand-loop_paris"", ""title"": ""Game Artist - Sand Loop"", ""url"": null, ""job_url"": ""https://www.arbeitnow.fr/jobs/companies/voodoo/game-artist-sand-loop-paris-477719"", ""audience_reject_reasons"": [""not_data_ai_field"", ""not_fresher_ws_thesis"", ""ambiguous_needs_review""]}"
2026-09-30T20:38:57.668185+00:00,sem_voodoo_growth-strategy-ad-monetization-manager_paris,Growth Strategy & Ad Monetization Manager,Voodoo,Paris,arbeitnow,other_tech,mid,"not_data_ai_field,not_fresher_ws_thesis,ambiguous_needs_review","{""job_id"": ""sem_voodoo_growth-strategy-ad-monetization-manager_paris"", ""title"": ""Growth Strategy & Ad Monetization Manager"", ""url"": null, ""job_url"": ""https://www.arbeitnow.fr/jobs/companies/voodoo/growth-strategy-ad-monetization-manager-paris-171308"", ""audience_reject_reasons"": [""not_data_ai_field"", ""not_fresher_ws_thesis"", ""ambiguous_needs_review""]}"
2026-09-30T20:38:57.668185+00:00,sem_voodoo_marketing-video-artist-growth_paris,Marketing Video Artist - Growth,Voodoo,Paris,arbeitnow,other_tech,mid,"not_data_ai_field,not_fresher_ws_thesis,ambiguous_needs_review","{""job_id"": ""sem_voodoo_marketing-video-artist-growth_paris"", ""title"": ""Marketing Video Artist - Growth"", ""url"": null, ""job_url"": ""https://www.arbeitnow.fr/jobs/companies/voodoo/marketing-video-artist-growth-paris-39219"", ""audience_reject_reasons"": [""not_data_ai_field"", ""not_fresher_ws_thesis"", ""ambiguous_needs_review""]}"
2026-09-30T20:38:57.668185+00:00,sem_what_growth-marketing-consultant-manager-german-required_z-rich-z-rich-switzerland,Growth Marketing Consultant/Manager (German required),what. AG,"Zürich, Zürich, Switzerland",arbeitnow,other_tech,mid,"not_eu,not_data_ai_field,not_fresher_ws_thesis,ambiguous_needs_review","{""job_id"": ""sem_what_growth-marketing-consultant-manager-german-required_z-rich-z-rich-switzerland"", ""title"": ""Growth Marketing Consultant/Manager (German required)"", ""url"": null, ""job_url"": ""https://www.arbeitnow.ch/jobs/companies/what-ag/growth-marketing-consultant-manager-german-required-zurich-15607"", ""audience_reject_reasons"": [""not_eu"", ""not_data_ai_field"", ""not_fresher_ws_thesis"", ""ambiguous_needs_review""]}"
2026-09-30T20:38:57.668185+00:00,sem_wizinc_enterprise-account-executive_,Enterprise Account Executive,wizinc,,arbeitnow,cybersecurity,mid,"not_eu,not_data_ai_field,not_fresher_ws_thesis,ambiguous_needs_review","{""job_id"": ""sem_wizinc_enterprise-account-executive_"", ""title"": ""Enterprise Account Executive"", ""url"": null, ""job_url"": ""https://www.arbeitnow.co.uk/jobs/companies/wizinc/enterprise-account-executive-165785"", ""audience_reject_reasons"": [""not_eu"", ""not_data_ai_field"", ""not_fresher_ws_thesis"", ""ambiguous_needs_review""]}"
2026-09-30T20:38:57.668185+00:00,sem_wizinc_mid-enterprise-account-executive_,Mid-Enterprise Account Executive,wizinc,,arbeitnow,cybersecurity,mid,"not_eu,not_data_ai_field,not_fresher_ws_thesis,ambiguous_needs_review","{""job_id"": ""sem_wizinc_mid-enterprise-account-executive_"", ""title"": ""Mid-Enterprise Account Executive"", ""url"": null, ""job_url"": ""https://www.arbeitnow.co.uk/jobs/companies/wizinc/mid-enterprise-account-executive-115217"", ""audience_reject_reasons"": [""not_eu"", ""not_data_ai_field"", ""not_fresher_ws_thesis"", ""ambiguous_needs_review""]}"
2026-09-30T20:38:57.668185+00:00,sem_zara_visual-commercial_m-nster,Visual Commercial (m/w/d),Zara,Münster,arbeitnow,other_tech,mid,"not_data_ai_field,not_fresher_ws_thesis,ambiguous_needs_review","{""job_id"": ""sem_zara_visual-commercial_m-nster"", ""title"": ""Visual Commercial (m/w/d)"", ""url"": null, ""job_url"": ""https://www.arbeitnow.com/jobs/companies/zara/visual-commercial-munster-369375"", ""audience_reject_reasons"": [""not_data_ai_field"", ""not_fresher_ws_thesis"", ""ambiguous_needs_review""]}"
2026-09-30T20:38:57.668185+00:00,sem_zscaler_account-executive-majors-romandy_,"Account Executive, Majors - Romandy",zscaler,,arbeitnow,other_tech,mid,"not_eu,not_data_ai_field,not_fresher_ws_thesis,ambiguous_needs_review","{""job_id"": ""sem_zscaler_account-executive-majors-romandy_"", ""title"": ""Account Executive, Majors - Romandy"", ""url"": null, ""job_url"": ""https://www.arbeitnow.ch/jobs/companies/zscaler/account-executive-majors-romandy-314508"", ""audience_reject_reasons"": [""not_eu"", ""not_data_ai_field"", ""not_fresher_ws_thesis"", ""ambiguous_needs_review""]}"
2026-09-30T20:49:29.019317+00:00,sem_6pm_junior-art-director_berlin,Junior Art Director (m/w/d),6PM GmbH,Berlin,arbeitnow,other_tech,junior,"not_data_ai_field,ambiguous_needs_review","{""job_id"": ""sem_6pm_junior-art-director_berlin"", ""title"": ""Junior Art Director (m/w/d)"", ""url"": null, ""job_url"": ""https://www.arbeitnow.com/jobs/companies/6pm-gmbh/junior-art-director-berlin-133887"", ""audience_reject_reasons"": [""not_data_ai_field"", ""ambiguous_needs_review""]}"
2026-09-30T20:49:29.019317+00:00,sem_6pm_producer-content-brand-experience_berlin,Producer Content & Brand Experience (m/w/d),6PM GmbH,Berlin,arbeitnow,other_tech,mid,"not_data_ai_field,not_fresher_ws_thesis,ambiguous_needs_review","{""job_id"": ""sem_6pm_producer-content-brand-experience_berlin"", ""title"": ""Producer Content & Brand Experience (m/w/d)"", ""url"": null, ""job_url"": ""https://www.arbeitnow.com/jobs/companies/6pm-gmbh/producer-content-brand-experience-berlin-19216"", ""audience_reject_reasons"": [""not_data_ai_field"", ""not_fresher_ws_thesis"", ""ambiguous_needs_review""]}"
2026-09-30T20:49:29.019317+00:00,sem_absolute-jobs-oostende_diagnosic-technician-testing_be-be255,Diagnosic technician testing,Absolute Jobs Oostende,BE (BE255),eures,other_tech,mid,"not_data_ai_field,not_fresher_ws_thesis,ambiguous_needs_review","{""job_id"": ""sem_absolute-jobs-oostende_diagnosic-technician-testing_be-be255"", ""title"": ""Diagnosic technician testing"", ""url"": null, ""job_url"": ""https://europa.eu/eures/portal/jv-se/jv-details/M2JlNThiNTItNzkxNS00NmM0LTg0YzUtOTNhZGNiZjI1N2ExIDM?jvDisplayLanguage=nl&lang=nl"", ""audience_reject_reasons"": [""not_data_ai_field"", ""not_fresher_ws_thesis"", ""ambiguous_needs_review""]}"
2026-09-30T20:49:29.019317+00:00,sem_absolute-jobs-oostende_electrical-maintenance-technician_be-be255,Electrical maintenance technician,Absolute Jobs Oostende,BE (BE255),eures,other_tech,mid,"not_data_ai_field,not_fresher_ws_thesis,ambiguous_needs_review","{""job_id"": ""sem_absolute-jobs-oostende_electrical-maintenance-technician_be-be255"", ""title"": ""Electrical maintenance technician"", ""url"": null, ""job_url"": ""https://europa.eu/eures/portal/jv-se/jv-details/MzNlNWUxNzUtMjJhNy00MGIyLWI3ZGItYTJlMGYwNDJkYjA5IDM?jvDisplayLanguage=nl&lang=nl"", ""audience_reject_reasons"": [""not_data_ai_field"", ""not_fresher_ws_thesis"", ""ambiguous_needs_review""]}"
2026-09-30T20:49:29.019317+00:00,sem_acadia-job-listings_associate-director-manufacturing-drug-substance_zug,"Associate Director, Manufacturing (Drug Substance)",Acadia Job Listings,Zug,arbeitnow,qa_testing,mid,"not_eu,not_data_ai_field,not_fresher_ws_thesis,ambiguous_needs_review","{""job_id"": ""sem_acadia-job-listings_associate-director-manufacturing-drug-substance_zug"", ""title"": ""Associate Director, Manufacturing (Drug Substance)"", ""url"": null, ""job_url"": ""https://www.arbeitnow.ch/jobs/companies/acadia-job-listings/associate-director-manufacturing-drug-substance-zug-265251"", ""audience_reject_reasons"": [""not_eu"", ""not_data_ai_field"", ""not_fresher_ws_thesis"", ""ambiguous_needs_review""]}"
2026-09-30T20:49:29.019317+00:00,sem_acadia-job-listings_associate-director-regulatory-affairs-europe_zug,Associate Director Regulatory Affairs Europe,Acadia Job Listings,Zug,arbeitnow,other_tech,mid,"not_eu,not_data_ai_field,not_fresher_ws_thesis,ambiguous_needs_review","{""job_id"": ""sem_acadia-job-listings_associate-director-regulatory-affairs-europe_zug"", ""title"": ""Associate Director Regulatory Affairs Europe"", ""url"": null, ""job_url"": ""https://www.arbeitnow.ch/jobs/companies/acadia-job-listings/associate-director-regulatory-affairs-europe-zug-176813"", ""audience_reject_reasons"": [""not_eu"", ""not_data_ai_field"", ""not_fresher_ws_thesis"", ""ambiguous_needs_review""]}"
2026-09-30T20:49:29.019317+00:00,sem_actief-construct-torhout_elektricien-hvac-klimaatinstallaties_be-be234,Elektricien HVAC Klimaatinstallaties,Actief Construct Torhout,BE (BE234),eures,other_tech,mid,"not_data_ai_field,not_fresher_ws_thesis,ambiguous_needs_review","{""job_id"": ""sem_actief-construct-torhout_elektricien-hvac-klimaatinstallaties_be-be234"", ""title"": ""Elektricien HVAC Klimaatinstallaties"", ""url"": null, ""job_url"": ""https://europa.eu/eures/portal/jv-se/jv-details/YjM0NmJlMjUtMjEzMC00NjM2LWEyYTItM2FiMTFlNjRlYmViIDM?jvDisplayLanguage=nl&lang=nl"", ""audience_reject_reasons"": [""not_data_ai_field"", ""not_fresher_ws_thesis"", ""ambiguous_needs_review""]}"
2026-09-30T20:49:29.019317+00:00,sem_actief-interim-izegem_technisch-commercieel-medewerker-binnendienst_be-be256,Technisch (Commercieel) Medewerker Binnendienst,Actief Interim Izegem,BE (BE256),eures,non_tech,mid,"not_data_ai_field,not_fresher_ws_thesis,ambiguous_needs_review","{""job_id"": ""sem_actief-interim-izegem_technisch-commercieel-medewerker-binnendienst_be-be256"", ""title"": ""Technisch (Commercieel) Medewerker Binnendienst"", ""url"": null, ""job_url"": ""https://europa.eu/eures/portal/jv-se/jv-details/YzVhNTVkMWEtOTBjYy00OWI3LTkxODAtNTFhNmE3MDRhNWI2IDM?jvDisplayLanguage=nl&lang=nl"", ""audience_reject_reasons"": [""not_data_ai_field"", ""not_fresher_ws_thesis"", ""ambiguous_needs_review""]}"
2026-09-30T20:49:29.019317+00:00,sem_actief-interim-oostkamp_helpdeskmedewerker-firstline-franse-kennis-vereist_be-be251,Helpdeskmedewerker firstline - Franse kennis vereist,Actief Interim Oostkamp,BE (BE251),eures,other_tech,mid,"not_data_ai_field,not_fresher_ws_thesis,ambiguous_needs_review","{""job_id"": ""sem_actief-interim-oostkamp_helpdeskmedewerker-firstline-franse-kennis-vereist_be-be251"", ""title"": ""Helpdeskmedewerker firstline - Franse kennis vereist"", ""url"": null, ""job_url"": ""https://europa.eu/eures/portal/jv-se/jv-details/ZTY3ZDBlZDItMWZkOC00MzQ0LWE2YmMtOGM2NmQ1MmJiODZiIDM?jvDisplayLanguage=nl&lang=nl"", ""audience_reject_reasons"": [""not_data_ai_field"", ""not_fresher_ws_thesis"", ""ambiguous_needs_review""]}"
2026-09-30T20:49:29.019317+00:00,sem_actief-interim-turnhout_cnc-operator-metaalindustrie_be-be213,CNC operator metaalindustrie,Actief Interim Turnhout,BE (BE213),eures,other_tech,mid,"not_data_ai_field,not_fresher_ws_thesis,ambiguous_needs_review","{""job_id"": ""sem_actief-interim-turnhout_cnc-operator-metaalindustrie_be-be213"", ""title"": ""CNC operator metaalindustrie"", ""url"": null, ""job_url"": ""https://europa.eu/eures/portal/jv-se/jv-details/OGNiYzRmM2UtZTE0MS00NTdkLTk2MmEtYTJjZmRiMDEyNmYyIDM?jvDisplayLanguage=nl&lang=nl"", ""audience_reject_reasons"": [""not_data_ai_field"", ""not_fresher_ws_thesis"", ""ambiguous_needs_review""]}"
2026-09-30T20:49:29.019317+00:00,sem_aloyoga_stock-manager-seasonal-fixed-term-saint-tropez_,Stock Manager (Seasonal Fixed-Term) - Saint-Tropez,Aloyoga,,arbeitnow,other_tech,mid,"not_eu,not_data_ai_field,not_fresher_ws_thesis,ambiguous_needs_review","{""job_id"": ""sem_aloyoga_stock-manager-seasonal-fixed-term-saint-tropez_"", ""title"": ""Stock Manager (Seasonal Fixed-Term) - Saint-Tropez"", ""url"": null, ""job_url"": ""https://www.arbeitnow.fr/jobs/companies/aloyoga/stock-manager-seasonal-fixed-term-saint-tropez-490550"", ""audience_reject_reasons"": [""not_eu"", ""not_data_ai_field"", ""not_fresher_ws_thesis"", ""ambiguous_needs_review""]}"
2026-09-30T20:49:29.019317+00:00,sem_aloyoga_visual-manager-seasonal-fixed-term-saint-tropez_,Visual Manager (Seasonal Fixed-Term) - Saint-Tropez,Aloyoga,,arbeitnow,other_tech,mid,"not_eu,not_data_ai_field,not_fresher_ws_thesis,ambiguous_needs_review","{""job_id"": ""sem_aloyoga_visual-manager-seasonal-fixed-term-saint-tropez_"", ""title"": ""Visual Manager (Seasonal Fixed-Term) - Saint-Tropez"", ""url"": null, ""job_url"": ""https://www.arbeitnow.fr/jobs/companies/aloyoga/visual-manager-seasonal-fixed-term-saint-tropez-339032"", ""audience_reject_reasons"": [""not_eu"", ""not_data_ai_field"", ""not_fresher_ws_thesis"", ""ambiguous_needs_review""]}"
2026-09-30T20:49:29.019317+00:00,sem_artes-group_lasser_be-be234,Lasser,ARTES GROUP,BE (BE234),eures,other_tech,mid,"not_data_ai_field,not_fresher_ws_thesis,ambiguous_needs_review","{""job_id"": ""sem_artes-group_lasser_be-be234"", ""title"": ""Lasser"", ""url"": null, ""job_url"": ""https://europa.eu/eures/portal/jv-se/jv-details/ZDc0NjJlMGUtYmUxZS00MzZjLTg0ZjktMTBkNzc1YWY3ZjRhIDM?jvDisplayLanguage=nl&lang=nl"", ""audience_reject_reasons"": [""not_data_ai_field"", ""not_fresher_ws_thesis"", ""ambiguous_needs_review""]}"
2026-09-30T20:49:29.019317+00:00,sem_awin_head-of-product-ai-enablement_berlin-berlin,"Head of Product, AI Enablement (f/m/d)",Awin,"Berlin, Berlin",arbeitnow,embedded_systems,senior,"not_data_ai_field,not_fresher_ws_thesis,ambiguous_needs_review","{""job_id"": ""sem_awin_head-of-product-ai-enablement_berlin-berlin"", ""title"": ""Head of Product, AI Enablement (f/m/d)"", ""url"": null, ""job_url"": ""https://www.arbeitnow.com/jobs/companies/awin/head-of-product-ai-enablement-berlin-berlin-254713"", ""audience_reject_reasons"": [""not_data_ai_field"", ""not_fresher_ws_thesis"", ""ambiguous_needs_review""]}"
2026-09-30T20:49:29.019317+00:00,sem_bleckmann-belgi-wh-desteldonk_orderpicker_be-be234,Orderpicker,Bleckmann België (WH Desteldonk),BE (BE234),eures,other_tech,mid,"not_data_ai_field,not_fresher_ws_thesis,ambiguous_needs_review","{""job_id"": ""sem_bleckmann-belgi-wh-desteldonk_orderpicker_be-be234"", ""title"": ""Orderpicker"", ""url"": null, ""job_url"": ""https://europa.eu/eures/portal/jv-se/jv-details/ZjcwYjM3ZGYtY2RiOS00MDZlLWJhNTAtMjhiNzkwMWEyYmZjIDM?jvDisplayLanguage=nl&lang=nl"", ""audience_reject_reasons"": [""not_data_ai_field"", ""not_fresher_ws_thesis"", ""ambiguous_needs_review""]}"
2026-09-30T20:49:29.019317+00:00,sem_build-software_account-executive-erp_be-be224,Account Executive ERP,Build-Software,BE (BE224),eures,other_tech,mid,"not_data_ai_field,not_fresher_ws_thesis,ambiguous_needs_review","{""job_id"": ""sem_build-software_account-executive-erp_be-be224"", ""title"": ""Account Executive ERP"", ""url"": null, ""job_url"": ""https://europa.eu/eures/portal/jv-se/jv-details/MTBmZjFlMzYtOTIzMy00NzA5LWI3ZTQtMDkwMDE3MjliZTQ4IDM?jvDisplayLanguage=nl&lang=nl"", ""audience_reject_reasons"": [""not_data_ai_field"", ""not_fresher_ws_thesis"", ""ambiguous_needs_review""]}"
2026-09-30T20:49:29.019317+00:00,sem_bunq_deputy-head-of-legal_amsterdam-noord-holland-netherlands,Deputy Head of Legal,Bunq,"Amsterdam, Noord-Holland, Netherlands",direct,other_tech,senior,"not_data_ai_field,not_fresher_ws_thesis,ambiguous_needs_review","{""job_id"": ""sem_bunq_deputy-head-of-legal_amsterdam-noord-holland-netherlands"", ""title"": ""Deputy Head of Legal"", ""url"": null, ""job_url"": ""https://careers.bunq.com/o/deputy-head-of-legal"", ""audience_reject_reasons"": [""not_data_ai_field"", ""not_fresher_ws_thesis"", ""ambiguous_needs_review""]}"
2026-09-30T20:49:29.019317+00:00,sem_bunq_head-of-people_amsterdam-noord-holland-netherlands,Head of People,Bunq,"Amsterdam, Noord-Holland, Netherlands",direct,other_tech,senior,"not_data_ai_field,not_fresher_ws_thesis,ambiguous_needs_review","{""job_id"": ""sem_bunq_head-of-people_amsterdam-noord-holland-netherlands"", ""title"": ""Head of People"", ""url"": null, ""job_url"": ""https://careers.bunq.com/o/head-of-people-6"", ""audience_reject_reasons"": [""not_data_ai_field"", ""not_fresher_ws_thesis"", ""ambiguous_needs_review""]}"
2026-09-30T20:49:29.019317+00:00,sem_bwh-hotel-group-france_consultant-e-commercial-d-veloppement-r-seau-h-telier-cdi-h-f_fr-fr105,CONSULTANT.E COMMERCIAL  DÉVELOPPEMENT RÉSEAU HÔTELIER - CDI - H/F,BWH HOTEL GROUP FRANCE,FR (FR105),eures,other_tech,mid,"not_data_ai_field,not_fresher_ws_thesis,ambiguous_needs_review","{""job_id"": ""sem_bwh-hotel-group-france_consultant-e-commercial-d-veloppement-r-seau-h-telier-cdi-h-f_fr-fr105"", ""title"": ""CONSULTANT.E COMMERCIAL  D\u00c9VELOPPEMENT R\u00c9SEAU H\u00d4TELIER - CDI - H/F"", ""url"": null, ""job_url"": ""https://europa.eu/eures/portal/jv-se/jv-details/NjUzMjQ1NCA5?jvDisplayLanguage=fr&lang=fr"", ""audience_reject_reasons"": [""not_data_ai_field"", ""not_fresher_ws_thesis"", ""ambiguous_needs_review""]}"
2026-09-30T20:49:29.019317+00:00,sem_camion-transport-wil-ct_impiegato-in-logistica_ch-ch070,impiegato in logistica,Camion-Transport AG Wil CT,CH (CH070),eures,non_tech,mid,"not_eu,not_data_ai_field,not_fresher_ws_thesis,ambiguous_needs_review","{""job_id"": ""sem_camion-transport-wil-ct_impiegato-in-logistica_ch-ch070"", ""title"": ""impiegato in logistica"", ""url"": null, ""job_url"": ""https://europa.eu/eures/portal/jv-se/jv-details/NTg3NThlODgtNjg5ZS00NjY2LWJjY2UtZDhiZDJkNmJkNjA2IDYx?jvDisplayLanguage=en&lang=en"", ""audience_reject_reasons"": [""not_eu"", ""not_data_ai_field"", ""not_fresher_ws_thesis"", ""ambiguous_needs_review""]}"
2026-09-30T20:49:29.019317+00:00,sem_campus-schoonmeersen_lector-hvac-en-elektromechanische-systemen-onderwijsontwikkeling-databeheer-en-stagebegeleiding_be-be234,"Lector HVAC en elektromechanische systemen – onderwijsontwikkeling, databeheer en stagebegeleiding",Campus Schoonmeersen,BE (BE234),eures,other_tech,mid,"not_data_ai_field,not_fresher_ws_thesis,ambiguous_needs_review","{""job_id"": ""sem_campus-schoonmeersen_lector-hvac-en-elektromechanische-systemen-onderwijsontwikkeling-databeheer-en-stagebegeleiding_be-be234"", ""title"": ""Lector HVAC en elektromechanische systemen \u2013 onderwijsontwikkeling, databeheer en stagebegeleiding"", ""url"": null, ""job_url"": ""https://europa.eu/eures/portal/jv-se/jv-details/Nzc2NjAxZWItMzgxNy00NDEyLTkyZjYtNGYyYWI5MTc3Njg1IDM?jvDisplayLanguage=nl&lang=nl"", ""audience_reject_reasons"": [""not_data_ai_field"", ""not_fresher_ws_thesis"", ""ambiguous_needs_review""]}"
2026-09-30T20:49:29.019317+00:00,sem_celonis_associate-account-executive-top-talent-sales-program-lunar_munich-germany,Associate Account Executive (Top Talent Sales Program - Lunar),Celonis,"Munich, Germany",direct,other_tech,mid,"not_data_ai_field,not_fresher_ws_thesis,ambiguous_needs_review","{""job_id"": ""sem_celonis_associate-account-executive-top-talent-sales-program-lunar_munich-germany"", ""title"": ""Associate Account Executive (Top Talent Sales Program - Lunar)"", ""url"": null, ""job_url"": ""https://job-boards.greenhouse.io/celonis/jobs/7816965003?gh_jid=7816965003"", ""audience_reject_reasons"": [""not_data_ai_field"", ""not_fresher_ws_thesis"", ""ambiguous_needs_review""]}"
2026-09-30T20:49:29.019317+00:00,sem_celonis_client-value-partner-defence-government-sc-cleared_london-united-kingdom,Client Value Partner - Defence & Government - SC Cleared,Celonis,"London, United Kingdom",direct,other_tech,mid,"not_eu,not_data_ai_field,not_fresher_ws_thesis,ambiguous_needs_review","{""job_id"": ""sem_celonis_client-value-partner-defence-government-sc-cleared_london-united-kingdom"", ""title"": ""Client Value Partner - Defence & Government - SC Cleared"", ""url"": null, ""job_url"": ""https://job-boards.greenhouse.io/celonis/jobs/7817394003?gh_jid=7817394003"", ""audience_reject_reasons"": [""not_eu"", ""not_data_ai_field"", ""not_fresher_ws_thesis"", ""ambiguous_needs_review""]}"
2026-09-30T20:49:29.019317+00:00,sem_celonis_client-value-partner-insurance-service-industries_munich-germany,Client Value Partner - (Insurance / Service Industries),Celonis,"Munich, Germany",direct,other_tech,mid,"not_data_ai_field,not_fresher_ws_thesis,ambiguous_needs_review","{""job_id"": ""sem_celonis_client-value-partner-insurance-service-industries_munich-germany"", ""title"": ""Client Value Partner - (Insurance / Service Industries)"", ""url"": null, ""job_url"": ""https://job-boards.greenhouse.io/celonis/jobs/7775171003?gh_jid=7775171003"", ""audience_reject_reasons"": [""not_data_ai_field"", ""not_fresher_ws_thesis"", ""ambiguous_needs_review""]}"
2026-09-30T20:49:29.019317+00:00,sem_celonis_client-value-partner-mining_london-united-kingdom,Client Value Partner - Mining,Celonis,"London, United Kingdom",direct,other_tech,mid,"not_eu,not_data_ai_field,not_fresher_ws_thesis,ambiguous_needs_review","{""job_id"": ""sem_celonis_client-value-partner-mining_london-united-kingdom"", ""title"": ""Client Value Partner - Mining"", ""url"": null, ""job_url"": ""https://job-boards.greenhouse.io/celonis/jobs/7712957003?gh_jid=7712957003"", ""audience_reject_reasons"": [""not_eu"", ""not_data_ai_field"", ""not_fresher_ws_thesis"", ""ambiguous_needs_review""]}"
2026-09-30T20:49:29.019317+00:00,sem_celonis_client-value-partner-pharmaceuticals_london-united-kingdom,Client Value Partner - Pharmaceuticals,Celonis,"London, United Kingdom",direct,other_tech,mid,"not_eu,not_data_ai_field,not_fresher_ws_thesis,ambiguous_needs_review","{""job_id"": ""sem_celonis_client-value-partner-pharmaceuticals_london-united-kingdom"", ""title"": ""Client Value Partner - Pharmaceuticals"", ""url"": null, ""job_url"": ""https://job-boards.greenhouse.io/celonis/jobs/7725740003?gh_jid=7725740003"", ""audience_reject_reasons"": [""not_eu"", ""not_data_ai_field"", ""not_fresher_ws_thesis"", ""ambiguous_needs_review""]}"
2026-09-30T20:49:29.019317+00:00,sem_celonis_client-value-partner-public-sector-security-cleared_london-united-kingdom,Client Value Partner - Public Sector - Security Cleared,Celonis,"London, United Kingdom",direct,other_tech,mid,"not_eu,not_data_ai_field,not_fresher_ws_thesis,ambiguous_needs_review","{""job_id"": ""sem_celonis_client-value-partner-public-sector-security-cleared_london-united-kingdom"", ""title"": ""Client Value Partner - Public Sector - Security Cleared"", ""url"": null, ""job_url"": ""https://job-boards.greenhouse.io/celonis/jobs/7817395003?gh_jid=7817395003"", ""audience_reject_reasons"": [""not_eu"", ""not_data_ai_field"", ""not_fresher_ws_thesis"", ""ambiguous_needs_review""]}"
2026-09-30T20:49:29.019317+00:00,sem_celonis_client-value-partner-public-sector_london-united-kingdom,Client Value Partner - Public Sector,Celonis,"London, United Kingdom",direct,other_tech,mid,"not_eu,not_data_ai_field,not_fresher_ws_thesis,ambiguous_needs_review","{""job_id"": ""sem_celonis_client-value-partner-public-sector_london-united-kingdom"", ""title"": ""Client Value Partner - Public Sector"", ""url"": null, ""job_url"": ""https://job-boards.greenhouse.io/celonis/jobs/7725748003?gh_jid=7725748003"", ""audience_reject_reasons"": [""not_eu"", ""not_data_ai_field"", ""not_fresher_ws_thesis"", ""ambiguous_needs_review""]}"
2026-09-30T20:49:29.019317+00:00,sem_celonis_client-value-partner_stockholm-sweden,Client Value Partner,Celonis,"Stockholm, Sweden",direct,other_tech,mid,"not_data_ai_field,not_fresher_ws_thesis,ambiguous_needs_review","{""job_id"": ""sem_celonis_client-value-partner_stockholm-sweden"", ""title"": ""Client Value Partner"", ""url"": null, ""job_url"": ""https://job-boards.greenhouse.io/celonis/jobs/7817240003?gh_jid=7817240003"", ""audience_reject_reasons"": [""not_data_ai_field"", ""not_fresher_ws_thesis"", ""ambiguous_needs_review""]}"
2026-09-30T20:49:29.019317+00:00,sem_celonis_customer-advocacy-customer-marketing-graduated-internship-12-months_madrid-spain,Customer Advocacy & Customer Marketing Graduated Internship (12 months),Celonis,"Madrid, Spain",direct,other_tech,internship,"not_data_ai_field,ambiguous_needs_review","{""job_id"": ""sem_celonis_customer-advocacy-customer-marketing-graduated-internship-12-months_madrid-spain"", ""title"": ""Customer Advocacy & Customer Marketing Graduated Internship (12 months)"", ""url"": null, ""job_url"": ""https://job-boards.greenhouse.io/celonis/jobs/7998286003?gh_jid=7998286003"", ""audience_reject_reasons"": [""not_data_ai_field"", ""ambiguous_needs_review""]}"
2026-09-30T20:49:29.019317+00:00,sem_celonis_global-sales-excellence-leader_london-united-kingdom,Global Sales Excellence Leader,Celonis,"London, United Kingdom",direct,other_tech,mid,"not_eu,not_data_ai_field,not_fresher_ws_thesis,ambiguous_needs_review","{""job_id"": ""sem_celonis_global-sales-excellence-leader_london-united-kingdom"", ""title"": ""Global Sales Excellence Leader"", ""url"": null, ""job_url"": ""https://job-boards.greenhouse.io/celonis/jobs/7854283003?gh_jid=7854283003"", ""audience_reject_reasons"": [""not_eu"", ""not_data_ai_field"", ""not_fresher_ws_thesis"", ""ambiguous_needs_review""]}"
2026-09-30T20:49:29.019317+00:00,sem_celonis_gtm-program-manager_london-united-kingdom,GTM Program Manager,Celonis,"London, United Kingdom",direct,other_tech,mid,"not_eu,not_data_ai_field,not_fresher_ws_thesis,ambiguous_needs_review","{""job_id"": ""sem_celonis_gtm-program-manager_london-united-kingdom"", ""title"": ""GTM Program Manager"", ""url"": null, ""job_url"": ""https://job-boards.greenhouse.io/celonis/jobs/7827537003?gh_jid=7827537003"", ""audience_reject_reasons"": [""not_eu"", ""not_data_ai_field"", ""not_fresher_ws_thesis"", ""ambiguous_needs_review""]}"
2026-09-30T20:49:29.019317+00:00,sem_celonis_head-of-industry-retail-cpg_munich-germany,Head of Industry - Retail & CPG,Celonis,"Munich, Germany",direct,other_tech,senior,"not_data_ai_field,not_fresher_ws_thesis,ambiguous_needs_review","{""job_id"": ""sem_celonis_head-of-industry-retail-cpg_munich-germany"", ""title"": ""Head of Industry - Retail & CPG"", ""url"": null, ""job_url"": ""https://job-boards.greenhouse.io/celonis/jobs/6313858003?gh_jid=6313858003"", ""audience_reject_reasons"": [""not_data_ai_field"", ""not_fresher_ws_thesis"", ""ambiguous_needs_review""]}"
2026-09-30T20:49:29.019317+00:00,sem_celonis_head-of-value-engineering-nordics_copenhagen-denmark,Head of Value Engineering - Nordics,Celonis,"Copenhagen, Denmark",direct,other_tech,senior,"not_data_ai_field,not_fresher_ws_thesis,ambiguous_needs_review","{""job_id"": ""sem_celonis_head-of-value-engineering-nordics_copenhagen-denmark"", ""title"": ""Head of Value Engineering - Nordics"", ""url"": null, ""job_url"": ""https://job-boards.greenhouse.io/celonis/jobs/7683735003?gh_jid=7683735003"", ""audience_reject_reasons"": [""not_data_ai_field"", ""not_fresher_ws_thesis"", ""ambiguous_needs_review""]}"
2026-09-30T20:49:29.019317+00:00,sem_celonis_head-of-value-engineering-nordics_stockholm-sweden,Head of Value Engineering - Nordics,Celonis,"Stockholm, Sweden",direct,other_tech,senior,"not_data_ai_field,not_fresher_ws_thesis,ambiguous_needs_review","{""job_id"": ""sem_celonis_head-of-value-engineering-nordics_stockholm-sweden"", ""title"": ""Head of Value Engineering - Nordics"", ""url"": null, ""job_url"": ""https://job-boards.greenhouse.io/celonis/jobs/7683737003?gh_jid=7683737003"", ""audience_reject_reasons"": [""not_data_ai_field"", ""not_fresher_ws_thesis"", ""ambiguous_needs_review""]}"
2026-09-30T20:49:29.019317+00:00,sem_celonis_intern-deal-operations-and-analysis_madrid-spain,Intern Deal Operations and Analysis,Celonis,"Madrid, Spain",direct,other_tech,internship,"not_data_ai_field,ambiguous_needs_review","{""job_id"": ""sem_celonis_intern-deal-operations-and-analysis_madrid-spain"", ""title"": ""Intern Deal Operations and Analysis"", ""url"": null, ""job_url"": ""https://job-boards.greenhouse.io/celonis/jobs/7996939003?gh_jid=7996939003"", ""audience_reject_reasons"": [""not_data_ai_field"", ""ambiguous_needs_review""]}"
2026-09-30T20:49:29.019317+00:00,sem_celonis_intern-external-communications_munich-germany,Intern External Communications,Celonis,"Munich, Germany",direct,other_tech,internship,"not_data_ai_field,ambiguous_needs_review","{""job_id"": ""sem_celonis_intern-external-communications_munich-germany"", ""title"": ""Intern External Communications"", ""url"": null, ""job_url"": ""https://job-boards.greenhouse.io/celonis/jobs/8005202003?gh_jid=8005202003"", ""audience_reject_reasons"": [""not_data_ai_field"", ""ambiguous_needs_review""]}"
2026-09-30T20:49:29.019317+00:00,sem_celonis_manager-pre-sales-and-solution-engineering-nordics_copenhagen-denmark,"Manager, Pre-Sales and Solution Engineering - Nordics",Celonis,"Copenhagen, Denmark",direct,other_tech,mid,"not_data_ai_field,not_fresher_ws_thesis,ambiguous_needs_review","{""job_id"": ""sem_celonis_manager-pre-sales-and-solution-engineering-nordics_copenhagen-denmark"", ""title"": ""Manager, Pre-Sales and Solution Engineering - Nordics"", ""url"": null, ""job_url"": ""https://job-boards.greenhouse.io/celonis/jobs/7683734003?gh_jid=7683734003"", ""audience_reject_reasons"": [""not_data_ai_field"", ""not_fresher_ws_thesis"", ""ambiguous_needs_review""]}"
2026-09-30T20:49:29.019317+00:00,sem_celonis_manager-pre-sales-and-solution-engineering-nordics_stockholm-sweden,"Manager, Pre-Sales and Solution Engineering - Nordics",Celonis,"Stockholm, Sweden",direct,other_tech,mid,"not_data_ai_field,not_fresher_ws_thesis,ambiguous_needs_review","{""job_id"": ""sem_celonis_manager-pre-sales-and-solution-engineering-nordics_stockholm-sweden"", ""title"": ""Manager, Pre-Sales and Solution Engineering - Nordics"", ""url"": null, ""job_url"": ""https://job-boards.greenhouse.io/celonis/jobs/7681577003?gh_jid=7681577003"", ""audience_reject_reasons"": [""not_data_ai_field"", ""not_fresher_ws_thesis"", ""ambiguous_needs_review""]}"
2026-09-30T20:49:29.019317+00:00,sem_celonis_sales-director-italy_milan-italy,Sales Director Italy,Celonis,"Milan, Italy",direct,other_tech,mid,"not_data_ai_field,not_fresher_ws_thesis,ambiguous_needs_review","{""job_id"": ""sem_celonis_sales-director-italy_milan-italy"", ""title"": ""Sales Director Italy"", ""url"": null, ""job_url"": ""https://job-boards.greenhouse.io/celonis/jobs/7986246003?gh_jid=7986246003"", ""audience_reject_reasons"": [""not_data_ai_field"", ""not_fresher_ws_thesis"", ""ambiguous_needs_review""]}"
2026-09-30T20:49:29.019317+00:00,sem_celonis_sales-director-nordics_stockholm-sweden,Sales Director Nordics,Celonis,"Stockholm, Sweden",direct,other_tech,mid,"not_data_ai_field,not_fresher_ws_thesis,ambiguous_needs_review","{""job_id"": ""sem_celonis_sales-director-nordics_stockholm-sweden"", ""title"": ""Sales Director Nordics"", ""url"": null, ""job_url"": ""https://job-boards.greenhouse.io/celonis/jobs/7988718003?gh_jid=7988718003"", ""audience_reject_reasons"": [""not_data_ai_field"", ""not_fresher_ws_thesis"", ""ambiguous_needs_review""]}"
2026-09-30T20:49:29.019317+00:00,sem_celonis_strategic-account-executive-manufacturing_remote,Strategic Account Executive - Manufacturing,celonis,Remote,arbeitnow,other_tech,mid,"not_eu,not_data_ai_field,not_fresher_ws_thesis,ambiguous_needs_review","{""job_id"": ""sem_celonis_strategic-account-executive-manufacturing_remote"", ""title"": ""Strategic Account Executive - Manufacturing"", ""url"": null, ""job_url"": ""https://www.arbeitnow.ch/jobs/companies/celonis/remote-strategic-account-executive-manufacturing-437379"", ""audience_reject_reasons"": [""not_eu"", ""not_data_ai_field"", ""not_fresher_ws_thesis"", ""ambiguous_needs_review""]}"
2026-09-30T20:49:29.019317+00:00,sem_celonis_strategic-account-executive-manufacturing_remote-switzerland,Strategic Account Executive - Manufacturing,Celonis,"Remote, Switzerland",direct,other_tech,mid,"not_eu,not_data_ai_field,not_fresher_ws_thesis,ambiguous_needs_review","{""job_id"": ""sem_celonis_strategic-account-executive-manufacturing_remote-switzerland"", ""title"": ""Strategic Account Executive - Manufacturing"", ""url"": null, ""job_url"": ""https://job-boards.greenhouse.io/celonis/jobs/8002500003?gh_jid=8002500003"", ""audience_reject_reasons"": [""not_eu"", ""not_data_ai_field"", ""not_fresher_ws_thesis"", ""ambiguous_needs_review""]}"
2026-09-30T20:49:29.019317+00:00,sem_celonis_strategic-account-executive-manufacturing_z-rich,Strategic Account Executive - Manufacturing,celonis,Zürich,arbeitnow,other_tech,mid,"not_eu,not_data_ai_field,not_fresher_ws_thesis,ambiguous_needs_review","{""job_id"": ""sem_celonis_strategic-account-executive-manufacturing_z-rich"", ""title"": ""Strategic Account Executive - Manufacturing"", ""url"": null, ""job_url"": ""https://www.arbeitnow.ch/jobs/companies/celonis/strategic-account-executive-manufacturing-zurich-89004"", ""audience_reject_reasons"": [""not_eu"", ""not_data_ai_field"", ""not_fresher_ws_thesis"", ""ambiguous_needs_review""]}"
2026-09-30T20:49:29.019317+00:00,sem_celonis_strategic-account-executive-manufacturing_z-rich-switzerland,Strategic Account Executive - Manufacturing,Celonis,"Zürich, Switzerland",direct,other_tech,mid,"not_eu,not_data_ai_field,not_fresher_ws_thesis,ambiguous_needs_review","{""job_id"": ""sem_celonis_strategic-account-executive-manufacturing_z-rich-switzerland"", ""title"": ""Strategic Account Executive - Manufacturing"", ""url"": null, ""job_url"": ""https://job-boards.greenhouse.io/celonis/jobs/7988891003?gh_jid=7988891003"", ""audience_reject_reasons"": [""not_eu"", ""not_data_ai_field"", ""not_fresher_ws_thesis"", ""ambiguous_needs_review""]}"
2026-09-30T20:49:29.019317+00:00,sem_celonis_working-student-external-communications_munich-germany,Working Student External Communications,Celonis,"Munich, Germany",direct,other_tech,working_student,"not_data_ai_field,ambiguous_needs_review","{""job_id"": ""sem_celonis_working-student-external-communications_munich-germany"", ""title"": ""Working Student External Communications"", ""url"": null, ""job_url"": ""https://job-boards.greenhouse.io/celonis/jobs/8005144003?gh_jid=8005144003"", ""audience_reject_reasons"": [""not_data_ai_field"", ""ambiguous_needs_review""]}"
2026-09-30T20:49:29.019317+00:00,sem_consult-pepper_abacus-support-specialist_ch-ch040,Abacus-Support Specialist,Consult & Pepper AG,CH (CH040),eures,other_tech,mid,"not_eu,not_data_ai_field,not_fresher_ws_thesis,ambiguous_needs_review","{""job_id"": ""sem_consult-pepper_abacus-support-specialist_ch-ch040"", ""title"": ""Abacus-Support Specialist"", ""url"": null, ""job_url"": ""https://europa.eu/eures/portal/jv-se/jv-details/NmM2NGE5ZTktNjhhNS00ZDg3LTgwOTUtNDVmMzliMjVlMWRiIDYx?jvDisplayLanguage=en&lang=en"", ""audience_reject_reasons"": [""not_eu"", ""not_data_ai_field"", ""not_fresher_ws_thesis"", ""ambiguous_needs_review""]}"
2026-09-30T20:49:29.019317+00:00,sem_consult-pepper_erp-consultant_ch-ch061,ERP-Consultant,Consult & Pepper AG,CH (CH061),eures,other_tech,mid,"not_eu,not_data_ai_field,not_fresher_ws_thesis,ambiguous_needs_review","{""job_id"": ""sem_consult-pepper_erp-consultant_ch-ch061"", ""title"": ""ERP-Consultant"", ""url"": null, ""job_url"": ""https://europa.eu/eures/portal/jv-se/jv-details/ZjdjY2M3ZmQtMTMxZC00YzlhLTkxZmEtYTVmYTE2ZTMzZGZiIDYx?jvDisplayLanguage=en&lang=en"", ""audience_reject_reasons"": [""not_eu"", ""not_data_ai_field"", ""not_fresher_ws_thesis"", ""ambiguous_needs_review""]}"
2026-09-30T20:49:29.019317+00:00,sem_consult-pepper_junior-wirtschaftsinformatiker-in_ch-ch055,Junior Wirtschaftsinformatiker :in,Consult & Pepper AG,CH (CH055),eures,other_tech,junior,"not_eu,not_data_ai_field,ambiguous_needs_review","{""job_id"": ""sem_consult-pepper_junior-wirtschaftsinformatiker-in_ch-ch055"", ""title"": ""Junior Wirtschaftsinformatiker :in"", ""url"": null, ""job_url"": ""https://europa.eu/eures/portal/jv-se/jv-details/ZDFiNjI0MWYtNTgxOS00ZGFiLTg5YTItNDEyNDg0Njc5NGM3IDYx?jvDisplayLanguage=en&lang=en"", ""audience_reject_reasons"": [""not_eu"", ""not_data_ai_field"", ""ambiguous_needs_review""]}"
2026-09-30T20:49:29.019317+00:00,sem_coopers-group-hauptsitz_ingenieur-f-r-inbetriebnahme-und-qualifizierung_ch-ch032,Ingenieur für Inbetriebnahme und Qualifizierung,"Coopers Group AG, Hauptsitz",CH (CH032),eures,other_tech,mid,"not_eu,not_data_ai_field,not_fresher_ws_thesis,ambiguous_needs_review","{""job_id"": ""sem_coopers-group-hauptsitz_ingenieur-f-r-inbetriebnahme-und-qualifizierung_ch-ch032"", ""title"": ""Ingenieur f\u00fcr Inbetriebnahme und Qualifizierung"", ""url"": null, ""job_url"": ""https://europa.eu/eures/portal/jv-se/jv-details/ODc1ODk5ZjktYTRlOS00ODRmLTk1MWYtZTYzNzdlMzJhZTdkIDYx?jvDisplayLanguage=en&lang=en"", ""audience_reject_reasons"": [""not_eu"", ""not_data_ai_field"", ""not_fresher_ws_thesis"", ""ambiguous_needs_review""]}"
2026-09-30T20:49:29.019317+00:00,sem_deconinck-ingy_logopedist-e_be-be212,Logopedist(e),"Deconinck, Ingy",BE (BE212),eures,other_tech,mid,"not_data_ai_field,not_fresher_ws_thesis,ambiguous_needs_review","{""job_id"": ""sem_deconinck-ingy_logopedist-e_be-be212"", ""title"": ""Logopedist(e)"", ""url"": null, ""job_url"": ""https://europa.eu/eures/portal/jv-se/jv-details/ZDg5MmM3M2QtYjhhZC00MDg1LWFhMTAtNWZmNmU3M2U4NmNlIDM?jvDisplayLanguage=nl&lang=nl"", ""audience_reject_reasons"": [""not_data_ai_field"", ""not_fresher_ws_thesis"", ""ambiguous_needs_review""]}"
2026-09-30T20:49:29.019317+00:00,sem_deskbird_working-student-marketing-all-genders_hybrid-berlin-germany,Working Student Marketing (all genders),Deskbird,"Hybrid - Berlin, Germany",arbeitnow,other_tech,working_student,"not_data_ai_field,ambiguous_needs_review","{""job_id"": ""sem_deskbird_working-student-marketing-all-genders_hybrid-berlin-germany"", ""title"": ""Working Student Marketing (all genders)"", ""url"": null, ""job_url"": ""https://www.arbeitnow.com/jobs/companies/deskbird/working-student-marketing-all-genders-hybrid-berlin-germany-308768"", ""audience_reject_reasons"": [""not_data_ai_field"", ""ambiguous_needs_review""]}"
2026-09-30T20:49:29.019317+00:00,sem_destinusgroup_engineering-intern-traineeship_z-rich-switzerland,Engineering Intern / Traineeship,Destinusgroup,"Zürich, Switzerland",arbeitnow,other_tech,internship,"not_eu,not_data_ai_field,ambiguous_needs_review","{""job_id"": ""sem_destinusgroup_engineering-intern-traineeship_z-rich-switzerland"", ""title"": ""Engineering Intern / Traineeship"", ""url"": null, ""job_url"": ""https://www.arbeitnow.ch/jobs/companies/destinusgroup/engineering-intern-traineeship-zurich-149056"", ""audience_reject_reasons"": [""not_eu"", ""not_data_ai_field"", ""ambiguous_needs_review""]}"
2026-09-30T20:49:29.019317+00:00,sem_digital-trendteam_praktikum-hr-management-employer-branding-in-jungem-start-up_mainz,Praktikum HR-Management & Employer Branding (m/w/d) in jungem Start-Up,Digital Trendteam,Mainz,arbeitnow,other_tech,internship,"not_data_ai_field,ambiguous_needs_review","{""job_id"": ""sem_digital-trendteam_praktikum-hr-management-employer-branding-in-jungem-start-up_mainz"", ""title"": ""Praktikum HR-Management & Employer Branding (m/w/d) in jungem Start-Up"", ""url"": null, ""job_url"": ""https://www.arbeitnow.com/jobs/companies/digital-trendteam/praktikum-hr-management-employer-branding-in-jungem-start-up-mainz-68766"", ""audience_reject_reasons"": [""not_data_ai_field"", ""ambiguous_needs_review""]}"
2026-09-30T20:49:29.019317+00:00,sem_diligentcorporation_enterprise-account-manager_z-rich-z-rich,Enterprise Account Manager,diligentcorporation,"Zürich, Zürich",arbeitnow,other_tech,mid,"not_eu,not_data_ai_field,not_fresher_ws_thesis,ambiguous_needs_review","{""job_id"": ""sem_diligentcorporation_enterprise-account-manager_z-rich-z-rich"", ""title"": ""Enterprise Account Manager"", ""url"": null, ""job_url"": ""https://www.arbeitnow.ch/jobs/companies/diligentcorporation/enterprise-account-manager-zurich-zurich-153388"", ""audience_reject_reasons"": [""not_eu"", ""not_data_ai_field"", ""not_fresher_ws_thesis"", ""ambiguous_needs_review""]}"
2026-09-30T20:49:29.019317+00:00,sem_doctolib_intern-talent-acquisition-coordinator-x-f-m_berlin-berlin,Intern Talent Acquisition Coordinator (x/f/m),Doctolib,"Berlin, Berlin",arbeitnow,other_tech,internship,"not_data_ai_field,ambiguous_needs_review","{""job_id"": ""sem_doctolib_intern-talent-acquisition-coordinator-x-f-m_berlin-berlin"", ""title"": ""Intern Talent Acquisition Coordinator (x/f/m)"", ""url"": null, ""job_url"": ""https://www.arbeitnow.com/jobs/companies/doctolib/intern-talent-acquisition-coordinator-berlin-berlin-306241"", ""audience_reject_reasons"": [""not_data_ai_field"", ""ambiguous_needs_review""]}"
2026-09-30T20:49:29.019317+00:00,sem_docuware_strategic-account-executive_germering-germany,Strategic Account Executive (m/f/d),DocuWare,Germering / Germany,arbeitnow,other_tech,mid,"not_data_ai_field,not_fresher_ws_thesis,ambiguous_needs_review","{""job_id"": ""sem_docuware_strategic-account-executive_germering-germany"", ""title"": ""Strategic Account Executive (m/f/d)"", ""url"": null, ""job_url"": ""https://www.arbeitnow.com/jobs/companies/docuware/strategic-account-executive-germering-germany-451904"", ""audience_reject_reasons"": [""not_data_ai_field"", ""not_fresher_ws_thesis"", ""ambiguous_needs_review""]}"
2026-09-30T20:49:29.019317+00:00,sem_docuware_training-specialist_germering-germany,Training Specialist (m/f/d),DocuWare,Germering / Germany,arbeitnow,other_tech,mid,"not_data_ai_field,not_fresher_ws_thesis,ambiguous_needs_review","{""job_id"": ""sem_docuware_training-specialist_germering-germany"", ""title"": ""Training Specialist (m/f/d)"", ""url"": null, ""job_url"": ""https://www.arbeitnow.com/jobs/companies/docuware/training-specialist-germering-germany-138462"", ""audience_reject_reasons"": [""not_data_ai_field"", ""not_fresher_ws_thesis"", ""ambiguous_needs_review""]}"
2026-09-30T20:49:29.019317+00:00,sem_edtelligent_manager-finance-operations_munich,Manager Finance & Operations (m/w/d),EDTELLIGENT,Munich,arbeitnow,other_tech,mid,"not_data_ai_field,not_fresher_ws_thesis,ambiguous_needs_review","{""job_id"": ""sem_edtelligent_manager-finance-operations_munich"", ""title"": ""Manager Finance & Operations (m/w/d)"", ""url"": null, ""job_url"": ""https://www.arbeitnow.com/jobs/companies/edtelligent/manager-finance-operations-munich-155617"", ""audience_reject_reasons"": [""not_data_ai_field"", ""not_fresher_ws_thesis"", ""ambiguous_needs_review""]}"
2026-09-30T20:49:29.019317+00:00,sem_ember_graduate-internship-operations-team_edinburgh-scotland-united-kingdom,"Graduate Internship, Operations Team",Ember,"Edinburgh, Scotland, United Kingdom",arbeitnow,software_engineering,internship,"not_eu,not_data_ai_field,ambiguous_needs_review","{""job_id"": ""sem_ember_graduate-internship-operations-team_edinburgh-scotland-united-kingdom"", ""title"": ""Graduate Internship, Operations Team"", ""url"": null, ""job_url"": ""https://www.arbeitnow.co.uk/jobs/companies/ember/graduate-internship-operations-team-edinburgh-357625"", ""audience_reject_reasons"": [""not_eu"", ""not_data_ai_field"", ""ambiguous_needs_review""]}"
2026-09-30T20:49:29.019317+00:00,sem_enginity_procesingenieur_be-be242,Procesingenieur,Enginity,BE (BE242),eures,product_management,mid,"not_data_ai_field,not_fresher_ws_thesis,ambiguous_needs_review","{""job_id"": ""sem_enginity_procesingenieur_be-be242"", ""title"": ""Procesingenieur"", ""url"": null, ""job_url"": ""https://europa.eu/eures/portal/jv-se/jv-details/NzE2YjUxM2EtZGE1Mi00YjdmLTk3YmYtNzFiYTk0NjE4ZDdlIDM?jvDisplayLanguage=nl&lang=nl"", ""audience_reject_reasons"": [""not_data_ai_field"", ""not_fresher_ws_thesis"", ""ambiguous_needs_review""]}"
2026-09-30T20:49:29.019317+00:00,sem_fireblocks_director-of-operations-payments-emea_z-rich,"Director of Operations, Payments EMEA",Fireblocks,Zürich,arbeitnow,other_tech,mid,"not_eu,not_data_ai_field,not_fresher_ws_thesis,ambiguous_needs_review","{""job_id"": ""sem_fireblocks_director-of-operations-payments-emea_z-rich"", ""title"": ""Director of Operations, Payments EMEA"", ""url"": null, ""job_url"": ""https://www.arbeitnow.ch/jobs/companies/fireblocks/director-of-operations-payments-emea-zurich-216973"", ""audience_reject_reasons"": [""not_eu"", ""not_data_ai_field"", ""not_fresher_ws_thesis"", ""ambiguous_needs_review""]}"
2026-09-30T20:49:29.019317+00:00,sem_forum-jobs-forum-jobs-ieper_project-manager_be-be253,project manager,Forum Jobs Forum Jobs Ieper,BE (BE253),eures,non_tech,mid,"not_data_ai_field,not_fresher_ws_thesis,ambiguous_needs_review","{""job_id"": ""sem_forum-jobs-forum-jobs-ieper_project-manager_be-be253"", ""title"": ""project manager"", ""url"": null, ""job_url"": ""https://europa.eu/eures/portal/jv-se/jv-details/ZWExNmQ0MmItZjIwNC00MzllLTgyNDEtMTY0Njc5YzQyZjlhIDM?jvDisplayLanguage=nl&lang=nl"", ""audience_reject_reasons"": [""not_data_ai_field"", ""not_fresher_ws_thesis"", ""ambiguous_needs_review""]}"
2026-09-30T20:49:29.019317+00:00,sem_gcasa_advertising-and-marketing-professional_mt-mt001,ADVERTISING AND MARKETING PROFESSIONAL,GCASA,MT (MT001),eures,other_tech,mid,"not_data_ai_field,not_fresher_ws_thesis,ambiguous_needs_review","{""job_id"": ""sem_gcasa_advertising-and-marketing-professional_mt-mt001"", ""title"": ""ADVERTISING AND MARKETING PROFESSIONAL"", ""url"": null, ""job_url"": ""https://europa.eu/eures/portal/jv-se/jv-details/NDU1NTA4IDEwMQ?jvDisplayLanguage=en&lang=en"", ""audience_reject_reasons"": [""not_data_ai_field"", ""not_fresher_ws_thesis"", ""ambiguous_needs_review""]}"
2026-09-30T20:49:29.019317+00:00,sem_general-repairs-limited_steel-draughtsperson_mt-mt001,STEEL DRAUGHTSPERSON,GENERAL REPAIRS LIMITED,MT (MT001),eures,other_tech,mid,"not_data_ai_field,not_fresher_ws_thesis,ambiguous_needs_review","{""job_id"": ""sem_general-repairs-limited_steel-draughtsperson_mt-mt001"", ""title"": ""STEEL DRAUGHTSPERSON"", ""url"": null, ""job_url"": ""https://europa.eu/eures/portal/jv-se/jv-details/NDU0MjY5IDEwMQ?jvDisplayLanguage=en&lang=en"", ""audience_reject_reasons"": [""not_data_ai_field"", ""not_fresher_ws_thesis"", ""ambiguous_needs_review""]}"
2026-09-30T20:49:29.019317+00:00,sem_getyourguide_account-executive-greece-greek-speaking_berlin,Account Executive Greece (Greek Speaking),GetYourGuide,Berlin,direct,other_tech,mid,"not_data_ai_field,not_fresher_ws_thesis,ambiguous_needs_review","{""job_id"": ""sem_getyourguide_account-executive-greece-greek-speaking_berlin"", ""title"": ""Account Executive Greece (Greek Speaking)"", ""url"": null, ""job_url"": ""https://job-boards.greenhouse.io/getyourguide/jobs/8173479"", ""audience_reject_reasons"": [""not_data_ai_field"", ""not_fresher_ws_thesis"", ""ambiguous_needs_review""]}"
2026-09-30T20:49:29.019317+00:00,sem_getyourguide_account-executive-uk_london,Account Executive - UK,GetYourGuide,London,direct,other_tech,mid,"not_eu,not_data_ai_field,not_fresher_ws_thesis,ambiguous_needs_review","{""job_id"": ""sem_getyourguide_account-executive-uk_london"", ""title"": ""Account Executive - UK"", ""url"": null, ""job_url"": ""https://job-boards.greenhouse.io/getyourguide/jobs/8066976"", ""audience_reject_reasons"": [""not_eu"", ""not_data_ai_field"", ""not_fresher_ws_thesis"", ""ambiguous_needs_review""]}"
2026-09-30T20:49:29.019317+00:00,sem_getyourguide_director-of-lifecycle-crm-growth-marketing_berlin,Director of Lifecycle & CRM (Growth Marketing),GetYourGuide,Berlin,direct,other_tech,mid,"not_data_ai_field,not_fresher_ws_thesis,ambiguous_needs_review","{""job_id"": ""sem_getyourguide_director-of-lifecycle-crm-growth-marketing_berlin"", ""title"": ""Director of Lifecycle & CRM (Growth Marketing)"", ""url"": null, ""job_url"": ""https://job-boards.greenhouse.io/getyourguide/jobs/7748635"", ""audience_reject_reasons"": [""not_data_ai_field"", ""not_fresher_ws_thesis"", ""ambiguous_needs_review""]}"
2026-09-30T20:49:29.019317+00:00,sem_getyourguide_director-of-sales-and-account-management-emea_berlin,"Director of Sales and Account Management, EMEA",GetYourGuide,Berlin,direct,other_tech,mid,"not_data_ai_field,not_fresher_ws_thesis,ambiguous_needs_review","{""job_id"": ""sem_getyourguide_director-of-sales-and-account-management-emea_berlin"", ""title"": ""Director of Sales and Account Management, EMEA"", ""url"": null, ""job_url"": ""https://job-boards.greenhouse.io/getyourguide/jobs/8173475"", ""audience_reject_reasons"": [""not_data_ai_field"", ""not_fresher_ws_thesis"", ""ambiguous_needs_review""]}"
2026-09-30T20:49:29.019317+00:00,sem_getyourguide_director-strategic-partnerships_berlin,"Director, Strategic Partnerships",GetYourGuide,Berlin,direct,other_tech,mid,"not_data_ai_field,not_fresher_ws_thesis,ambiguous_needs_review","{""job_id"": ""sem_getyourguide_director-strategic-partnerships_berlin"", ""title"": ""Director, Strategic Partnerships"", ""url"": null, ""job_url"": ""https://job-boards.greenhouse.io/getyourguide/jobs/8237539"", ""audience_reject_reasons"": [""not_data_ai_field"", ""not_fresher_ws_thesis"", ""ambiguous_needs_review""]}"
2026-09-30T20:49:29.019317+00:00,sem_getyourguide_engineering-manager-reviews_berlin,"Engineering Manager, Reviews",GetYourGuide,Berlin,direct,product_management,mid,"not_data_ai_field,not_fresher_ws_thesis,ambiguous_needs_review","{""job_id"": ""sem_getyourguide_engineering-manager-reviews_berlin"", ""title"": ""Engineering Manager, Reviews"", ""url"": null, ""job_url"": ""https://job-boards.greenhouse.io/getyourguide/jobs/8125740"", ""audience_reject_reasons"": [""not_data_ai_field"", ""not_fresher_ws_thesis"", ""ambiguous_needs_review""]}"
2026-09-30T20:49:29.019317+00:00,sem_getyourguide_general-ledger-accountant_berlin,General Ledger Accountant,GetYourGuide,Berlin,direct,other_tech,mid,"not_data_ai_field,not_fresher_ws_thesis,ambiguous_needs_review","{""job_id"": ""sem_getyourguide_general-ledger-accountant_berlin"", ""title"": ""General Ledger Accountant"", ""url"": null, ""job_url"": ""https://job-boards.greenhouse.io/getyourguide/jobs/8152691"", ""audience_reject_reasons"": [""not_data_ai_field"", ""not_fresher_ws_thesis"", ""ambiguous_needs_review""]}"
2026-09-30T20:49:29.019317+00:00,sem_getyourguide_head-of-strategic-programs_berlin,Head of Strategic Programs,GetYourGuide,Berlin,direct,other_tech,senior,"not_data_ai_field,not_fresher_ws_thesis,ambiguous_needs_review","{""job_id"": ""sem_getyourguide_head-of-strategic-programs_berlin"", ""title"": ""Head of Strategic Programs"", ""url"": null, ""job_url"": ""https://job-boards.greenhouse.io/getyourguide/jobs/8025801"", ""audience_reject_reasons"": [""not_data_ai_field"", ""not_fresher_ws_thesis"", ""ambiguous_needs_review""]}"
2026-09-30T20:49:29.019317+00:00,sem_getyourguide_head-of-supplier-enablement_berlin,Head of Supplier Enablement,GetYourGuide,Berlin,direct,other_tech,senior,"not_data_ai_field,not_fresher_ws_thesis,ambiguous_needs_review","{""job_id"": ""sem_getyourguide_head-of-supplier-enablement_berlin"", ""title"": ""Head of Supplier Enablement"", ""url"": null, ""job_url"": ""https://job-boards.greenhouse.io/getyourguide/jobs/7938858"", ""audience_reject_reasons"": [""not_data_ai_field"", ""not_fresher_ws_thesis"", ""ambiguous_needs_review""]}"
2026-09-30T20:49:29.019317+00:00,sem_getyourguide_knowledge-process-manager_berlin,Knowledge & Process Manager,GetYourGuide,Berlin,direct,qa_testing,mid,"not_data_ai_field,not_fresher_ws_thesis,ambiguous_needs_review","{""job_id"": ""sem_getyourguide_knowledge-process-manager_berlin"", ""title"": ""Knowledge & Process Manager"", ""url"": null, ""job_url"": ""https://job-boards.greenhouse.io/getyourguide/jobs/7938853"", ""audience_reject_reasons"": [""not_data_ai_field"", ""not_fresher_ws_thesis"", ""ambiguous_needs_review""]}"
2026-09-30T20:49:29.019317+00:00,sem_getyourguide_learning-excellence-manager_berlin,Learning Excellence Manager,GetYourGuide,Berlin,direct,qa_testing,mid,"not_data_ai_field,not_fresher_ws_thesis,ambiguous_needs_review","{""job_id"": ""sem_getyourguide_learning-excellence-manager_berlin"", ""title"": ""Learning Excellence Manager"", ""url"": null, ""job_url"": ""https://job-boards.greenhouse.io/getyourguide/jobs/8091938"", ""audience_reject_reasons"": [""not_data_ai_field"", ""not_fresher_ws_thesis"", ""ambiguous_needs_review""]}"
2026-09-30T20:49:29.019317+00:00,sem_getyourguide_senior-account-executive-lead-2-year-contract_paris,Senior Account Executive Lead (2-year contract),GetYourGuide,Paris,direct,other_tech,senior,"not_data_ai_field,not_fresher_ws_thesis,ambiguous_needs_review","{""job_id"": ""sem_getyourguide_senior-account-executive-lead-2-year-contract_paris"", ""title"": ""Senior Account Executive Lead (2-year contract)"", ""url"": null, ""job_url"": ""https://job-boards.greenhouse.io/getyourguide/jobs/8210385"", ""audience_reject_reasons"": [""not_data_ai_field"", ""not_fresher_ws_thesis"", ""ambiguous_needs_review""]}"
2026-09-30T20:49:29.019317+00:00,sem_getyourguide_senior-account-executive-lead_amsterdam,Senior Account Executive Lead,GetYourGuide,Amsterdam,direct,other_tech,senior,"not_data_ai_field,not_fresher_ws_thesis,ambiguous_needs_review","{""job_id"": ""sem_getyourguide_senior-account-executive-lead_amsterdam"", ""title"": ""Senior Account Executive Lead"", ""url"": null, ""job_url"": ""https://job-boards.greenhouse.io/getyourguide/jobs/8066981"", ""audience_reject_reasons"": [""not_data_ai_field"", ""not_fresher_ws_thesis"", ""ambiguous_needs_review""]}"
2026-09-30T20:49:29.019317+00:00,sem_getyourguide_senior-brand-designer-b2b_berlin,Senior Brand Designer B2B,GetYourGuide,Berlin,direct,other_tech,senior,"not_data_ai_field,not_fresher_ws_thesis,ambiguous_needs_review","{""job_id"": ""sem_getyourguide_senior-brand-designer-b2b_berlin"", ""title"": ""Senior Brand Designer B2B"", ""url"": null, ""job_url"": ""https://job-boards.greenhouse.io/getyourguide/jobs/8158781"", ""audience_reject_reasons"": [""not_data_ai_field"", ""not_fresher_ws_thesis"", ""ambiguous_needs_review""]}"
2026-09-30T20:49:29.019317+00:00,sem_getyourguide_senior-communications-manager_berlin,Senior Communications Manager,GetYourGuide,Berlin,direct,other_tech,senior,"not_data_ai_field,not_fresher_ws_thesis,ambiguous_needs_review","{""job_id"": ""sem_getyourguide_senior-communications-manager_berlin"", ""title"": ""Senior Communications Manager"", ""url"": null, ""job_url"": ""https://job-boards.greenhouse.io/getyourguide/jobs/8139060"", ""audience_reject_reasons"": [""not_data_ai_field"", ""not_fresher_ws_thesis"", ""ambiguous_needs_review""]}"
2026-09-30T20:49:29.019317+00:00,sem_getyourguide_senior-localization-specialist_berlin,Senior Localization Specialist,GetYourGuide,Berlin,direct,other_tech,senior,"not_data_ai_field,not_fresher_ws_thesis,ambiguous_needs_review","{""job_id"": ""sem_getyourguide_senior-localization-specialist_berlin"", ""title"": ""Senior Localization Specialist"", ""url"": null, ""job_url"": ""https://job-boards.greenhouse.io/getyourguide/jobs/7571066"", ""audience_reject_reasons"": [""not_data_ai_field"", ""not_fresher_ws_thesis"", ""ambiguous_needs_review""]}"
2026-09-30T20:49:29.019317+00:00,sem_getyourguide_senior-product-designer-b2c_berlin,Senior Product Designer (B2C),GetYourGuide,Berlin,direct,other_tech,senior,"not_data_ai_field,not_fresher_ws_thesis,ambiguous_needs_review","{""job_id"": ""sem_getyourguide_senior-product-designer-b2c_berlin"", ""title"": ""Senior Product Designer (B2C)"", ""url"": null, ""job_url"": ""https://job-boards.greenhouse.io/getyourguide/jobs/7559680"", ""audience_reject_reasons"": [""not_data_ai_field"", ""not_fresher_ws_thesis"", ""ambiguous_needs_review""]}"
2026-09-30T20:49:29.019317+00:00,sem_getyourguide_senior-strategy-manager_berlin,Senior Strategy Manager,GetYourGuide,Berlin,direct,other_tech,senior,"not_data_ai_field,not_fresher_ws_thesis,ambiguous_needs_review","{""job_id"": ""sem_getyourguide_senior-strategy-manager_berlin"", ""title"": ""Senior Strategy Manager"", ""url"": null, ""job_url"": ""https://job-boards.greenhouse.io/getyourguide/jobs/8066983"", ""audience_reject_reasons"": [""not_data_ai_field"", ""not_fresher_ws_thesis"", ""ambiguous_needs_review""]}"
2026-09-30T20:49:29.019317+00:00,sem_getyourguide_senior-technical-recruiter_berlin,Senior Technical Recruiter,GetYourGuide,Berlin,direct,other_tech,senior,"not_data_ai_field,not_fresher_ws_thesis,ambiguous_needs_review","{""job_id"": ""sem_getyourguide_senior-technical-recruiter_berlin"", ""title"": ""Senior Technical Recruiter"", ""url"": null, ""job_url"": ""https://job-boards.greenhouse.io/getyourguide/jobs/8184881"", ""audience_reject_reasons"": [""not_data_ai_field"", ""not_fresher_ws_thesis"", ""ambiguous_needs_review""]}"
2026-09-30T20:49:29.019317+00:00,sem_getyourguide_technical-recruiter-12-month-maternity-cover_berlin,Technical Recruiter (12 Month Maternity Cover),GetYourGuide,Berlin,direct,other_tech,mid,"not_data_ai_field,not_fresher_ws_thesis,ambiguous_needs_review","{""job_id"": ""sem_getyourguide_technical-recruiter-12-month-maternity-cover_berlin"", ""title"": ""Technical Recruiter (12 Month Maternity Cover)"", ""url"": null, ""job_url"": ""https://job-boards.greenhouse.io/getyourguide/jobs/8088223"", ""audience_reject_reasons"": [""not_data_ai_field"", ""not_fresher_ws_thesis"", ""ambiguous_needs_review""]}"
2026-09-30T20:49:29.019317+00:00,sem_getyourguide_ux-research-programs-operations-zurich_zurich,UX Research Programs & Operations (Zurich),GetYourGuide,Zurich,direct,other_tech,mid,"not_eu,not_data_ai_field,not_fresher_ws_thesis,ambiguous_needs_review","{""job_id"": ""sem_getyourguide_ux-research-programs-operations-zurich_zurich"", ""title"": ""UX Research Programs & Operations (Zurich)"", ""url"": null, ""job_url"": ""https://job-boards.greenhouse.io/getyourguide/jobs/8129943"", ""audience_reject_reasons"": [""not_eu"", ""not_data_ai_field"", ""not_fresher_ws_thesis"", ""ambiguous_needs_review""]}"
2026-09-30T20:49:29.019317+00:00,sem_gloor-pr-zisionswerkzeuge_fachspezialist-avor-pps-100_ch-ch023,Fachspezialist AVOR/PPS 100%,Gloor Präzisionswerkzeuge AG,CH (CH023),eures,other_tech,mid,"not_eu,not_data_ai_field,not_fresher_ws_thesis,ambiguous_needs_review","{""job_id"": ""sem_gloor-pr-zisionswerkzeuge_fachspezialist-avor-pps-100_ch-ch023"", ""title"": ""Fachspezialist AVOR/PPS 100%"", ""url"": null, ""job_url"": ""https://europa.eu/eures/portal/jv-se/jv-details/OWI5OTUxZGQtMDlkYy00MDU1LTk0NGMtYzFmNTllMmQwYzc5IDYx?jvDisplayLanguage=en&lang=en"", ""audience_reject_reasons"": [""not_eu"", ""not_data_ai_field"", ""not_fresher_ws_thesis"", ""ambiguous_needs_review""]}"
2026-09-30T20:49:29.019317+00:00,sem_grafanalabs_commercial-account-executive-acquisition-switzerland-remote_,"Commercial Account Executive, Acquisition | Switzerland | Remote",grafanalabs,,arbeitnow,other_tech,mid,"not_eu,not_data_ai_field,not_fresher_ws_thesis,ambiguous_needs_review","{""job_id"": ""sem_grafanalabs_commercial-account-executive-acquisition-switzerland-remote_"", ""title"": ""Commercial Account Executive, Acquisition | Switzerland | Remote"", ""url"": null, ""job_url"": ""https://www.arbeitnow.ch/jobs/companies/grafanalabs/commercial-account-executive-acquisition-switzerland-remote-273226"", ""audience_reject_reasons"": [""not_eu"", ""not_data_ai_field"", ""not_fresher_ws_thesis"", ""ambiguous_needs_review""]}"
2026-09-30T20:49:29.019317+00:00,sem_grafanalabs_enterprise-account-executive-acquisition-switzerland-remote_,"Enterprise Account Executive, Acquisition | Switzerland | Remote",grafanalabs,,arbeitnow,other_tech,mid,"not_eu,not_data_ai_field,not_fresher_ws_thesis,ambiguous_needs_review","{""job_id"": ""sem_grafanalabs_enterprise-account-executive-acquisition-switzerland-remote_"", ""title"": ""Enterprise Account Executive, Acquisition | Switzerland | Remote"", ""url"": null, ""job_url"": ""https://www.arbeitnow.ch/jobs/companies/grafanalabs/enterprise-account-executive-acquisition-switzerland-remote-400823"", ""audience_reject_reasons"": [""not_eu"", ""not_data_ai_field"", ""not_fresher_ws_thesis"", ""ambiguous_needs_review""]}"
2026-09-30T20:49:29.019317+00:00,sem_hellofresh_asset-protection-manager_barleben-saxony-anhalt-germany,Asset Protection Manager,HelloFresh,"Barleben, Saxony-Anhalt, Germany",direct,other_tech,mid,"not_data_ai_field,not_fresher_ws_thesis,ambiguous_needs_review","{""job_id"": ""sem_hellofresh_asset-protection-manager_barleben-saxony-anhalt-germany"", ""title"": ""Asset Protection Manager"", ""url"": null, ""job_url"": ""https://careers.hellofresh.com/global/en/job/8146886?gh_jid=8146886"", ""audience_reject_reasons"": [""not_data_ai_field"", ""not_fresher_ws_thesis"", ""ambiguous_needs_review""]}"
2026-09-30T20:49:29.019317+00:00,sem_hellofresh_asset-protection-manager_derby-england-united-kingdom,Asset Protection Manager,HelloFresh,"Derby, England, United Kingdom",direct,other_tech,mid,"not_eu,not_data_ai_field,not_fresher_ws_thesis,ambiguous_needs_review","{""job_id"": ""sem_hellofresh_asset-protection-manager_derby-england-united-kingdom"", ""title"": ""Asset Protection Manager"", ""url"": null, ""job_url"": ""https://careers.hellofresh.com/global/en/job/8138742?gh_jid=8138742"", ""audience_reject_reasons"": [""not_eu"", ""not_data_ai_field"", ""not_fresher_ws_thesis"", ""ambiguous_needs_review""]}"
2026-09-30T20:49:29.019317+00:00,sem_hellofresh_category-management-graduate_dublin-dublin-ireland,Category Management Graduate,HelloFresh,"Dublin, Dublin, Ireland",direct,other_tech,mid,"not_data_ai_field,not_fresher_ws_thesis,ambiguous_needs_review","{""job_id"": ""sem_hellofresh_category-management-graduate_dublin-dublin-ireland"", ""title"": ""Category Management Graduate"", ""url"": null, ""job_url"": ""https://careers.hellofresh.com/global/en/job/8236666?gh_jid=8236666"", ""audience_reject_reasons"": [""not_data_ai_field"", ""not_fresher_ws_thesis"", ""ambiguous_needs_review""]}"
2026-09-30T20:49:29.019317+00:00,sem_hellofresh_category-management-graduate_london-england-united-kingdom,Category Management Graduate,HelloFresh,"London, England, United Kingdom",direct,other_tech,mid,"not_eu,not_data_ai_field,not_fresher_ws_thesis,ambiguous_needs_review","{""job_id"": ""sem_hellofresh_category-management-graduate_london-england-united-kingdom"", ""title"": ""Category Management Graduate"", ""url"": null, ""job_url"": ""https://careers.hellofresh.com/global/en/job/8234103?gh_jid=8234103"", ""audience_reject_reasons"": [""not_eu"", ""not_data_ai_field"", ""not_fresher_ws_thesis"", ""ambiguous_needs_review""]}"
2026-09-30T20:49:29.019317+00:00,sem_hellofresh_chief-marketing-officer-dach_germany,Chief Marketing Officer - DACH,HelloFresh,Germany,direct,other_tech,senior,"not_data_ai_field,not_fresher_ws_thesis,ambiguous_needs_review","{""job_id"": ""sem_hellofresh_chief-marketing-officer-dach_germany"", ""title"": ""Chief Marketing Officer - DACH"", ""url"": null, ""job_url"": ""https://careers.hellofresh.com/global/en/job/8156007?gh_jid=8156007"", ""audience_reject_reasons"": [""not_data_ai_field"", ""not_fresher_ws_thesis"", ""ambiguous_needs_review""]}"
2026-09-30T20:49:29.019317+00:00,sem_hellofresh_director-ux-design_berlin-berlin-germany,Director UX Design,HelloFresh,"Berlin, Berlin, Germany",direct,other_tech,mid,"not_data_ai_field,not_fresher_ws_thesis,ambiguous_needs_review","{""job_id"": ""sem_hellofresh_director-ux-design_berlin-berlin-germany"", ""title"": ""Director UX Design"", ""url"": null, ""job_url"": ""https://careers.hellofresh.com/global/en/job/8030038?gh_jid=8030038"", ""audience_reject_reasons"": [""not_data_ai_field"", ""not_fresher_ws_thesis"", ""ambiguous_needs_review""]}"
2026-09-30T20:49:29.019317+00:00,sem_hellofresh_flow-controller_derby-england-united-kingdom,Flow Controller,HelloFresh,"Derby, England, United Kingdom",direct,other_tech,mid,"not_eu,not_data_ai_field,not_fresher_ws_thesis,ambiguous_needs_review","{""job_id"": ""sem_hellofresh_flow-controller_derby-england-united-kingdom"", ""title"": ""Flow Controller"", ""url"": null, ""job_url"": ""https://careers.hellofresh.com/global/en/job/8108515?gh_jid=8108515"", ""audience_reject_reasons"": [""not_eu"", ""not_data_ai_field"", ""not_fresher_ws_thesis"", ""ambiguous_needs_review""]}"
2026-09-30T20:49:29.019317+00:00,sem_hellofresh_geb-udetechniker-all-genders_verden-niedersachsen-germany,Gebäudetechniker (all genders),HelloFresh,"Verden, Niedersachsen, Germany",direct,other_tech,mid,"not_data_ai_field,not_fresher_ws_thesis,ambiguous_needs_review","{""job_id"": ""sem_hellofresh_geb-udetechniker-all-genders_verden-niedersachsen-germany"", ""title"": ""Geb\u00e4udetechniker (all genders)"", ""url"": null, ""job_url"": ""https://careers.hellofresh.com/global/en/job/8068939?gh_jid=8068939"", ""audience_reject_reasons"": [""not_data_ai_field"", ""not_fresher_ws_thesis"", ""ambiguous_needs_review""]}"
2026-09-30T20:49:29.019317+00:00,sem_hellofresh_instandhaltungstechniker-all-genders_verden-niedersachsen-germany,Instandhaltungstechniker (all genders),HelloFresh,"Verden, Niedersachsen, Germany",direct,other_tech,mid,"not_data_ai_field,not_fresher_ws_thesis,ambiguous_needs_review","{""job_id"": ""sem_hellofresh_instandhaltungstechniker-all-genders_verden-niedersachsen-germany"", ""title"": ""Instandhaltungstechniker (all genders)"", ""url"": null, ""job_url"": ""https://careers.hellofresh.com/global/en/job/8068944?gh_jid=8068944"", ""audience_reject_reasons"": [""not_data_ai_field"", ""not_fresher_ws_thesis"", ""ambiguous_needs_review""]}"
2026-09-30T20:49:29.019317+00:00,sem_hellofresh_junior-content-marketing-specialist-f-m-x_amsterdam-north-holland-netherlands,Junior Content Marketing specialist (f/m/x),HelloFresh,"Amsterdam, North Holland, Netherlands",direct,other_tech,junior,"not_data_ai_field,ambiguous_needs_review","{""job_id"": ""sem_hellofresh_junior-content-marketing-specialist-f-m-x_amsterdam-north-holland-netherlands"", ""title"": ""Junior Content Marketing specialist (f/m/x)"", ""url"": null, ""job_url"": ""https://careers.hellofresh.com/global/en/job/8203812?gh_jid=8203812"", ""audience_reject_reasons"": [""not_data_ai_field"", ""ambiguous_needs_review""]}"
2026-09-30T20:49:29.019317+00:00,sem_hellofresh_junior-growth-manager_london-england-united-kingdom,Junior Growth Manager,HelloFresh,"London, England, United Kingdom",direct,other_tech,junior,"not_eu,not_data_ai_field,ambiguous_needs_review","{""job_id"": ""sem_hellofresh_junior-growth-manager_london-england-united-kingdom"", ""title"": ""Junior Growth Manager"", ""url"": null, ""job_url"": ""https://careers.hellofresh.com/global/en/job/7953647?gh_jid=7953647"", ""audience_reject_reasons"": [""not_eu"", ""not_data_ai_field"", ""ambiguous_needs_review""]}"
2026-09-30T20:49:29.019317+00:00,sem_hellofresh_junior-planning-manager_derby-england-united-kingdom,Junior Planning Manager,HelloFresh,"Derby, England, United Kingdom",direct,other_tech,junior,"not_eu,not_data_ai_field,ambiguous_needs_review","{""job_id"": ""sem_hellofresh_junior-planning-manager_derby-england-united-kingdom"", ""title"": ""Junior Planning Manager"", ""url"": null, ""job_url"": ""https://careers.hellofresh.com/global/en/job/8074260?gh_jid=8074260"", ""audience_reject_reasons"": [""not_eu"", ""not_data_ai_field"", ""ambiguous_needs_review""]}"
2026-09-30T20:49:29.019317+00:00,sem_hellofresh_mechatroniker-instandhaltung-all-genders_verden-niedersachsen-germany,Mechatroniker Instandhaltung (all genders),HelloFresh,"Verden, Niedersachsen, Germany",direct,other_tech,mid,"not_data_ai_field,not_fresher_ws_thesis,ambiguous_needs_review","{""job_id"": ""sem_hellofresh_mechatroniker-instandhaltung-all-genders_verden-niedersachsen-germany"", ""title"": ""Mechatroniker Instandhaltung (all genders)"", ""url"": null, ""job_url"": ""https://careers.hellofresh.com/global/en/job/8068945?gh_jid=8068945"", ""audience_reject_reasons"": [""not_data_ai_field"", ""not_fresher_ws_thesis"", ""ambiguous_needs_review""]}"
2026-09-30T20:49:29.019317+00:00,sem_hellofresh_operations-shift-lead-production-all-genders_barleben-saxony-anhalt-germany-magdeburg-saxony-anhalt-germany,Operations Shift Lead – Production (all genders),HelloFresh,"Barleben, Saxony-Anhalt, Germany; Magdeburg, Saxony-Anhalt, Germany",direct,other_tech,senior,"not_data_ai_field,not_fresher_ws_thesis,ambiguous_needs_review","{""job_id"": ""sem_hellofresh_operations-shift-lead-production-all-genders_barleben-saxony-anhalt-germany-magdeburg-saxony-anhalt-germany"", ""title"": ""Operations Shift Lead \u2013 Production (all genders)"", ""url"": null, ""job_url"": ""https://careers.hellofresh.com/global/en/job/7748757?gh_jid=7748757"", ""audience_reject_reasons"": [""not_data_ai_field"", ""not_fresher_ws_thesis"", ""ambiguous_needs_review""]}"
2026-09-30T20:49:29.019317+00:00,sem_hellofresh_people-technology-senior-integrations-specialist-all-genders_warszawa-masovian-voivodeship-poland,People Technology Senior Integrations Specialist (All Genders),HelloFresh,"Warszawa, Masovian Voivodeship, Poland",direct,other_tech,senior,"not_data_ai_field,not_fresher_ws_thesis,ambiguous_needs_review","{""job_id"": ""sem_hellofresh_people-technology-senior-integrations-specialist-all-genders_warszawa-masovian-voivodeship-poland"", ""title"": ""People Technology Senior Integrations Specialist (All Genders)"", ""url"": null, ""job_url"": ""https://careers.hellofresh.com/global/en/job/8105183?gh_jid=8105183"", ""audience_reject_reasons"": [""not_data_ai_field"", ""not_fresher_ws_thesis"", ""ambiguous_needs_review""]}"
2026-09-30T20:49:29.019317+00:00,sem_hellofresh_production-shift-manager-all-genders_barleben-saxony-anhalt-germany-magdeburg-saxony-anhalt-germany,Production Shift Manager (all genders),HelloFresh,"Barleben, Saxony-Anhalt, Germany; Magdeburg, Saxony-Anhalt, Germany",direct,other_tech,mid,"not_data_ai_field,not_fresher_ws_thesis,ambiguous_needs_review","{""job_id"": ""sem_hellofresh_production-shift-manager-all-genders_barleben-saxony-anhalt-germany-magdeburg-saxony-anhalt-germany"", ""title"": ""Production Shift Manager (all genders)"", ""url"": null, ""job_url"": ""https://careers.hellofresh.com/global/en/job/7748754?gh_jid=7748754"", ""audience_reject_reasons"": [""not_data_ai_field"", ""not_fresher_ws_thesis"", ""ambiguous_needs_review""]}"
2026-09-30T20:49:29.019317+00:00,sem_hellofresh_production-shift-supervisor-all-genders_barleben-saxony-anhalt-germany-magdeburg-saxony-anhalt-germany,Production Shift Supervisor (all genders),HelloFresh,"Barleben, Saxony-Anhalt, Germany; Magdeburg, Saxony-Anhalt, Germany",direct,other_tech,mid,"not_data_ai_field,not_fresher_ws_thesis,ambiguous_needs_review","{""job_id"": ""sem_hellofresh_production-shift-supervisor-all-genders_barleben-saxony-anhalt-germany-magdeburg-saxony-anhalt-germany"", ""title"": ""Production Shift Supervisor (all genders)"", ""url"": null, ""job_url"": ""https://careers.hellofresh.com/global/en/job/7748755?gh_jid=7748755"", ""audience_reject_reasons"": [""not_data_ai_field"", ""not_fresher_ws_thesis"", ""ambiguous_needs_review""]}"
2026-09-30T20:49:29.019317+00:00,sem_hellofresh_schichtleitung-produktion-all-genders_barleben-saxony-anhalt-germany-magdeburg-saxony-anhalt-germany,Schichtleitung Produktion (all genders),HelloFresh,"Barleben, Saxony-Anhalt, Germany; Magdeburg, Saxony-Anhalt, Germany",direct,other_tech,mid,"not_data_ai_field,not_fresher_ws_thesis,ambiguous_needs_review","{""job_id"": ""sem_hellofresh_schichtleitung-produktion-all-genders_barleben-saxony-anhalt-germany-magdeburg-saxony-anhalt-germany"", ""title"": ""Schichtleitung Produktion (all genders)"", ""url"": null, ""job_url"": ""https://careers.hellofresh.com/global/en/job/7748760?gh_jid=7748760"", ""audience_reject_reasons"": [""not_data_ai_field"", ""not_fresher_ws_thesis"", ""ambiguous_needs_review""]}"
2026-09-30T20:49:29.019317+00:00,sem_hellofresh_senior-ux-designer-consumer-all-genders_warszawa-masovian-voivodeship-poland,"Senior UX Designer, Consumer (all genders)",HelloFresh,"Warszawa, Masovian Voivodeship, Poland",direct,other_tech,senior,"not_data_ai_field,not_fresher_ws_thesis,ambiguous_needs_review","{""job_id"": ""sem_hellofresh_senior-ux-designer-consumer-all-genders_warszawa-masovian-voivodeship-poland"", ""title"": ""Senior UX Designer, Consumer (all genders)"", ""url"": null, ""job_url"": ""https://careers.hellofresh.com/global/en/job/8028091?gh_jid=8028091"", ""audience_reject_reasons"": [""not_data_ai_field"", ""not_fresher_ws_thesis"", ""ambiguous_needs_review""]}"
2026-09-30T20:49:29.019317+00:00,sem_hellofresh_senior-ux-product-designer-engagement_warszawa-masovian-voivodeship-poland,"Senior UX Product Designer, Engagement",HelloFresh,"Warszawa, Masovian Voivodeship, Poland",direct,other_tech,senior,"not_data_ai_field,not_fresher_ws_thesis,ambiguous_needs_review","{""job_id"": ""sem_hellofresh_senior-ux-product-designer-engagement_warszawa-masovian-voivodeship-poland"", ""title"": ""Senior UX Product Designer, Engagement"", ""url"": null, ""job_url"": ""https://careers.hellofresh.com/global/en/job/8167272?gh_jid=8167272"", ""audience_reject_reasons"": [""not_data_ai_field"", ""not_fresher_ws_thesis"", ""ambiguous_needs_review""]}"
2026-09-30T20:49:29.019317+00:00,sem_hellofresh_senior-ux-product-designer_warszawa-masovian-voivodeship-poland,Senior UX Product Designer,HelloFresh,"Warszawa, Masovian Voivodeship, Poland",direct,other_tech,senior,"not_data_ai_field,not_fresher_ws_thesis,ambiguous_needs_review","{""job_id"": ""sem_hellofresh_senior-ux-product-designer_warszawa-masovian-voivodeship-poland"", ""title"": ""Senior UX Product Designer"", ""url"": null, ""job_url"": ""https://careers.hellofresh.com/global/en/job/8147119?gh_jid=8147119"", ""audience_reject_reasons"": [""not_data_ai_field"", ""not_fresher_ws_thesis"", ""ambiguous_needs_review""]}"
2026-09-30T20:49:29.019317+00:00,sem_hellofresh_site-qa-qc-specialist-f-m-x_bleiswijk-south-holland-netherlands,Site QA/QC Specialist (f/m/x),HelloFresh,"Bleiswijk, South Holland, Netherlands",direct,other_tech,mid,"not_data_ai_field,not_fresher_ws_thesis,ambiguous_needs_review","{""job_id"": ""sem_hellofresh_site-qa-qc-specialist-f-m-x_bleiswijk-south-holland-netherlands"", ""title"": ""Site QA/QC Specialist (f/m/x)"", ""url"": null, ""job_url"": ""https://careers.hellofresh.com/global/en/job/8020924?gh_jid=8020924"", ""audience_reject_reasons"": [""not_data_ai_field"", ""not_fresher_ws_thesis"", ""ambiguous_needs_review""]}"
2026-09-30T20:49:29.019317+00:00,sem_holidu_accountant_munich,(Junior) Accountant (m/w/d),Holidu,Munich,arbeitnow,sap_erp,junior,"not_data_ai_field,ambiguous_needs_review","{""job_id"": ""sem_holidu_accountant_munich"", ""title"": ""(Junior) Accountant (m/w/d)"", ""url"": null, ""job_url"": ""https://www.arbeitnow.com/jobs/companies/holidu/junior-accountant-munich-182827"", ""audience_reject_reasons"": [""not_data_ai_field"", ""ambiguous_needs_review""]}"
2026-09-30T20:49:29.019317+00:00,sem_ideals_account-executive-business-development-associate-london_london-united-kingdom,Account Executive / Business Development Associate (London),Ideals,"London, United Kingdom",arbeitnow,other_tech,mid,"not_eu,not_data_ai_field,not_fresher_ws_thesis,ambiguous_needs_review","{""job_id"": ""sem_ideals_account-executive-business-development-associate-london_london-united-kingdom"", ""title"": ""Account Executive / Business Development Associate (London)"", ""url"": null, ""job_url"": ""https://www.arbeitnow.co.uk/jobs/companies/ideals/account-executive-business-development-associate-london-london-united-kingdom-275916"", ""audience_reject_reasons"": [""not_eu"", ""not_data_ai_field"", ""not_fresher_ws_thesis"", ""ambiguous_needs_review""]}"
2026-09-30T20:49:29.019317+00:00,sem_ideals_enterprise-account-executive-zurich_zurich-switzerland,Enterprise Account Executive - Zurich,Ideals,"Zurich, Switzerland",arbeitnow,other_tech,mid,"not_eu,not_data_ai_field,not_fresher_ws_thesis,ambiguous_needs_review","{""job_id"": ""sem_ideals_enterprise-account-executive-zurich_zurich-switzerland"", ""title"": ""Enterprise Account Executive - Zurich"", ""url"": null, ""job_url"": ""https://www.arbeitnow.ch/jobs/companies/ideals/enterprise-account-executive-zurich-413496"", ""audience_reject_reasons"": [""not_eu"", ""not_data_ai_field"", ""not_fresher_ws_thesis"", ""ambiguous_needs_review""]}"
2026-09-30T20:49:29.019317+00:00,sem_jobgate_mitarbeiter-baustellenlogistik-allrounder-a_ch-ch052,Mitarbeiter Baustellenlogistik / Allrounder (a),jobgate ag,CH (CH052),eures,other_tech,mid,"not_eu,not_data_ai_field,not_fresher_ws_thesis,ambiguous_needs_review","{""job_id"": ""sem_jobgate_mitarbeiter-baustellenlogistik-allrounder-a_ch-ch052"", ""title"": ""Mitarbeiter Baustellenlogistik / Allrounder (a)"", ""url"": null, ""job_url"": ""https://europa.eu/eures/portal/jv-se/jv-details/MjVkNzJkN2MtMTQxNC00Y2YxLTg2MTAtZTA3NTVjMDAzZWEyIDYx?jvDisplayLanguage=en&lang=en"", ""audience_reject_reasons"": [""not_eu"", ""not_data_ai_field"", ""not_fresher_ws_thesis"", ""ambiguous_needs_review""]}"
2026-09-30T20:49:29.019317+00:00,sem_jobgether_people-hunter-talent-acquisition-assistant_switzerland,[People] Hunter / Talent Acquisition Assistant,Jobgether,Switzerland,arbeitnow,other_tech,mid,"not_eu,not_data_ai_field,not_fresher_ws_thesis,ambiguous_needs_review","{""job_id"": ""sem_jobgether_people-hunter-talent-acquisition-assistant_switzerland"", ""title"": ""[People] Hunter / Talent Acquisition Assistant"", ""url"": null, ""job_url"": ""https://www.arbeitnow.ch/jobs/companies/jobgether/people-hunter-talent-acquisition-assistant-switzerland-273927"", ""audience_reject_reasons"": [""not_eu"", ""not_data_ai_field"", ""not_fresher_ws_thesis"", ""ambiguous_needs_review""]}"
2026-09-30T20:49:29.019317+00:00,sem_jobgether_people-hunter-talent-acquisition-assistant_uk,[People] Hunter / Talent Acquisition Assistant,Jobgether,UK,arbeitnow,other_tech,mid,"not_eu,not_data_ai_field,not_fresher_ws_thesis,ambiguous_needs_review","{""job_id"": ""sem_jobgether_people-hunter-talent-acquisition-assistant_uk"", ""title"": ""[People] Hunter / Talent Acquisition Assistant"", ""url"": null, ""job_url"": ""https://www.arbeitnow.co.uk/jobs/companies/jobgether/people-hunter-talent-acquisition-assistant-uk-444472"", ""audience_reject_reasons"": [""not_eu"", ""not_data_ai_field"", ""not_fresher_ws_thesis"", ""ambiguous_needs_review""]}"
2026-09-30T20:49:29.019317+00:00,sem_konfetti_business-development-manager-m-w-x-in-berlin_berlin,Business Development Manager (m/w/x) in Berlin,Konfetti GmbH,Berlin,arbeitnow,other_tech,mid,"not_data_ai_field,not_fresher_ws_thesis,ambiguous_needs_review","{""job_id"": ""sem_konfetti_business-development-manager-m-w-x-in-berlin_berlin"", ""title"": ""Business Development Manager (m/w/x) in Berlin"", ""url"": null, ""job_url"": ""https://www.arbeitnow.com/jobs/companies/konfetti-gmbh/business-development-manager-in-berlin-13434"", ""audience_reject_reasons"": [""not_data_ai_field"", ""not_fresher_ws_thesis"", ""ambiguous_needs_review""]}"
2026-09-30T20:49:29.019317+00:00,sem_lga-it_system-administrator_be-be235,System Administrator,LGA IT,BE (BE235),eures,other_tech,mid,"not_data_ai_field,not_fresher_ws_thesis,ambiguous_needs_review","{""job_id"": ""sem_lga-it_system-administrator_be-be235"", ""title"": ""System Administrator"", ""url"": null, ""job_url"": ""https://europa.eu/eures/portal/jv-se/jv-details/MzA0OGJmZTYtNmY2OC00ZDM4LWFlNDMtNGMyMGZkZGNlNjQ4IDM?jvDisplayLanguage=nl&lang=nl"", ""audience_reject_reasons"": [""not_data_ai_field"", ""not_fresher_ws_thesis"", ""ambiguous_needs_review""]}"
2026-09-30T20:49:29.019317+00:00,sem_lrz_fachinformatikerin-systemintegration_garching-bei-m-nchen,Fachinformatikerin (m/w/d) - Systemintegration,Lrz,Garching bei München,arbeitnow,other_tech,mid,"not_data_ai_field,not_fresher_ws_thesis,ambiguous_needs_review","{""job_id"": ""sem_lrz_fachinformatikerin-systemintegration_garching-bei-m-nchen"", ""title"": ""Fachinformatikerin (m/w/d) - Systemintegration"", ""url"": null, ""job_url"": ""https://www.arbeitnow.com/jobs/companies/lrz/fachinformatikerin-systemintegration-garching-bei-munchen-416982"", ""audience_reject_reasons"": [""not_data_ai_field"", ""not_fresher_ws_thesis"", ""ambiguous_needs_review""]}"
2026-09-30T20:49:29.019317+00:00,sem_meggitt-sa_engineering-manager_ch-ch022,Engineering Manager,MEGGITT SA,CH (CH022),eures,other_tech,mid,"not_eu,not_data_ai_field,not_fresher_ws_thesis,ambiguous_needs_review","{""job_id"": ""sem_meggitt-sa_engineering-manager_ch-ch022"", ""title"": ""Engineering Manager"", ""url"": null, ""job_url"": ""https://europa.eu/eures/portal/jv-se/jv-details/MDRiZjE1NGUtOWRhNi00ZjYxLTg1MDQtYWY2Mzg0NzJiYTU2IDYx?jvDisplayLanguage=en&lang=en"", ""audience_reject_reasons"": [""not_eu"", ""not_data_ai_field"", ""not_fresher_ws_thesis"", ""ambiguous_needs_review""]}"
2026-09-30T20:49:29.019317+00:00,sem_mewssystems_senior-revenue-enablement-specialist_,Senior Revenue Enablement Specialist,mewssystems,,arbeitnow,other_tech,senior,"not_eu,not_data_ai_field,not_fresher_ws_thesis,ambiguous_needs_review","{""job_id"": ""sem_mewssystems_senior-revenue-enablement-specialist_"", ""title"": ""Senior Revenue Enablement Specialist"", ""url"": null, ""job_url"": ""https://www.arbeitnow.co.uk/jobs/companies/mewssystems/senior-revenue-enablement-specialist-415862"", ""audience_reject_reasons"": [""not_eu"", ""not_data_ai_field"", ""not_fresher_ws_thesis"", ""ambiguous_needs_review""]}"
2026-09-30T20:49:29.019317+00:00,sem_michael-page-international-belgium_field-service-technician-solutions-techniques-industrielles_be-be100,Field Service Technician - Solutions techniques industrielles,MICHAEL PAGE INTERNATIONAL (BELGIUM),BE (BE100),eures,other_tech,mid,"not_data_ai_field,not_fresher_ws_thesis,ambiguous_needs_review","{""job_id"": ""sem_michael-page-international-belgium_field-service-technician-solutions-techniques-industrielles_be-be100"", ""title"": ""Field Service Technician - Solutions techniques industrielles"", ""url"": null, ""job_url"": ""https://europa.eu/eures/portal/jv-se/jv-details/OGZiNGI3NTctMTIyNi00YjMwLThhNzctZjMxNmUwNWM3OGI3IDM?jvDisplayLanguage=nl&lang=nl"", ""audience_reject_reasons"": [""not_data_ai_field"", ""not_fresher_ws_thesis"", ""ambiguous_needs_review""]}"
2026-09-30T20:49:29.019317+00:00,sem_michael-page-international-belgium_onsite-support_be-be231,Onsite Support,MICHAEL PAGE INTERNATIONAL (BELGIUM),BE (BE231),eures,it_support,mid,"not_data_ai_field,not_fresher_ws_thesis,ambiguous_needs_review","{""job_id"": ""sem_michael-page-international-belgium_onsite-support_be-be231"", ""title"": ""Onsite Support"", ""url"": null, ""job_url"": ""https://europa.eu/eures/portal/jv-se/jv-details/NThmNjVhMzgtMjc5ZC00YjNiLTkxMDctZTUxN2FhYjljNDRhIDM?jvDisplayLanguage=nl&lang=nl"", ""audience_reject_reasons"": [""not_data_ai_field"", ""not_fresher_ws_thesis"", ""ambiguous_needs_review""]}"
2026-09-30T20:49:29.019317+00:00,sem_multiverse_customer-value-partner-strategic-accounts_london,"Customer Value Partner, Strategic Accounts",Multiverse,London,arbeitnow,data_engineering,mid,"not_eu,not_fresher_ws_thesis,ambiguous_needs_review","{""job_id"": ""sem_multiverse_customer-value-partner-strategic-accounts_london"", ""title"": ""Customer Value Partner, Strategic Accounts"", ""url"": null, ""job_url"": ""https://www.arbeitnow.co.uk/jobs/companies/multiverse/customer-value-partner-strategic-accounts-london-459959"", ""audience_reject_reasons"": [""not_eu"", ""not_fresher_ws_thesis"", ""ambiguous_needs_review""]}"
2026-09-30T20:49:29.019317+00:00,sem_mynaric_senior-sales-business-development-manager-asia-pacific-m-f-x_m-nchen,"Senior Sales & Business Development Manager, Asia-Pacific (m/f/x)",Mynaric,München,arbeitnow,other_tech,senior,"not_data_ai_field,not_fresher_ws_thesis,ambiguous_needs_review","{""job_id"": ""sem_mynaric_senior-sales-business-development-manager-asia-pacific-m-f-x_m-nchen"", ""title"": ""Senior Sales & Business Development Manager, Asia-Pacific (m/f/x)"", ""url"": null, ""job_url"": ""https://www.arbeitnow.com/jobs/companies/mynaric/senior-sales-business-development-manager-asia-pacific-munchen-265456"", ""audience_reject_reasons"": [""not_data_ai_field"", ""not_fresher_ws_thesis"", ""ambiguous_needs_review""]}"
2026-09-30T20:49:29.019317+00:00,sem_n26_afc-compliance-controls-and-reviews-associate_berlin,AFC Compliance Controls and Reviews - Associate,N26,Berlin,direct,other_tech,mid,"not_data_ai_field,not_fresher_ws_thesis,ambiguous_needs_review","{""job_id"": ""sem_n26_afc-compliance-controls-and-reviews-associate_berlin"", ""title"": ""AFC Compliance Controls and Reviews - Associate"", ""url"": null, ""job_url"": ""https://n26.com/en-eu/careers/positions/8203585?gh_jid=8203585"", ""audience_reject_reasons"": [""not_data_ai_field"", ""not_fresher_ws_thesis"", ""ambiguous_needs_review""]}"
2026-09-30T20:49:29.019317+00:00,sem_n26_afc-compliance-controls-and-reviews-associate_madrid,AFC Compliance Controls and Reviews - Associate,N26,Madrid,direct,other_tech,mid,"not_data_ai_field,not_fresher_ws_thesis,ambiguous_needs_review","{""job_id"": ""sem_n26_afc-compliance-controls-and-reviews-associate_madrid"", ""title"": ""AFC Compliance Controls and Reviews - Associate"", ""url"": null, ""job_url"": ""https://n26.com/en-eu/careers/positions/8213445?gh_jid=8213445"", ""audience_reject_reasons"": [""not_data_ai_field"", ""not_fresher_ws_thesis"", ""ambiguous_needs_review""]}"
2026-09-30T20:49:29.019317+00:00,sem_n26_banking-operations-occ-fr-specialist-part-time_paris,Banking Operations - OCC FR Specialist (Part-time),N26,Paris,direct,other_tech,mid,"not_data_ai_field,not_fresher_ws_thesis,ambiguous_needs_review","{""job_id"": ""sem_n26_banking-operations-occ-fr-specialist-part-time_paris"", ""title"": ""Banking Operations - OCC FR Specialist (Part-time)"", ""url"": null, ""job_url"": ""https://n26.com/en-eu/careers/positions/8141767?gh_jid=8141767"", ""audience_reject_reasons"": [""not_data_ai_field"", ""not_fresher_ws_thesis"", ""ambiguous_needs_review""]}"
2026-09-30T20:49:29.019317+00:00,sem_n26_business-risk-manager-growth_berlin,Business Risk Manager – Growth,N26,Berlin,direct,other_tech,mid,"not_data_ai_field,not_fresher_ws_thesis,ambiguous_needs_review","{""job_id"": ""sem_n26_business-risk-manager-growth_berlin"", ""title"": ""Business Risk Manager \u2013 Growth"", ""url"": null, ""job_url"": ""https://n26.com/en-eu/careers/positions/7981889?gh_jid=7981889"", ""audience_reject_reasons"": [""not_data_ai_field"", ""not_fresher_ws_thesis"", ""ambiguous_needs_review""]}"
2026-09-30T20:49:29.019317+00:00,sem_n26_product-designer-grow-engage_barcelona,Product Designer - Grow & Engage,N26,Barcelona,direct,embedded_systems,mid,"not_data_ai_field,not_fresher_ws_thesis,ambiguous_needs_review","{""job_id"": ""sem_n26_product-designer-grow-engage_barcelona"", ""title"": ""Product Designer - Grow & Engage"", ""url"": null, ""job_url"": ""https://n26.com/en-eu/careers/positions/8211088?gh_jid=8211088"", ""audience_reject_reasons"": [""not_data_ai_field"", ""not_fresher_ws_thesis"", ""ambiguous_needs_review""]}"
2026-09-30T20:49:29.019317+00:00,sem_n26_team-lead-non-financial-risk-and-internal-controls_berlin,Team Lead Non-Financial Risk and Internal Controls,N26,Berlin,direct,other_tech,senior,"not_data_ai_field,not_fresher_ws_thesis,ambiguous_needs_review","{""job_id"": ""sem_n26_team-lead-non-financial-risk-and-internal-controls_berlin"", ""title"": ""Team Lead Non-Financial Risk and Internal Controls"", ""url"": null, ""job_url"": ""https://n26.com/en-eu/careers/positions/7845376?gh_jid=7845376"", ""audience_reject_reasons"": [""not_data_ai_field"", ""not_fresher_ws_thesis"", ""ambiguous_needs_review""]}"
2026-09-30T20:49:29.019317+00:00,sem_neuralconcept_vp-of-engineering_lausanne,VP of Engineering,Neuralconcept,Lausanne,arbeitnow,other_tech,mid,"not_eu,not_data_ai_field,not_fresher_ws_thesis,ambiguous_needs_review","{""job_id"": ""sem_neuralconcept_vp-of-engineering_lausanne"", ""title"": ""VP of Engineering"", ""url"": null, ""job_url"": ""https://www.arbeitnow.ch/jobs/companies/neuralconcept/vp-of-engineering-lausanne-290645"", ""audience_reject_reasons"": [""not_eu"", ""not_data_ai_field"", ""not_fresher_ws_thesis"", ""ambiguous_needs_review""]}"
2026-09-30T20:49:29.019317+00:00,sem_neuverge-tron_penetration-tester-europe_munich-germany,Penetration Tester - Europe (m/f/d),Neuverge Tron,"Munich, Germany",arbeitnow,other_tech,mid,"not_data_ai_field,not_fresher_ws_thesis,ambiguous_needs_review","{""job_id"": ""sem_neuverge-tron_penetration-tester-europe_munich-germany"", ""title"": ""Penetration Tester - Europe (m/f/d)"", ""url"": null, ""job_url"": ""https://www.arbeitnow.com/jobs/companies/neuverge-tron/penetration-tester-europe-munich-211038"", ""audience_reject_reasons"": [""not_data_ai_field"", ""not_fresher_ws_thesis"", ""ambiguous_needs_review""]}"
2026-09-30T20:49:29.019317+00:00,sem_omnora_marketing-manager-ki-automation_frankfurt-am-main,Marketing Manager - KI & Automation (m/w/d),Omnora GmbH,Frankfurt am Main,arbeitnow,other_tech,mid,"not_data_ai_field,not_fresher_ws_thesis,ambiguous_needs_review","{""job_id"": ""sem_omnora_marketing-manager-ki-automation_frankfurt-am-main"", ""title"": ""Marketing Manager - KI & Automation (m/w/d)"", ""url"": null, ""job_url"": ""https://www.arbeitnow.com/jobs/companies/omnora-gmbh/marketing-manager-ki-automation-frankfurt-am-main-4109"", ""audience_reject_reasons"": [""not_data_ai_field"", ""not_fresher_ws_thesis"", ""ambiguous_needs_review""]}"
2026-09-30T20:49:29.019317+00:00,sem_omnora_marketing-manager_frankfurt-am-main,Marketing Manager (m/w/d),Omnora GmbH,Frankfurt am Main,arbeitnow,other_tech,mid,"not_data_ai_field,not_fresher_ws_thesis,ambiguous_needs_review","{""job_id"": ""sem_omnora_marketing-manager_frankfurt-am-main"", ""title"": ""Marketing Manager (m/w/d)"", ""url"": null, ""job_url"": ""https://www.arbeitnow.com/jobs/companies/omnora-gmbh/marketing-manager-frankfurt-am-main-386317"", ""audience_reject_reasons"": [""not_data_ai_field"", ""not_fresher_ws_thesis"", ""ambiguous_needs_review""]}"
2026-09-30T20:49:29.019317+00:00,sem_ontic_senior-director-sales-uk_united-kingdom,"Senior Director, Sales - UK",Ontic,United Kingdom,arbeitnow,other_tech,senior,"not_eu,not_data_ai_field,not_fresher_ws_thesis,ambiguous_needs_review","{""job_id"": ""sem_ontic_senior-director-sales-uk_united-kingdom"", ""title"": ""Senior Director, Sales - UK"", ""url"": null, ""job_url"": ""https://www.arbeitnow.co.uk/jobs/companies/ontic/senior-director-sales-uk-united-kingdom-279971"", ""audience_reject_reasons"": [""not_eu"", ""not_data_ai_field"", ""not_fresher_ws_thesis"", ""ambiguous_needs_review""]}"
2026-09-30T20:49:29.019317+00:00,sem_ottonova_werkstudent-kommunikationsdesign_m-nchen,Werkstudent – Kommunikationsdesign (m/w/d),Ottonova,München,arbeitnow,other_tech,working_student,"not_data_ai_field,ambiguous_needs_review","{""job_id"": ""sem_ottonova_werkstudent-kommunikationsdesign_m-nchen"", ""title"": ""Werkstudent \u2013 Kommunikationsdesign (m/w/d)"", ""url"": null, ""job_url"": ""https://www.arbeitnow.com/jobs/companies/ottonova/werkstudent-kommunikationsdesign-munchen-318924"", ""audience_reject_reasons"": [""not_data_ai_field"", ""ambiguous_needs_review""]}"
2026-09-30T20:49:29.019317+00:00,sem_pivot_account-executive-enterprise-i-paris_paris,Account Executive - Enterprise I Paris,Pivot,Paris,arbeitnow,cybersecurity,mid,"not_data_ai_field,not_fresher_ws_thesis,ambiguous_needs_review","{""job_id"": ""sem_pivot_account-executive-enterprise-i-paris_paris"", ""title"": ""Account Executive - Enterprise I Paris"", ""url"": null, ""job_url"": ""https://www.arbeitnow.fr/jobs/companies/pivot/account-executive-enterprise-i-paris-34551"", ""audience_reject_reasons"": [""not_data_ai_field"", ""not_fresher_ws_thesis"", ""ambiguous_needs_review""]}"
2026-09-30T20:49:29.019317+00:00,sem_plentific_supply-chain-specialist_london-office,Supply Chain Specialist,Plentific,London Office,arbeitnow,other_tech,senior,"not_eu,not_data_ai_field,not_fresher_ws_thesis,ambiguous_needs_review","{""job_id"": ""sem_plentific_supply-chain-specialist_london-office"", ""title"": ""Supply Chain Specialist"", ""url"": null, ""job_url"": ""https://www.arbeitnow.co.uk/jobs/companies/plentific/supply-chain-specialist-london-183485"", ""audience_reject_reasons"": [""not_eu"", ""not_data_ai_field"", ""not_fresher_ws_thesis"", ""ambiguous_needs_review""]}"
2026-09-30T20:49:29.019317+00:00,sem_project-blackbook_customer-marketing-consultant-contract-role_london,Customer & Marketing Consultant - Contract role,Project Blackbook,London,arbeitnow,other_tech,senior,"not_eu,not_data_ai_field,not_fresher_ws_thesis,ambiguous_needs_review","{""job_id"": ""sem_project-blackbook_customer-marketing-consultant-contract-role_london"", ""title"": ""Customer & Marketing Consultant - Contract role"", ""url"": null, ""job_url"": ""https://www.arbeitnow.co.uk/jobs/companies/project-blackbook/customer-marketing-consultant-contract-role-london-208974"", ""audience_reject_reasons"": [""not_eu"", ""not_data_ai_field"", ""not_fresher_ws_thesis"", ""ambiguous_needs_review""]}"
2026-09-30T20:49:29.019317+00:00,sem_randstad-ab_senior-scrummaster_se232,Senior Scrummaster,Randstad AB,SE (SE232),eures,software_engineering,senior,"not_data_ai_field,not_fresher_ws_thesis,ambiguous_needs_review","{""job_id"": ""sem_randstad-ab_senior-scrummaster_se232"", ""title"": ""Senior Scrummaster"", ""url"": null, ""job_url"": ""https://europa.eu/eures/portal/jv-se/jv-details/NjMxMTk1MiAxMjE?jvDisplayLanguage=en&lang=en"", ""audience_reject_reasons"": [""not_data_ai_field"", ""not_fresher_ws_thesis"", ""ambiguous_needs_review""]}"
2026-09-30T20:49:29.019317+00:00,sem_randstad-deutschland_lagerarbeiter-gabelstaplerfahrer-in_de-de721,Lagerarbeiter (m/w/d) (Gabelstaplerfahrer/in),Randstad Deutschland,DE (DE721),eures,other_tech,trainee_graduate,"not_data_ai_field,ambiguous_needs_review","{""job_id"": ""sem_randstad-deutschland_lagerarbeiter-gabelstaplerfahrer-in_de-de721"", ""title"": ""Lagerarbeiter (m/w/d) (Gabelstaplerfahrer/in)"", ""url"": null, ""job_url"": ""https://europa.eu/eures/portal/jv-se/jv-details/MTExMTktNDg2MTE5Nzc4MC1TIDE?jvDisplayLanguage=de&lang=de"", ""audience_reject_reasons"": [""not_data_ai_field"", ""ambiguous_needs_review""]}"
2026-09-30T20:49:29.019317+00:00,sem_realchemistry_director-medical-strategy-medical-affairs_,"Director, Medical Strategy (Medical Affairs)",Realchemistry,,arbeitnow,other_tech,mid,"not_eu,not_data_ai_field,not_fresher_ws_thesis,ambiguous_needs_review","{""job_id"": ""sem_realchemistry_director-medical-strategy-medical-affairs_"", ""title"": ""Director, Medical Strategy (Medical Affairs)"", ""url"": null, ""job_url"": ""https://www.arbeitnow.co.uk/jobs/companies/realchemistry/director-medical-strategy-medical-affairs-31877"", ""audience_reject_reasons"": [""not_eu"", ""not_data_ai_field"", ""not_fresher_ws_thesis"", ""ambiguous_needs_review""]}"
2026-09-30T20:49:29.019317+00:00,sem_realchemistry_senior-account-manager_,Senior Account Manager,Realchemistry,,arbeitnow,other_tech,senior,"not_eu,not_data_ai_field,not_fresher_ws_thesis,ambiguous_needs_review","{""job_id"": ""sem_realchemistry_senior-account-manager_"", ""title"": ""Senior Account Manager"", ""url"": null, ""job_url"": ""https://www.arbeitnow.co.uk/jobs/companies/realchemistry/senior-account-manager-149606"", ""audience_reject_reasons"": [""not_eu"", ""not_data_ai_field"", ""not_fresher_ws_thesis"", ""ambiguous_needs_review""]}"
2026-09-30T20:49:29.019317+00:00,sem_relay_senior-sales-manager_london-on-site,Senior Sales Manager,Relay,London - On-site,arbeitnow,other_tech,senior,"not_eu,not_data_ai_field,not_fresher_ws_thesis,ambiguous_needs_review","{""job_id"": ""sem_relay_senior-sales-manager_london-on-site"", ""title"": ""Senior Sales Manager"", ""url"": null, ""job_url"": ""https://www.arbeitnow.co.uk/jobs/companies/relay/senior-sales-manager-london-381189"", ""audience_reject_reasons"": [""not_eu"", ""not_data_ai_field"", ""not_fresher_ws_thesis"", ""ambiguous_needs_review""]}"
2026-09-30T20:49:29.019317+00:00,sem_salonkee_sales-manager-im-au-endienst-graub-nden_schweiz-graub-nden,Sales Manager im Außendienst (m/w/d) - Graubünden,Salonkee,Schweiz / Graubünden,arbeitnow,other_tech,mid,"not_eu,not_data_ai_field,not_fresher_ws_thesis,ambiguous_needs_review","{""job_id"": ""sem_salonkee_sales-manager-im-au-endienst-graub-nden_schweiz-graub-nden"", ""title"": ""Sales Manager im Au\u00dfendienst (m/w/d) - Graub\u00fcnden"", ""url"": null, ""job_url"": ""https://www.arbeitnow.ch/jobs/companies/salonkee/sales-manager-im-aussendienst-graubunden-7896"", ""audience_reject_reasons"": [""not_eu"", ""not_data_ai_field"", ""not_fresher_ws_thesis"", ""ambiguous_needs_review""]}"
2026-09-30T20:49:29.019317+00:00,sem_salonkee_sales-manager-im-au-endienst-uri_schweiz-uri,Sales Manager im Außendienst (m/w/d) - Uri,Salonkee,Schweiz / Uri,arbeitnow,other_tech,mid,"not_eu,not_data_ai_field,not_fresher_ws_thesis,ambiguous_needs_review","{""job_id"": ""sem_salonkee_sales-manager-im-au-endienst-uri_schweiz-uri"", ""title"": ""Sales Manager im Au\u00dfendienst (m/w/d) - Uri"", ""url"": null, ""job_url"": ""https://www.arbeitnow.ch/jobs/companies/salonkee/sales-manager-im-aussendienst-uri-289534"", ""audience_reject_reasons"": [""not_eu"", ""not_data_ai_field"", ""not_fresher_ws_thesis"", ""ambiguous_needs_review""]}"
2026-09-30T20:49:29.019317+00:00,sem_sauter-building-control-schweiz_verkaufsingenieur-80-100-in-d-bendorf_ch-ch040,Verkaufsingenieur  80%-100% in Dübendorf,Sauter Building Control Schweiz AG,CH (CH040),eures,other_tech,mid,"not_eu,not_data_ai_field,not_fresher_ws_thesis,ambiguous_needs_review","{""job_id"": ""sem_sauter-building-control-schweiz_verkaufsingenieur-80-100-in-d-bendorf_ch-ch040"", ""title"": ""Verkaufsingenieur  80%-100% in D\u00fcbendorf"", ""url"": null, ""job_url"": ""https://europa.eu/eures/portal/jv-se/jv-details/YmEyNjgzNmYtMDk4Ni00ZTk5LTg1YmQtZjk1MjU5ZTU5MzYzIDYx?jvDisplayLanguage=en&lang=en"", ""audience_reject_reasons"": [""not_eu"", ""not_data_ai_field"", ""not_fresher_ws_thesis"", ""ambiguous_needs_review""]}"
2026-09-30T20:49:29.019317+00:00,sem_sd-worx-jobs_supervisor-technisch-onderhoud_be-be236,Supervisor Technisch Onderhoud,SD Worx Jobs,BE (BE236),eures,non_tech,mid,"not_data_ai_field,not_fresher_ws_thesis,ambiguous_needs_review","{""job_id"": ""sem_sd-worx-jobs_supervisor-technisch-onderhoud_be-be236"", ""title"": ""Supervisor Technisch Onderhoud"", ""url"": null, ""job_url"": ""https://europa.eu/eures/portal/jv-se/jv-details/MDlmZDkwMjktYTczMS00MjAyLWJlMjEtYzQ2OTY2NDhlOTc1IDM?jvDisplayLanguage=nl&lang=nl"", ""audience_reject_reasons"": [""not_data_ai_field"", ""not_fresher_ws_thesis"", ""ambiguous_needs_review""]}"
2026-09-30T20:49:29.019317+00:00,sem_secosys-it_netzwerkadministrator_erfurt,Netzwerkadministrator (m/w/d),SECOSYS-IT,Erfurt,arbeitnow,other_tech,mid,"not_data_ai_field,not_fresher_ws_thesis,ambiguous_needs_review","{""job_id"": ""sem_secosys-it_netzwerkadministrator_erfurt"", ""title"": ""Netzwerkadministrator (m/w/d)"", ""url"": null, ""job_url"": ""https://www.arbeitnow.com/jobs/companies/secosys-it/netzwerkadministrator-erfurt-340648"", ""audience_reject_reasons"": [""not_data_ai_field"", ""not_fresher_ws_thesis"", ""ambiguous_needs_review""]}"
2026-09-30T20:49:29.019317+00:00,sem_shipbobinc_senior-business-development-representative_sydney-australia,Senior Business Development Representative,Shipbobinc,"Sydney, Australia",arbeitnow,software_engineering,senior,"not_eu,not_data_ai_field,not_fresher_ws_thesis,ambiguous_needs_review","{""job_id"": ""sem_shipbobinc_senior-business-development-representative_sydney-australia"", ""title"": ""Senior Business Development Representative"", ""url"": null, ""job_url"": ""https://www.arbeitnow.co.uk/jobs/companies/shipbobinc/senior-business-development-representative-sydney-australia-217828"", ""audience_reject_reasons"": [""not_eu"", ""not_data_ai_field"", ""not_fresher_ws_thesis"", ""ambiguous_needs_review""]}"
2026-09-30T20:49:29.019317+00:00,sem_sifflet_general-counsel_france,General Counsel,sifflet,France,arbeitnow,other_tech,mid,"not_data_ai_field,not_fresher_ws_thesis,ambiguous_needs_review","{""job_id"": ""sem_sifflet_general-counsel_france"", ""title"": ""General Counsel"", ""url"": null, ""job_url"": ""https://www.arbeitnow.fr/jobs/companies/sifflet/general-counsel-france-187405"", ""audience_reject_reasons"": [""not_data_ai_field"", ""not_fresher_ws_thesis"", ""ambiguous_needs_review""]}"
2026-09-30T20:49:29.019317+00:00,sem_skalar_steuerassistent-in_m-nchen,Steuerassistent:in (w/m/d),Skalar,München,arbeitnow,software_engineering,mid,"not_data_ai_field,not_fresher_ws_thesis,ambiguous_needs_review","{""job_id"": ""sem_skalar_steuerassistent-in_m-nchen"", ""title"": ""Steuerassistent:in (w/m/d)"", ""url"": null, ""job_url"": ""https://www.arbeitnow.com/jobs/companies/skalar/steuerassistentin-munich-236471"", ""audience_reject_reasons"": [""not_data_ai_field"", ""not_fresher_ws_thesis"", ""ambiguous_needs_review""]}"
2026-09-30T20:49:29.019317+00:00,sem_solum-search-ab_key-account-manager-till-netwest_se232,Key Account Manager till Netwest,Solum Search AB,SE (SE232),eures,other_tech,mid,"not_data_ai_field,not_fresher_ws_thesis,ambiguous_needs_review","{""job_id"": ""sem_solum-search-ab_key-account-manager-till-netwest_se232"", ""title"": ""Key Account Manager till Netwest"", ""url"": null, ""job_url"": ""https://europa.eu/eures/portal/jv-se/jv-details/NjMxNTMwOCAxMjE?jvDisplayLanguage=sv&lang=sv"", ""audience_reject_reasons"": [""not_data_ai_field"", ""not_fresher_ws_thesis"", ""ambiguous_needs_review""]}"
2026-09-30T20:49:29.019317+00:00,sem_sumup_account-executive_london-england-united-kingdom,Account Executive,SumUp,"London, England, United Kingdom",direct,other_tech,mid,"not_eu,not_data_ai_field,not_fresher_ws_thesis,ambiguous_needs_review","{""job_id"": ""sem_sumup_account-executive_london-england-united-kingdom"", ""title"": ""Account Executive"", ""url"": null, ""job_url"": ""https://sumup.com/careers/positions/8097315002?gh_jid=8097315002"", ""audience_reject_reasons"": [""not_eu"", ""not_data_ai_field"", ""not_fresher_ws_thesis"", ""ambiguous_needs_review""]}"
2026-09-30T20:49:29.019317+00:00,sem_sumup_business-development-manager-payments-pos_newcastle-upon-tyne-england-united-kingdom,Business Development Manager – Payments & POS,SumUp,"Newcastle upon Tyne, England, United Kingdom",direct,other_tech,mid,"not_eu,not_data_ai_field,not_fresher_ws_thesis,ambiguous_needs_review","{""job_id"": ""sem_sumup_business-development-manager-payments-pos_newcastle-upon-tyne-england-united-kingdom"", ""title"": ""Business Development Manager \u2013 Payments & POS"", ""url"": null, ""job_url"": ""https://sumup.com/careers/positions/7789384002?gh_jid=7789384002"", ""audience_reject_reasons"": [""not_eu"", ""not_data_ai_field"", ""not_fresher_ws_thesis"", ""ambiguous_needs_review""]}"
2026-09-30T20:49:29.019317+00:00,sem_sumup_business-development-team-lead_cologne-germany,Business Development Team Lead (m/w/d),SumUp,"Cologne, Germany",direct,other_tech,senior,"not_data_ai_field,not_fresher_ws_thesis,ambiguous_needs_review","{""job_id"": ""sem_sumup_business-development-team-lead_cologne-germany"", ""title"": ""Business Development Team Lead (m/w/d)"", ""url"": null, ""job_url"": ""https://sumup.com/careers/positions/8615309002?gh_jid=8615309002"", ""audience_reject_reasons"": [""not_data_ai_field"", ""not_fresher_ws_thesis"", ""ambiguous_needs_review""]}"
2026-09-30T20:49:29.019317+00:00,sem_sumup_chief-operating-officer-pcf-42-sumup-limited_dublin-dublin-ireland,Chief Operating Officer (PCF-42) - SumUp Limited,SumUp,"Dublin, Dublin, Ireland",direct,other_tech,mid,"not_data_ai_field,not_fresher_ws_thesis,ambiguous_needs_review","{""job_id"": ""sem_sumup_chief-operating-officer-pcf-42-sumup-limited_dublin-dublin-ireland"", ""title"": ""Chief Operating Officer (PCF-42) - SumUp Limited"", ""url"": null, ""job_url"": ""https://sumup.com/careers/positions/8644924002?gh_jid=8644924002"", ""audience_reject_reasons"": [""not_data_ai_field"", ""not_fresher_ws_thesis"", ""ambiguous_needs_review""]}"
2026-09-30T20:49:29.019317+00:00,sem_sumup_commercial-terrain-ind-pendant-freelance_caen-calvados-france,Commercial Terrain - Indépendant (Freelance),SumUp,"Caen, Calvados, France",direct,other_tech,mid,"not_data_ai_field,not_fresher_ws_thesis,ambiguous_needs_review","{""job_id"": ""sem_sumup_commercial-terrain-ind-pendant-freelance_caen-calvados-france"", ""title"": ""Commercial Terrain - Ind\u00e9pendant (Freelance)"", ""url"": null, ""job_url"": ""https://sumup.com/careers/positions/8210441002?gh_jid=8210441002"", ""audience_reject_reasons"": [""not_data_ai_field"", ""not_fresher_ws_thesis"", ""ambiguous_needs_review""]}"
2026-09-30T20:49:29.019317+00:00,sem_sumup_commercial-terrain-ind-pendant-freelance_cherbourg-en-cotentin-manche-france,Commercial Terrain - Indépendant (Freelance),SumUp,"Cherbourg-en-Cotentin, Manche, France",direct,other_tech,mid,"not_data_ai_field,not_fresher_ws_thesis,ambiguous_needs_review","{""job_id"": ""sem_sumup_commercial-terrain-ind-pendant-freelance_cherbourg-en-cotentin-manche-france"", ""title"": ""Commercial Terrain - Ind\u00e9pendant (Freelance)"", ""url"": null, ""job_url"": ""https://sumup.com/careers/positions/7875352002?gh_jid=7875352002"", ""audience_reject_reasons"": [""not_data_ai_field"", ""not_fresher_ws_thesis"", ""ambiguous_needs_review""]}"
2026-09-30T20:49:29.019317+00:00,sem_sumup_commercial-terrain-ind-pendant-freelance_le-havre-seine-maritime-france,Commercial Terrain - Indépendant (Freelance),SumUp,"Le Havre, Seine-Maritime, France",direct,other_tech,mid,"not_data_ai_field,not_fresher_ws_thesis,ambiguous_needs_review","{""job_id"": ""sem_sumup_commercial-terrain-ind-pendant-freelance_le-havre-seine-maritime-france"", ""title"": ""Commercial Terrain - Ind\u00e9pendant (Freelance)"", ""url"": null, ""job_url"": ""https://sumup.com/careers/positions/8210442002?gh_jid=8210442002"", ""audience_reject_reasons"": [""not_data_ai_field"", ""not_fresher_ws_thesis"", ""ambiguous_needs_review""]}"
2026-09-30T20:49:29.019317+00:00,sem_sumup_consultor-de-vendas_lisbon-portugal,Consultor de Vendas,SumUp,"Lisbon, Portugal",direct,other_tech,mid,"not_data_ai_field,not_fresher_ws_thesis,ambiguous_needs_review","{""job_id"": ""sem_sumup_consultor-de-vendas_lisbon-portugal"", ""title"": ""Consultor de Vendas"", ""url"": null, ""job_url"": ""https://sumup.com/careers/positions/8181753002?gh_jid=8181753002"", ""audience_reject_reasons"": [""not_data_ai_field"", ""not_fresher_ws_thesis"", ""ambiguous_needs_review""]}"
2026-09-30T20:49:29.019317+00:00,sem_sumup_corporate-tax-lead_sofia-bulgaria,Corporate Tax Lead,SumUp,"Sofia, Bulgaria",direct,sap_erp,senior,"not_data_ai_field,not_fresher_ws_thesis,ambiguous_needs_review","{""job_id"": ""sem_sumup_corporate-tax-lead_sofia-bulgaria"", ""title"": ""Corporate Tax Lead"", ""url"": null, ""job_url"": ""https://sumup.com/careers/positions/8624281002?gh_jid=8624281002"", ""audience_reject_reasons"": [""not_data_ai_field"", ""not_fresher_ws_thesis"", ""ambiguous_needs_review""]}"
2026-09-30T20:49:29.019317+00:00,sem_sumup_field-sales-territory-manager-emilia-romagna_emilia-romagna-italy,Field Sales Territory Manager - Emilia-Romagna,SumUp,"Emilia-Romagna, Italy",direct,other_tech,mid,"not_data_ai_field,not_fresher_ws_thesis,ambiguous_needs_review","{""job_id"": ""sem_sumup_field-sales-territory-manager-emilia-romagna_emilia-romagna-italy"", ""title"": ""Field Sales Territory Manager - Emilia-Romagna"", ""url"": null, ""job_url"": ""https://sumup.com/careers/positions/8634749002?gh_jid=8634749002"", ""audience_reject_reasons"": [""not_data_ai_field"", ""not_fresher_ws_thesis"", ""ambiguous_needs_review""]}"
2026-09-30T20:49:29.019317+00:00,sem_sumup_field-sales-territory-manager-liguria_liguria-italy,Field Sales Territory Manager - Liguria,SumUp,"Liguria, Italy",direct,other_tech,mid,"not_data_ai_field,not_fresher_ws_thesis,ambiguous_needs_review","{""job_id"": ""sem_sumup_field-sales-territory-manager-liguria_liguria-italy"", ""title"": ""Field Sales Territory Manager - Liguria"", ""url"": null, ""job_url"": ""https://sumup.com/careers/positions/8706552002?gh_jid=8706552002"", ""audience_reject_reasons"": [""not_data_ai_field"", ""not_fresher_ws_thesis"", ""ambiguous_needs_review""]}"
2026-09-30T20:49:29.019317+00:00,sem_sumup_head-of-regional-field-sales-spain-and-portugal_barcelona-barcelona-spain,Head of Regional Field Sales - Spain and Portugal,SumUp,"Barcelona, Barcelona, Spain",direct,other_tech,senior,"not_data_ai_field,not_fresher_ws_thesis,ambiguous_needs_review","{""job_id"": ""sem_sumup_head-of-regional-field-sales-spain-and-portugal_barcelona-barcelona-spain"", ""title"": ""Head of Regional Field Sales - Spain and Portugal"", ""url"": null, ""job_url"": ""https://sumup.com/careers/positions/8811363002?gh_jid=8811363002"", ""audience_reject_reasons"": [""not_data_ai_field"", ""not_fresher_ws_thesis"", ""ambiguous_needs_review""]}"
2026-09-30T20:49:29.019317+00:00,sem_sumup_junior-complaints-compliance-specialist_sofia-bulgaria,Junior Complaints & Compliance Specialist,SumUp,"Sofia, Bulgaria",direct,other_tech,junior,"not_data_ai_field,ambiguous_needs_review","{""job_id"": ""sem_sumup_junior-complaints-compliance-specialist_sofia-bulgaria"", ""title"": ""Junior Complaints & Compliance Specialist"", ""url"": null, ""job_url"": ""https://sumup.com/careers/positions/8806268002?gh_jid=8806268002"", ""audience_reject_reasons"": [""not_data_ai_field"", ""ambiguous_needs_review""]}"
2026-09-30T20:49:29.019317+00:00,sem_sumup_junior-inbound-sales-representative-nordics_london-england-united-kingdom,Junior Inbound Sales Representative [Nordics],SumUp,"London, England, United Kingdom",direct,other_tech,junior,"not_eu,not_data_ai_field,ambiguous_needs_review","{""job_id"": ""sem_sumup_junior-inbound-sales-representative-nordics_london-england-united-kingdom"", ""title"": ""Junior Inbound Sales Representative [Nordics]"", ""url"": null, ""job_url"": ""https://sumup.com/careers/positions/8713865002?gh_jid=8713865002"", ""audience_reject_reasons"": [""not_eu"", ""not_data_ai_field"", ""ambiguous_needs_review""]}"
2026-09-30T20:49:29.019317+00:00,sem_sumup_junior-sales-development-representative_cologne-germany,Junior Sales Development Representative (m/w/d),SumUp,"Cologne, Germany",direct,other_tech,junior,"not_data_ai_field,ambiguous_needs_review","{""job_id"": ""sem_sumup_junior-sales-development-representative_cologne-germany"", ""title"": ""Junior Sales Development Representative (m/w/d)"", ""url"": null, ""job_url"": ""https://sumup.com/careers/positions/8820269002?gh_jid=8820269002"", ""audience_reject_reasons"": [""not_data_ai_field"", ""ambiguous_needs_review""]}"
2026-09-30T20:49:29.019317+00:00,sem_sumup_kyc-edd-operations-agent-german_sofia-bulgaria,KYC EDD Operations Agent (German),SumUp,"Sofia, Bulgaria",direct,other_tech,mid,"not_data_ai_field,not_fresher_ws_thesis,ambiguous_needs_review","{""job_id"": ""sem_sumup_kyc-edd-operations-agent-german_sofia-bulgaria"", ""title"": ""KYC EDD Operations Agent (German)"", ""url"": null, ""job_url"": ""https://sumup.com/careers/positions/8712769002?gh_jid=8712769002"", ""audience_reject_reasons"": [""not_data_ai_field"", ""not_fresher_ws_thesis"", ""ambiguous_needs_review""]}"
2026-09-30T20:49:29.019317+00:00,sem_sumup_kyc-operations-agent-with-dutch_sofia-bulgaria,KYC Operations Agent with Dutch,SumUp,"Sofia, Bulgaria",direct,qa_testing,mid,"not_data_ai_field,not_fresher_ws_thesis,ambiguous_needs_review","{""job_id"": ""sem_sumup_kyc-operations-agent-with-dutch_sofia-bulgaria"", ""title"": ""KYC Operations Agent with Dutch"", ""url"": null, ""job_url"": ""https://sumup.com/careers/positions/8658514002?gh_jid=8658514002"", ""audience_reject_reasons"": [""not_data_ai_field"", ""not_fresher_ws_thesis"", ""ambiguous_needs_review""]}"
2026-09-30T20:49:29.019317+00:00,sem_sumup_regional-manager-field-sales_copenhagen-denmark,Regional Manager Field Sales,SumUp,"Copenhagen, Denmark",direct,other_tech,mid,"not_data_ai_field,not_fresher_ws_thesis,ambiguous_needs_review","{""job_id"": ""sem_sumup_regional-manager-field-sales_copenhagen-denmark"", ""title"": ""Regional Manager Field Sales"", ""url"": null, ""job_url"": ""https://sumup.com/careers/positions/8622070002?gh_jid=8622070002"", ""audience_reject_reasons"": [""not_data_ai_field"", ""not_fresher_ws_thesis"", ""ambiguous_needs_review""]}"
2026-09-30T20:49:29.019317+00:00,sem_sumup_selbstst-ndiger-vertriebsmitarbeiter-au-endienst-m-w-x_vienna-vienna-austria,Selbstständiger Vertriebsmitarbeiter Außendienst (m/w/x),SumUp,"Vienna, Vienna, Austria",direct,other_tech,mid,"not_data_ai_field,not_fresher_ws_thesis,ambiguous_needs_review","{""job_id"": ""sem_sumup_selbstst-ndiger-vertriebsmitarbeiter-au-endienst-m-w-x_vienna-vienna-austria"", ""title"": ""Selbstst\u00e4ndiger Vertriebsmitarbeiter Au\u00dfendienst (m/w/x)"", ""url"": null, ""job_url"": ""https://sumup.com/careers/positions/8559397002?gh_jid=8559397002"", ""audience_reject_reasons"": [""not_data_ai_field"", ""not_fresher_ws_thesis"", ""ambiguous_needs_review""]}"
2026-09-30T20:49:29.019317+00:00,sem_sumup_senior-commercial-finance-business-partner_berlin-germany,Senior Commercial Finance Business Partner,SumUp,"Berlin, Germany",direct,other_tech,senior,"not_data_ai_field,not_fresher_ws_thesis,ambiguous_needs_review","{""job_id"": ""sem_sumup_senior-commercial-finance-business-partner_berlin-germany"", ""title"": ""Senior Commercial Finance Business Partner"", ""url"": null, ""job_url"": ""https://sumup.com/careers/positions/8745560002?gh_jid=8745560002"", ""audience_reject_reasons"": [""not_data_ai_field"", ""not_fresher_ws_thesis"", ""ambiguous_needs_review""]}"
2026-09-30T20:49:29.019317+00:00,sem_sumup_senior-commercial-finance-business-partner_london-england-united-kingdom,Senior Commercial Finance Business Partner,SumUp,"London, England, United Kingdom",direct,other_tech,senior,"not_eu,not_data_ai_field,not_fresher_ws_thesis,ambiguous_needs_review","{""job_id"": ""sem_sumup_senior-commercial-finance-business-partner_london-england-united-kingdom"", ""title"": ""Senior Commercial Finance Business Partner"", ""url"": null, ""job_url"": ""https://sumup.com/careers/positions/8690955002?gh_jid=8690955002"", ""audience_reject_reasons"": [""not_eu"", ""not_data_ai_field"", ""not_fresher_ws_thesis"", ""ambiguous_needs_review""]}"
2026-09-30T20:49:29.019317+00:00,sem_sumup_senior-internal-auditor_london-england-united-kingdom,Senior Internal Auditor,SumUp,"London, England, United Kingdom",direct,other_tech,senior,"not_eu,not_data_ai_field,not_fresher_ws_thesis,ambiguous_needs_review","{""job_id"": ""sem_sumup_senior-internal-auditor_london-england-united-kingdom"", ""title"": ""Senior Internal Auditor"", ""url"": null, ""job_url"": ""https://sumup.com/careers/positions/8646778002?gh_jid=8646778002"", ""audience_reject_reasons"": [""not_eu"", ""not_data_ai_field"", ""not_fresher_ws_thesis"", ""ambiguous_needs_review""]}"
2026-09-30T20:49:29.019317+00:00,sem_sumup_territory-sales-manager_copenhagen-denmark,Territory Sales Manager,SumUp,"Copenhagen, Denmark",direct,other_tech,mid,"not_data_ai_field,not_fresher_ws_thesis,ambiguous_needs_review","{""job_id"": ""sem_sumup_territory-sales-manager_copenhagen-denmark"", ""title"": ""Territory Sales Manager"", ""url"": null, ""job_url"": ""https://sumup.com/careers/positions/8192637002?gh_jid=8192637002"", ""audience_reject_reasons"": [""not_data_ai_field"", ""not_fresher_ws_thesis"", ""ambiguous_needs_review""]}"
2026-09-30T20:49:29.019317+00:00,sem_sumup_workday-specialist_warsaw-poland,Workday Specialist,SumUp,"Warsaw, Poland",direct,other_tech,mid,"not_data_ai_field,not_fresher_ws_thesis,ambiguous_needs_review","{""job_id"": ""sem_sumup_workday-specialist_warsaw-poland"", ""title"": ""Workday Specialist"", ""url"": null, ""job_url"": ""https://sumup.com/careers/positions/8858309002?gh_jid=8858309002"", ""audience_reject_reasons"": [""not_data_ai_field"", ""not_fresher_ws_thesis"", ""ambiguous_needs_review""]}"
2026-09-30T20:49:29.019317+00:00,sem_superchat_head-of-finance_berlin,Head of Finance (m/f/d),Superchat,Berlin,arbeitnow,other_tech,senior,"not_data_ai_field,not_fresher_ws_thesis,ambiguous_needs_review","{""job_id"": ""sem_superchat_head-of-finance_berlin"", ""title"": ""Head of Finance (m/f/d)"", ""url"": null, ""job_url"": ""https://www.arbeitnow.com/jobs/companies/superchat/head-of-finance-berlin-309813"", ""audience_reject_reasons"": [""not_data_ai_field"", ""not_fresher_ws_thesis"", ""ambiguous_needs_review""]}"
2026-09-30T20:49:29.019317+00:00,sem_tacto_account-manager_munich,(Senior) Account Manager,Tacto,Munich,arbeitnow,other_tech,senior,"not_data_ai_field,not_fresher_ws_thesis,ambiguous_needs_review","{""job_id"": ""sem_tacto_account-manager_munich"", ""title"": ""(Senior) Account Manager"", ""url"": null, ""job_url"": ""https://www.arbeitnow.com/jobs/companies/tacto/senior-account-manager-munich-96914"", ""audience_reject_reasons"": [""not_data_ai_field"", ""not_fresher_ws_thesis"", ""ambiguous_needs_review""]}"
2026-09-30T20:49:29.019317+00:00,sem_tacto_forward-deployed-engineering-team-lead_munich,Forward Deployed Engineering Team Lead,Tacto,Munich,arbeitnow,other_tech,senior,"not_data_ai_field,not_fresher_ws_thesis,ambiguous_needs_review","{""job_id"": ""sem_tacto_forward-deployed-engineering-team-lead_munich"", ""title"": ""Forward Deployed Engineering Team Lead"", ""url"": null, ""job_url"": ""https://www.arbeitnow.com/jobs/companies/tacto/forward-deployed-engineering-team-lead-munich-216208"", ""audience_reject_reasons"": [""not_data_ai_field"", ""not_fresher_ws_thesis"", ""ambiguous_needs_review""]}"
2026-09-30T20:49:29.019317+00:00,sem_tektraco_quality-engineering-support_mt-mt001,QUALITY & ENGINEERING SUPPORT,TEKTRACO LTD.,MT (MT001),eures,other_tech,mid,"not_data_ai_field,not_fresher_ws_thesis,ambiguous_needs_review","{""job_id"": ""sem_tektraco_quality-engineering-support_mt-mt001"", ""title"": ""QUALITY & ENGINEERING SUPPORT"", ""url"": null, ""job_url"": ""https://europa.eu/eures/portal/jv-se/jv-details/NDU0Nzg4IDEwMQ?jvDisplayLanguage=en&lang=en"", ""audience_reject_reasons"": [""not_data_ai_field"", ""not_fresher_ws_thesis"", ""ambiguous_needs_review""]}"
2026-09-30T20:49:29.019317+00:00,sem_teton_strategic-account-manager-uk_united-kingdom,Strategic Account Manager UK,Teton,United Kingdom,arbeitnow,other_tech,mid,"not_eu,not_data_ai_field,not_fresher_ws_thesis,ambiguous_needs_review","{""job_id"": ""sem_teton_strategic-account-manager-uk_united-kingdom"", ""title"": ""Strategic Account Manager UK"", ""url"": null, ""job_url"": ""https://www.arbeitnow.co.uk/jobs/companies/teton/strategic-account-manager-uk-united-kingdom-442747"", ""audience_reject_reasons"": [""not_eu"", ""not_data_ai_field"", ""not_fresher_ws_thesis"", ""ambiguous_needs_review""]}"
2026-09-30T20:49:29.019317+00:00,sem_thehutgroup_senior-ecommerce-executive-12m-ftc-lookfantastic_manchester,Senior Ecommerce Executive 12M Ftc | Lookfantastic,Thehutgroup,Manchester,arbeitnow,software_engineering,senior,"not_eu,not_data_ai_field,not_fresher_ws_thesis,ambiguous_needs_review","{""job_id"": ""sem_thehutgroup_senior-ecommerce-executive-12m-ftc-lookfantastic_manchester"", ""title"": ""Senior Ecommerce Executive 12M Ftc | Lookfantastic"", ""url"": null, ""job_url"": ""https://www.arbeitnow.co.uk/jobs/companies/thehutgroup/senior-ecommerce-executive-12m-ftc-lookfantastic-manchester-347112"", ""audience_reject_reasons"": [""not_eu"", ""not_data_ai_field"", ""not_fresher_ws_thesis"", ""ambiguous_needs_review""]}"
2026-09-30T20:49:29.019317+00:00,sem_thoughtworks_europe-senior-financial-accountant-fixed-term-contract_london,Europe Senior Financial Accountant - Fixed Term Contract,thoughtworks,London,arbeitnow,other_tech,senior,"not_eu,not_data_ai_field,not_fresher_ws_thesis,ambiguous_needs_review","{""job_id"": ""sem_thoughtworks_europe-senior-financial-accountant-fixed-term-contract_london"", ""title"": ""Europe Senior Financial Accountant - Fixed Term Contract"", ""url"": null, ""job_url"": ""https://www.arbeitnow.co.uk/jobs/companies/thoughtworks/europe-senior-financial-accountant-fixed-term-contract-london-210960"", ""audience_reject_reasons"": [""not_eu"", ""not_data_ai_field"", ""not_fresher_ws_thesis"", ""ambiguous_needs_review""]}"
2026-09-30T20:49:29.019317+00:00,sem_thoughtworks_senior-financial-accountant-fixed-term-contract_manchester,Senior Financial Accountant - Fixed Term Contract,thoughtworks,Manchester,arbeitnow,other_tech,senior,"not_eu,not_data_ai_field,not_fresher_ws_thesis,ambiguous_needs_review","{""job_id"": ""sem_thoughtworks_senior-financial-accountant-fixed-term-contract_manchester"", ""title"": ""Senior Financial Accountant - Fixed Term Contract"", ""url"": null, ""job_url"": ""https://www.arbeitnow.co.uk/jobs/companies/thoughtworks/senior-financial-accountant-fixed-term-contract-manchester-230407"", ""audience_reject_reasons"": [""not_eu"", ""not_data_ai_field"", ""not_fresher_ws_thesis"", ""ambiguous_needs_review""]}"
2026-09-30T20:49:29.019317+00:00,sem_thoughtworks_senior-financial-accountant-fixed-term-contract_newcastle,Senior Financial Accountant - Fixed Term Contract,thoughtworks,Newcastle,arbeitnow,other_tech,senior,"not_eu,not_data_ai_field,not_fresher_ws_thesis,ambiguous_needs_review","{""job_id"": ""sem_thoughtworks_senior-financial-accountant-fixed-term-contract_newcastle"", ""title"": ""Senior Financial Accountant - Fixed Term Contract"", ""url"": null, ""job_url"": ""https://www.arbeitnow.co.uk/jobs/companies/thoughtworks/senior-financial-accountant-fixed-term-contract-newcastle-407099"", ""audience_reject_reasons"": [""not_eu"", ""not_data_ai_field"", ""not_fresher_ws_thesis"", ""ambiguous_needs_review""]}"
2026-09-30T20:49:29.019317+00:00,sem_uplane_ai-native-landing-page-designer_remote,AI-Native Landing Page Designer,Uplane,remote,arbeitnow,other_tech,mid,"not_eu,not_data_ai_field,not_fresher_ws_thesis,ambiguous_needs_review","{""job_id"": ""sem_uplane_ai-native-landing-page-designer_remote"", ""title"": ""AI-Native Landing Page Designer"", ""url"": null, ""job_url"": ""https://www.arbeitnow.ch/jobs/companies/uplane/remote-ai-native-landing-page-designer-99931"", ""audience_reject_reasons"": [""not_eu"", ""not_data_ai_field"", ""not_fresher_ws_thesis"", ""ambiguous_needs_review""]}"
2026-09-30T20:49:29.019317+00:00,sem_uplane_ai-native-static-ad-designer_remote,AI-Native Static Ad Designer,Uplane,remote,arbeitnow,other_tech,mid,"not_eu,not_data_ai_field,not_fresher_ws_thesis,ambiguous_needs_review","{""job_id"": ""sem_uplane_ai-native-static-ad-designer_remote"", ""title"": ""AI-Native Static Ad Designer"", ""url"": null, ""job_url"": ""https://www.arbeitnow.ch/jobs/companies/uplane/remote-ai-native-static-ad-designer-209081"", ""audience_reject_reasons"": [""not_eu"", ""not_data_ai_field"", ""not_fresher_ws_thesis"", ""ambiguous_needs_review""]}"
2026-09-30T20:49:29.019317+00:00,sem_uplane_ai-native-video-producer_remote,AI-Native Video Producer,Uplane,remote,arbeitnow,other_tech,mid,"not_eu,not_data_ai_field,not_fresher_ws_thesis,ambiguous_needs_review","{""job_id"": ""sem_uplane_ai-native-video-producer_remote"", ""title"": ""AI-Native Video Producer"", ""url"": null, ""job_url"": ""https://www.arbeitnow.co.uk/jobs/companies/uplane/remote-ai-native-video-producer-290937"", ""audience_reject_reasons"": [""not_eu"", ""not_data_ai_field"", ""not_fresher_ws_thesis"", ""ambiguous_needs_review""]}"
2026-09-30T20:49:29.019317+00:00,sem_vanguard-services-malta-limited_social-media-manager-gozo_mt-mt001,SOCIAL MEDIA MANAGER (GOZO),VANGUARD SERVICES MALTA LIMITED,MT (MT001),eures,other_tech,mid,"not_data_ai_field,not_fresher_ws_thesis,ambiguous_needs_review","{""job_id"": ""sem_vanguard-services-malta-limited_social-media-manager-gozo_mt-mt001"", ""title"": ""SOCIAL MEDIA MANAGER (GOZO)"", ""url"": null, ""job_url"": ""https://europa.eu/eures/portal/jv-se/jv-details/NDU1MzcxIDEwMQ?jvDisplayLanguage=en&lang=en"", ""audience_reject_reasons"": [""not_data_ai_field"", ""not_fresher_ws_thesis"", ""ambiguous_needs_review""]}"
2026-09-30T20:49:29.019317+00:00,sem_vanta_director-of-enterprise-sales-emea_london-uk,"Director of Enterprise Sales, EMEA",Vanta,"London, UK",arbeitnow,cybersecurity,mid,"not_eu,not_data_ai_field,not_fresher_ws_thesis,ambiguous_needs_review","{""job_id"": ""sem_vanta_director-of-enterprise-sales-emea_london-uk"", ""title"": ""Director of Enterprise Sales, EMEA"", ""url"": null, ""job_url"": ""https://www.arbeitnow.co.uk/jobs/companies/vanta/director-of-enterprise-sales-emea-london-24829"", ""audience_reject_reasons"": [""not_eu"", ""not_data_ai_field"", ""not_fresher_ws_thesis"", ""ambiguous_needs_review""]}"
2026-09-30T20:49:29.019317+00:00,sem_versatech-engineering_junior-project-manager_mt-mt001,JUNIOR PROJECT MANAGER,VERSATECH ENGINEERING LTD,MT (MT001),eures,other_tech,junior,"not_data_ai_field,ambiguous_needs_review","{""job_id"": ""sem_versatech-engineering_junior-project-manager_mt-mt001"", ""title"": ""JUNIOR PROJECT MANAGER"", ""url"": null, ""job_url"": ""https://europa.eu/eures/portal/jv-se/jv-details/NDU1Nzk1IDEwMQ?jvDisplayLanguage=en&lang=en"", ""audience_reject_reasons"": [""not_data_ai_field"", ""ambiguous_needs_review""]}"
2026-09-30T20:49:29.019317+00:00,sem_vision-rt_post-market-surveillance-complaints-specialist_north-london-or-basingstoke,Post-Market Surveillance (Complaints) Specialist,Vision RT Ltd.,North London or  Basingstoke,arbeitnow,other_tech,mid,"not_eu,not_data_ai_field,not_fresher_ws_thesis,ambiguous_needs_review","{""job_id"": ""sem_vision-rt_post-market-surveillance-complaints-specialist_north-london-or-basingstoke"", ""title"": ""Post-Market Surveillance (Complaints) Specialist"", ""url"": null, ""job_url"": ""https://www.arbeitnow.co.uk/jobs/companies/vision-rt-ltd/post-market-surveillance-complaints-specialist-north-london-or-basingstoke-107101"", ""audience_reject_reasons"": [""not_eu"", ""not_data_ai_field"", ""not_fresher_ws_thesis"", ""ambiguous_needs_review""]}"
2026-09-30T20:49:29.019317+00:00,sem_vivaldis_quality-co-rdinator-beheer-proces-en-kwaliteitsbeleid-min-ma_be-be213,"Quality Coördinator, beheer proces en kwaliteitsbeleid min. MA",VIVALDIS,BE (BE213),eures,business_intelligence,mid,"not_fresher_ws_thesis,ambiguous_needs_review","{""job_id"": ""sem_vivaldis_quality-co-rdinator-beheer-proces-en-kwaliteitsbeleid-min-ma_be-be213"", ""title"": ""Quality Co\u00f6rdinator, beheer proces en kwaliteitsbeleid min. MA"", ""url"": null, ""job_url"": ""https://europa.eu/eures/portal/jv-se/jv-details/NzcyMzI5NGItYzFkOS00YzQxLThhYTktZWIyMmZjMjg3YWJiIDM?jvDisplayLanguage=nl&lang=nl"", ""audience_reject_reasons"": [""not_fresher_ws_thesis"", ""ambiguous_needs_review""]}"
2026-09-30T20:49:29.019317+00:00,sem_vo2-group_vo2-finance-d-veloppeur-c-confirm-trading-lectronique-front-office-cib_paris-france,[VO2 Finance] - Développeur C# Confirmé – Trading Électronique / Front-Office CIB,VO2 Group,"Paris, France",arbeitnow,other_tech,mid,"not_data_ai_field,not_fresher_ws_thesis,ambiguous_needs_review","{""job_id"": ""sem_vo2-group_vo2-finance-d-veloppeur-c-confirm-trading-lectronique-front-office-cib_paris-france"", ""title"": ""[VO2 Finance] - D\u00e9veloppeur C# Confirm\u00e9 \u2013 Trading \u00c9lectronique / Front-Office CIB"", ""url"": null, ""job_url"": ""https://www.arbeitnow.fr/jobs/companies/vo2-group/vo2-finance-developpeur-c-confirme-trading-electronique-front-office-cib-paris-france-430395"", ""audience_reject_reasons"": [""not_data_ai_field"", ""not_fresher_ws_thesis"", ""ambiguous_needs_review""]}"
2026-09-30T20:49:29.019317+00:00,sem_vo2-group_vo2-finance-d-veloppeur-c-junior-trading-lectronique-front-office-cib_paris-france,[VO2 Finance] - Développeur C# Junior – Trading Électronique / Front-Office CIB,VO2 Group,"Paris, France",arbeitnow,other_tech,junior,"not_data_ai_field,ambiguous_needs_review","{""job_id"": ""sem_vo2-group_vo2-finance-d-veloppeur-c-junior-trading-lectronique-front-office-cib_paris-france"", ""title"": ""[VO2 Finance] - D\u00e9veloppeur C# Junior \u2013 Trading \u00c9lectronique / Front-Office CIB"", ""url"": null, ""job_url"": ""https://www.arbeitnow.fr/jobs/companies/vo2-group/vo2-finance-developpeur-c-junior-trading-electronique-front-office-cib-paris-france-381923"", ""audience_reject_reasons"": [""not_data_ai_field"", ""ambiguous_needs_review""]}"
2026-09-30T20:49:29.019317+00:00,sem_voodoo_freelance-3d-artist-puzzle-studio_paris,Freelance 3D Artist - Puzzle Studio,Voodoo,Paris,arbeitnow,other_tech,mid,"not_data_ai_field,not_fresher_ws_thesis,ambiguous_needs_review","{""job_id"": ""sem_voodoo_freelance-3d-artist-puzzle-studio_paris"", ""title"": ""Freelance 3D Artist - Puzzle Studio"", ""url"": null, ""job_url"": ""https://www.arbeitnow.fr/jobs/companies/voodoo/freelance-3d-artist-puzzle-studio-paris-279337"", ""audience_reject_reasons"": [""not_data_ai_field"", ""not_fresher_ws_thesis"", ""ambiguous_needs_review""]}"
2026-09-30T20:49:29.019317+00:00,sem_voodoo_game-artist-sand-loop_paris,Game Artist - Sand Loop,Voodoo,Paris,arbeitnow,other_tech,mid,"not_data_ai_field,not_fresher_ws_thesis,ambiguous_needs_review","{""job_id"": ""sem_voodoo_game-artist-sand-loop_paris"", ""title"": ""Game Artist - Sand Loop"", ""url"": null, ""job_url"": ""https://www.arbeitnow.fr/jobs/companies/voodoo/game-artist-sand-loop-paris-477719"", ""audience_reject_reasons"": [""not_data_ai_field"", ""not_fresher_ws_thesis"", ""ambiguous_needs_review""]}"
2026-09-30T20:49:29.019317+00:00,sem_voodoo_growth-strategy-ad-monetization-manager_paris,Growth Strategy & Ad Monetization Manager,Voodoo,Paris,arbeitnow,other_tech,mid,"not_data_ai_field,not_fresher_ws_thesis,ambiguous_needs_review","{""job_id"": ""sem_voodoo_growth-strategy-ad-monetization-manager_paris"", ""title"": ""Growth Strategy & Ad Monetization Manager"", ""url"": null, ""job_url"": ""https://www.arbeitnow.fr/jobs/companies/voodoo/growth-strategy-ad-monetization-manager-paris-171308"", ""audience_reject_reasons"": [""not_data_ai_field"", ""not_fresher_ws_thesis"", ""ambiguous_needs_review""]}"
2026-09-30T20:49:29.019317+00:00,sem_voodoo_marketing-video-artist-growth_paris,Marketing Video Artist - Growth,Voodoo,Paris,arbeitnow,other_tech,mid,"not_data_ai_field,not_fresher_ws_thesis,ambiguous_needs_review","{""job_id"": ""sem_voodoo_marketing-video-artist-growth_paris"", ""title"": ""Marketing Video Artist - Growth"", ""url"": null, ""job_url"": ""https://www.arbeitnow.fr/jobs/companies/voodoo/marketing-video-artist-growth-paris-39219"", ""audience_reject_reasons"": [""not_data_ai_field"", ""not_fresher_ws_thesis"", ""ambiguous_needs_review""]}"
2026-09-30T20:49:29.019317+00:00,sem_what_growth-marketing-consultant-manager-german-required_z-rich-z-rich-switzerland,Growth Marketing Consultant/Manager (German required),what. AG,"Zürich, Zürich, Switzerland",arbeitnow,other_tech,mid,"not_eu,not_data_ai_field,not_fresher_ws_thesis,ambiguous_needs_review","{""job_id"": ""sem_what_growth-marketing-consultant-manager-german-required_z-rich-z-rich-switzerland"", ""title"": ""Growth Marketing Consultant/Manager (German required)"", ""url"": null, ""job_url"": ""https://www.arbeitnow.ch/jobs/companies/what-ag/growth-marketing-consultant-manager-german-required-zurich-15607"", ""audience_reject_reasons"": [""not_eu"", ""not_data_ai_field"", ""not_fresher_ws_thesis"", ""ambiguous_needs_review""]}"
2026-09-30T20:49:29.019317+00:00,sem_wizinc_enterprise-account-executive_,Enterprise Account Executive,wizinc,,arbeitnow,cybersecurity,mid,"not_eu,not_data_ai_field,not_fresher_ws_thesis,ambiguous_needs_review","{""job_id"": ""sem_wizinc_enterprise-account-executive_"", ""title"": ""Enterprise Account Executive"", ""url"": null, ""job_url"": ""https://www.arbeitnow.co.uk/jobs/companies/wizinc/enterprise-account-executive-165785"", ""audience_reject_reasons"": [""not_eu"", ""not_data_ai_field"", ""not_fresher_ws_thesis"", ""ambiguous_needs_review""]}"
2026-09-30T20:49:29.019317+00:00,sem_wizinc_mid-enterprise-account-executive_,Mid-Enterprise Account Executive,wizinc,,arbeitnow,cybersecurity,mid,"not_eu,not_data_ai_field,not_fresher_ws_thesis,ambiguous_needs_review","{""job_id"": ""sem_wizinc_mid-enterprise-account-executive_"", ""title"": ""Mid-Enterprise Account Executive"", ""url"": null, ""job_url"": ""https://www.arbeitnow.co.uk/jobs/companies/wizinc/mid-enterprise-account-executive-115217"", ""audience_reject_reasons"": [""not_eu"", ""not_data_ai_field"", ""not_fresher_ws_thesis"", ""ambiguous_needs_review""]}"
2026-09-30T20:49:29.019317+00:00,sem_zara_visual-commercial_m-nster,Visual Commercial (m/w/d),Zara,Münster,arbeitnow,other_tech,mid,"not_data_ai_field,not_fresher_ws_thesis,ambiguous_needs_review","{""job_id"": ""sem_zara_visual-commercial_m-nster"", ""title"": ""Visual Commercial (m/w/d)"", ""url"": null, ""job_url"": ""https://www.arbeitnow.com/jobs/companies/zara/visual-commercial-munster-369375"", ""audience_reject_reasons"": [""not_data_ai_field"", ""not_fresher_ws_thesis"", ""ambiguous_needs_review""]}"
2026-09-30T20:49:29.019317+00:00,sem_zscaler_account-executive-majors-romandy_,"Account Executive, Majors - Romandy",zscaler,,arbeitnow,other_tech,mid,"not_eu,not_data_ai_field,not_fresher_ws_thesis,ambiguous_needs_review","{""job_id"": ""sem_zscaler_account-executive-majors-romandy_"", ""title"": ""Account Executive, Majors - Romandy"", ""url"": null, ""job_url"": ""https://www.arbeitnow.ch/jobs/companies/zscaler/account-executive-majors-romandy-314508"", ""audience_reject_reasons"": [""not_eu"", ""not_data_ai_field"", ""not_fresher_ws_thesis"", ""ambiguous_needs_review""]}"
2026-09-30T21:00:48.184176+00:00,sem_6pm_junior-art-director_berlin,Junior Art Director (m/w/d),6PM GmbH,Berlin,arbeitnow,other_tech,junior,"not_data_ai_field,ambiguous_needs_review","{""job_id"": ""sem_6pm_junior-art-director_berlin"", ""title"": ""Junior Art Director (m/w/d)"", ""url"": null, ""job_url"": ""https://www.arbeitnow.com/jobs/companies/6pm-gmbh/junior-art-director-berlin-133887"", ""audience_reject_reasons"": [""not_data_ai_field"", ""ambiguous_needs_review""]}"
2026-09-30T21:00:48.184176+00:00,sem_6pm_producer-content-brand-experience_berlin,Producer Content & Brand Experience (m/w/d),6PM GmbH,Berlin,arbeitnow,other_tech,mid,"not_data_ai_field,not_fresher_ws_thesis,ambiguous_needs_review","{""job_id"": ""sem_6pm_producer-content-brand-experience_berlin"", ""title"": ""Producer Content & Brand Experience (m/w/d)"", ""url"": null, ""job_url"": ""https://www.arbeitnow.com/jobs/companies/6pm-gmbh/producer-content-brand-experience-berlin-19216"", ""audience_reject_reasons"": [""not_data_ai_field"", ""not_fresher_ws_thesis"", ""ambiguous_needs_review""]}"
2026-09-30T21:00:48.184176+00:00,sem_absolute-jobs-oostende_diagnosic-technician-testing_be-be255,Diagnosic technician testing,Absolute Jobs Oostende,BE (BE255),eures,other_tech,mid,"not_data_ai_field,not_fresher_ws_thesis,ambiguous_needs_review","{""job_id"": ""sem_absolute-jobs-oostende_diagnosic-technician-testing_be-be255"", ""title"": ""Diagnosic technician testing"", ""url"": null, ""job_url"": ""https://europa.eu/eures/portal/jv-se/jv-details/M2JlNThiNTItNzkxNS00NmM0LTg0YzUtOTNhZGNiZjI1N2ExIDM?jvDisplayLanguage=nl&lang=nl"", ""audience_reject_reasons"": [""not_data_ai_field"", ""not_fresher_ws_thesis"", ""ambiguous_needs_review""]}"
2026-09-30T21:00:48.184176+00:00,sem_absolute-jobs-oostende_electrical-maintenance-technician_be-be255,Electrical maintenance technician,Absolute Jobs Oostende,BE (BE255),eures,other_tech,mid,"not_data_ai_field,not_fresher_ws_thesis,ambiguous_needs_review","{""job_id"": ""sem_absolute-jobs-oostende_electrical-maintenance-technician_be-be255"", ""title"": ""Electrical maintenance technician"", ""url"": null, ""job_url"": ""https://europa.eu/eures/portal/jv-se/jv-details/MzNlNWUxNzUtMjJhNy00MGIyLWI3ZGItYTJlMGYwNDJkYjA5IDM?jvDisplayLanguage=nl&lang=nl"", ""audience_reject_reasons"": [""not_data_ai_field"", ""not_fresher_ws_thesis"", ""ambiguous_needs_review""]}"
2026-09-30T21:00:48.184176+00:00,sem_acadia-job-listings_associate-director-manufacturing-drug-substance_zug,"Associate Director, Manufacturing (Drug Substance)",Acadia Job Listings,Zug,arbeitnow,qa_testing,mid,"not_eu,not_data_ai_field,not_fresher_ws_thesis,ambiguous_needs_review","{""job_id"": ""sem_acadia-job-listings_associate-director-manufacturing-drug-substance_zug"", ""title"": ""Associate Director, Manufacturing (Drug Substance)"", ""url"": null, ""job_url"": ""https://www.arbeitnow.ch/jobs/companies/acadia-job-listings/associate-director-manufacturing-drug-substance-zug-265251"", ""audience_reject_reasons"": [""not_eu"", ""not_data_ai_field"", ""not_fresher_ws_thesis"", ""ambiguous_needs_review""]}"
2026-09-30T21:00:48.184176+00:00,sem_acadia-job-listings_associate-director-regulatory-affairs-europe_zug,Associate Director Regulatory Affairs Europe,Acadia Job Listings,Zug,arbeitnow,other_tech,mid,"not_eu,not_data_ai_field,not_fresher_ws_thesis,ambiguous_needs_review","{""job_id"": ""sem_acadia-job-listings_associate-director-regulatory-affairs-europe_zug"", ""title"": ""Associate Director Regulatory Affairs Europe"", ""url"": null, ""job_url"": ""https://www.arbeitnow.ch/jobs/companies/acadia-job-listings/associate-director-regulatory-affairs-europe-zug-176813"", ""audience_reject_reasons"": [""not_eu"", ""not_data_ai_field"", ""not_fresher_ws_thesis"", ""ambiguous_needs_review""]}"
2026-09-30T21:00:48.184176+00:00,sem_actief-construct-torhout_elektricien-hvac-klimaatinstallaties_be-be234,Elektricien HVAC Klimaatinstallaties,Actief Construct Torhout,BE (BE234),eures,other_tech,mid,"not_data_ai_field,not_fresher_ws_thesis,ambiguous_needs_review","{""job_id"": ""sem_actief-construct-torhout_elektricien-hvac-klimaatinstallaties_be-be234"", ""title"": ""Elektricien HVAC Klimaatinstallaties"", ""url"": null, ""job_url"": ""https://europa.eu/eures/portal/jv-se/jv-details/YjM0NmJlMjUtMjEzMC00NjM2LWEyYTItM2FiMTFlNjRlYmViIDM?jvDisplayLanguage=nl&lang=nl"", ""audience_reject_reasons"": [""not_data_ai_field"", ""not_fresher_ws_thesis"", ""ambiguous_needs_review""]}"
2026-09-30T21:00:48.184176+00:00,sem_actief-interim-izegem_technisch-commercieel-medewerker-binnendienst_be-be256,Technisch (Commercieel) Medewerker Binnendienst,Actief Interim Izegem,BE (BE256),eures,non_tech,mid,"not_data_ai_field,not_fresher_ws_thesis,ambiguous_needs_review","{""job_id"": ""sem_actief-interim-izegem_technisch-commercieel-medewerker-binnendienst_be-be256"", ""title"": ""Technisch (Commercieel) Medewerker Binnendienst"", ""url"": null, ""job_url"": ""https://europa.eu/eures/portal/jv-se/jv-details/YzVhNTVkMWEtOTBjYy00OWI3LTkxODAtNTFhNmE3MDRhNWI2IDM?jvDisplayLanguage=nl&lang=nl"", ""audience_reject_reasons"": [""not_data_ai_field"", ""not_fresher_ws_thesis"", ""ambiguous_needs_review""]}"
2026-09-30T21:00:48.184176+00:00,sem_actief-interim-oostkamp_helpdeskmedewerker-firstline-franse-kennis-vereist_be-be251,Helpdeskmedewerker firstline - Franse kennis vereist,Actief Interim Oostkamp,BE (BE251),eures,other_tech,mid,"not_data_ai_field,not_fresher_ws_thesis,ambiguous_needs_review","{""job_id"": ""sem_actief-interim-oostkamp_helpdeskmedewerker-firstline-franse-kennis-vereist_be-be251"", ""title"": ""Helpdeskmedewerker firstline - Franse kennis vereist"", ""url"": null, ""job_url"": ""https://europa.eu/eures/portal/jv-se/jv-details/ZTY3ZDBlZDItMWZkOC00MzQ0LWE2YmMtOGM2NmQ1MmJiODZiIDM?jvDisplayLanguage=nl&lang=nl"", ""audience_reject_reasons"": [""not_data_ai_field"", ""not_fresher_ws_thesis"", ""ambiguous_needs_review""]}"
2026-09-30T21:00:48.184176+00:00,sem_actief-interim-turnhout_cnc-operator-metaalindustrie_be-be213,CNC operator metaalindustrie,Actief Interim Turnhout,BE (BE213),eures,other_tech,mid,"not_data_ai_field,not_fresher_ws_thesis,ambiguous_needs_review","{""job_id"": ""sem_actief-interim-turnhout_cnc-operator-metaalindustrie_be-be213"", ""title"": ""CNC operator metaalindustrie"", ""url"": null, ""job_url"": ""https://europa.eu/eures/portal/jv-se/jv-details/OGNiYzRmM2UtZTE0MS00NTdkLTk2MmEtYTJjZmRiMDEyNmYyIDM?jvDisplayLanguage=nl&lang=nl"", ""audience_reject_reasons"": [""not_data_ai_field"", ""not_fresher_ws_thesis"", ""ambiguous_needs_review""]}"
2026-09-30T21:00:48.184176+00:00,sem_aloyoga_stock-manager-seasonal-fixed-term-saint-tropez_,Stock Manager (Seasonal Fixed-Term) - Saint-Tropez,Aloyoga,,arbeitnow,other_tech,mid,"not_eu,not_data_ai_field,not_fresher_ws_thesis,ambiguous_needs_review","{""job_id"": ""sem_aloyoga_stock-manager-seasonal-fixed-term-saint-tropez_"", ""title"": ""Stock Manager (Seasonal Fixed-Term) - Saint-Tropez"", ""url"": null, ""job_url"": ""https://www.arbeitnow.fr/jobs/companies/aloyoga/stock-manager-seasonal-fixed-term-saint-tropez-490550"", ""audience_reject_reasons"": [""not_eu"", ""not_data_ai_field"", ""not_fresher_ws_thesis"", ""ambiguous_needs_review""]}"
2026-09-30T21:00:48.184176+00:00,sem_aloyoga_visual-manager-seasonal-fixed-term-saint-tropez_,Visual Manager (Seasonal Fixed-Term) - Saint-Tropez,Aloyoga,,arbeitnow,other_tech,mid,"not_eu,not_data_ai_field,not_fresher_ws_thesis,ambiguous_needs_review","{""job_id"": ""sem_aloyoga_visual-manager-seasonal-fixed-term-saint-tropez_"", ""title"": ""Visual Manager (Seasonal Fixed-Term) - Saint-Tropez"", ""url"": null, ""job_url"": ""https://www.arbeitnow.fr/jobs/companies/aloyoga/visual-manager-seasonal-fixed-term-saint-tropez-339032"", ""audience_reject_reasons"": [""not_eu"", ""not_data_ai_field"", ""not_fresher_ws_thesis"", ""ambiguous_needs_review""]}"
2026-09-30T21:00:48.184176+00:00,sem_artes-group_lasser_be-be234,Lasser,ARTES GROUP,BE (BE234),eures,other_tech,mid,"not_data_ai_field,not_fresher_ws_thesis,ambiguous_needs_review","{""job_id"": ""sem_artes-group_lasser_be-be234"", ""title"": ""Lasser"", ""url"": null, ""job_url"": ""https://europa.eu/eures/portal/jv-se/jv-details/ZDc0NjJlMGUtYmUxZS00MzZjLTg0ZjktMTBkNzc1YWY3ZjRhIDM?jvDisplayLanguage=nl&lang=nl"", ""audience_reject_reasons"": [""not_data_ai_field"", ""not_fresher_ws_thesis"", ""ambiguous_needs_review""]}"
2026-09-30T21:00:48.184176+00:00,sem_awin_head-of-product-ai-enablement_berlin-berlin,"Head of Product, AI Enablement (f/m/d)",Awin,"Berlin, Berlin",arbeitnow,embedded_systems,senior,"not_data_ai_field,not_fresher_ws_thesis,ambiguous_needs_review","{""job_id"": ""sem_awin_head-of-product-ai-enablement_berlin-berlin"", ""title"": ""Head of Product, AI Enablement (f/m/d)"", ""url"": null, ""job_url"": ""https://www.arbeitnow.com/jobs/companies/awin/head-of-product-ai-enablement-berlin-berlin-254713"", ""audience_reject_reasons"": [""not_data_ai_field"", ""not_fresher_ws_thesis"", ""ambiguous_needs_review""]}"
2026-09-30T21:00:48.184176+00:00,sem_bleckmann-belgi-wh-desteldonk_orderpicker_be-be234,Orderpicker,Bleckmann België (WH Desteldonk),BE (BE234),eures,other_tech,mid,"not_data_ai_field,not_fresher_ws_thesis,ambiguous_needs_review","{""job_id"": ""sem_bleckmann-belgi-wh-desteldonk_orderpicker_be-be234"", ""title"": ""Orderpicker"", ""url"": null, ""job_url"": ""https://europa.eu/eures/portal/jv-se/jv-details/ZjcwYjM3ZGYtY2RiOS00MDZlLWJhNTAtMjhiNzkwMWEyYmZjIDM?jvDisplayLanguage=nl&lang=nl"", ""audience_reject_reasons"": [""not_data_ai_field"", ""not_fresher_ws_thesis"", ""ambiguous_needs_review""]}"
2026-09-30T21:00:48.184176+00:00,sem_build-software_account-executive-erp_be-be224,Account Executive ERP,Build-Software,BE (BE224),eures,other_tech,mid,"not_data_ai_field,not_fresher_ws_thesis,ambiguous_needs_review","{""job_id"": ""sem_build-software_account-executive-erp_be-be224"", ""title"": ""Account Executive ERP"", ""url"": null, ""job_url"": ""https://europa.eu/eures/portal/jv-se/jv-details/MTBmZjFlMzYtOTIzMy00NzA5LWI3ZTQtMDkwMDE3MjliZTQ4IDM?jvDisplayLanguage=nl&lang=nl"", ""audience_reject_reasons"": [""not_data_ai_field"", ""not_fresher_ws_thesis"", ""ambiguous_needs_review""]}"
2026-09-30T21:00:48.184176+00:00,sem_bunq_deputy-head-of-legal_amsterdam-noord-holland-netherlands,Deputy Head of Legal,Bunq,"Amsterdam, Noord-Holland, Netherlands",direct,other_tech,senior,"not_data_ai_field,not_fresher_ws_thesis,ambiguous_needs_review","{""job_id"": ""sem_bunq_deputy-head-of-legal_amsterdam-noord-holland-netherlands"", ""title"": ""Deputy Head of Legal"", ""url"": null, ""job_url"": ""https://careers.bunq.com/o/deputy-head-of-legal"", ""audience_reject_reasons"": [""not_data_ai_field"", ""not_fresher_ws_thesis"", ""ambiguous_needs_review""]}"
2026-09-30T21:00:48.184176+00:00,sem_bunq_head-of-people_amsterdam-noord-holland-netherlands,Head of People,Bunq,"Amsterdam, Noord-Holland, Netherlands",direct,other_tech,senior,"not_data_ai_field,not_fresher_ws_thesis,ambiguous_needs_review","{""job_id"": ""sem_bunq_head-of-people_amsterdam-noord-holland-netherlands"", ""title"": ""Head of People"", ""url"": null, ""job_url"": ""https://careers.bunq.com/o/head-of-people-6"", ""audience_reject_reasons"": [""not_data_ai_field"", ""not_fresher_ws_thesis"", ""ambiguous_needs_review""]}"
2026-09-30T21:00:48.184176+00:00,sem_bwh-hotel-group-france_consultant-e-commercial-d-veloppement-r-seau-h-telier-cdi-h-f_fr-fr105,CONSULTANT.E COMMERCIAL  DÉVELOPPEMENT RÉSEAU HÔTELIER - CDI - H/F,BWH HOTEL GROUP FRANCE,FR (FR105),eures,other_tech,mid,"not_data_ai_field,not_fresher_ws_thesis,ambiguous_needs_review","{""job_id"": ""sem_bwh-hotel-group-france_consultant-e-commercial-d-veloppement-r-seau-h-telier-cdi-h-f_fr-fr105"", ""title"": ""CONSULTANT.E COMMERCIAL  D\u00c9VELOPPEMENT R\u00c9SEAU H\u00d4TELIER - CDI - H/F"", ""url"": null, ""job_url"": ""https://europa.eu/eures/portal/jv-se/jv-details/NjUzMjQ1NCA5?jvDisplayLanguage=fr&lang=fr"", ""audience_reject_reasons"": [""not_data_ai_field"", ""not_fresher_ws_thesis"", ""ambiguous_needs_review""]}"
2026-09-30T21:00:48.184176+00:00,sem_camion-transport-wil-ct_impiegato-in-logistica_ch-ch070,impiegato in logistica,Camion-Transport AG Wil CT,CH (CH070),eures,non_tech,mid,"not_eu,not_data_ai_field,not_fresher_ws_thesis,ambiguous_needs_review","{""job_id"": ""sem_camion-transport-wil-ct_impiegato-in-logistica_ch-ch070"", ""title"": ""impiegato in logistica"", ""url"": null, ""job_url"": ""https://europa.eu/eures/portal/jv-se/jv-details/NTg3NThlODgtNjg5ZS00NjY2LWJjY2UtZDhiZDJkNmJkNjA2IDYx?jvDisplayLanguage=en&lang=en"", ""audience_reject_reasons"": [""not_eu"", ""not_data_ai_field"", ""not_fresher_ws_thesis"", ""ambiguous_needs_review""]}"
2026-09-30T21:00:48.184176+00:00,sem_campus-schoonmeersen_lector-hvac-en-elektromechanische-systemen-onderwijsontwikkeling-databeheer-en-stagebegeleiding_be-be234,"Lector HVAC en elektromechanische systemen – onderwijsontwikkeling, databeheer en stagebegeleiding",Campus Schoonmeersen,BE (BE234),eures,other_tech,mid,"not_data_ai_field,not_fresher_ws_thesis,ambiguous_needs_review","{""job_id"": ""sem_campus-schoonmeersen_lector-hvac-en-elektromechanische-systemen-onderwijsontwikkeling-databeheer-en-stagebegeleiding_be-be234"", ""title"": ""Lector HVAC en elektromechanische systemen \u2013 onderwijsontwikkeling, databeheer en stagebegeleiding"", ""url"": null, ""job_url"": ""https://europa.eu/eures/portal/jv-se/jv-details/Nzc2NjAxZWItMzgxNy00NDEyLTkyZjYtNGYyYWI5MTc3Njg1IDM?jvDisplayLanguage=nl&lang=nl"", ""audience_reject_reasons"": [""not_data_ai_field"", ""not_fresher_ws_thesis"", ""ambiguous_needs_review""]}"
2026-09-30T21:00:48.184176+00:00,sem_celonis_associate-account-executive-top-talent-sales-program-lunar_munich-germany,Associate Account Executive (Top Talent Sales Program - Lunar),Celonis,"Munich, Germany",direct,other_tech,mid,"not_data_ai_field,not_fresher_ws_thesis,ambiguous_needs_review","{""job_id"": ""sem_celonis_associate-account-executive-top-talent-sales-program-lunar_munich-germany"", ""title"": ""Associate Account Executive (Top Talent Sales Program - Lunar)"", ""url"": null, ""job_url"": ""https://job-boards.greenhouse.io/celonis/jobs/7816965003?gh_jid=7816965003"", ""audience_reject_reasons"": [""not_data_ai_field"", ""not_fresher_ws_thesis"", ""ambiguous_needs_review""]}"
2026-09-30T21:00:48.184176+00:00,sem_celonis_client-value-partner-defence-government-sc-cleared_london-united-kingdom,Client Value Partner - Defence & Government - SC Cleared,Celonis,"London, United Kingdom",direct,other_tech,mid,"not_eu,not_data_ai_field,not_fresher_ws_thesis,ambiguous_needs_review","{""job_id"": ""sem_celonis_client-value-partner-defence-government-sc-cleared_london-united-kingdom"", ""title"": ""Client Value Partner - Defence & Government - SC Cleared"", ""url"": null, ""job_url"": ""https://job-boards.greenhouse.io/celonis/jobs/7817394003?gh_jid=7817394003"", ""audience_reject_reasons"": [""not_eu"", ""not_data_ai_field"", ""not_fresher_ws_thesis"", ""ambiguous_needs_review""]}"
2026-09-30T21:00:48.184176+00:00,sem_celonis_client-value-partner-insurance-service-industries_munich-germany,Client Value Partner - (Insurance / Service Industries),Celonis,"Munich, Germany",direct,other_tech,mid,"not_data_ai_field,not_fresher_ws_thesis,ambiguous_needs_review","{""job_id"": ""sem_celonis_client-value-partner-insurance-service-industries_munich-germany"", ""title"": ""Client Value Partner - (Insurance / Service Industries)"", ""url"": null, ""job_url"": ""https://job-boards.greenhouse.io/celonis/jobs/7775171003?gh_jid=7775171003"", ""audience_reject_reasons"": [""not_data_ai_field"", ""not_fresher_ws_thesis"", ""ambiguous_needs_review""]}"
2026-09-30T21:00:48.184176+00:00,sem_celonis_client-value-partner-mining_london-united-kingdom,Client Value Partner - Mining,Celonis,"London, United Kingdom",direct,other_tech,mid,"not_eu,not_data_ai_field,not_fresher_ws_thesis,ambiguous_needs_review","{""job_id"": ""sem_celonis_client-value-partner-mining_london-united-kingdom"", ""title"": ""Client Value Partner - Mining"", ""url"": null, ""job_url"": ""https://job-boards.greenhouse.io/celonis/jobs/7712957003?gh_jid=7712957003"", ""audience_reject_reasons"": [""not_eu"", ""not_data_ai_field"", ""not_fresher_ws_thesis"", ""ambiguous_needs_review""]}"
2026-09-30T21:00:48.184176+00:00,sem_celonis_client-value-partner-pharmaceuticals_london-united-kingdom,Client Value Partner - Pharmaceuticals,Celonis,"London, United Kingdom",direct,other_tech,mid,"not_eu,not_data_ai_field,not_fresher_ws_thesis,ambiguous_needs_review","{""job_id"": ""sem_celonis_client-value-partner-pharmaceuticals_london-united-kingdom"", ""title"": ""Client Value Partner - Pharmaceuticals"", ""url"": null, ""job_url"": ""https://job-boards.greenhouse.io/celonis/jobs/7725740003?gh_jid=7725740003"", ""audience_reject_reasons"": [""not_eu"", ""not_data_ai_field"", ""not_fresher_ws_thesis"", ""ambiguous_needs_review""]}"
2026-09-30T21:00:48.184176+00:00,sem_celonis_client-value-partner-public-sector-security-cleared_london-united-kingdom,Client Value Partner - Public Sector - Security Cleared,Celonis,"London, United Kingdom",direct,other_tech,mid,"not_eu,not_data_ai_field,not_fresher_ws_thesis,ambiguous_needs_review","{""job_id"": ""sem_celonis_client-value-partner-public-sector-security-cleared_london-united-kingdom"", ""title"": ""Client Value Partner - Public Sector - Security Cleared"", ""url"": null, ""job_url"": ""https://job-boards.greenhouse.io/celonis/jobs/7817395003?gh_jid=7817395003"", ""audience_reject_reasons"": [""not_eu"", ""not_data_ai_field"", ""not_fresher_ws_thesis"", ""ambiguous_needs_review""]}"
2026-09-30T21:00:48.184176+00:00,sem_celonis_client-value-partner-public-sector_london-united-kingdom,Client Value Partner - Public Sector,Celonis,"London, United Kingdom",direct,other_tech,mid,"not_eu,not_data_ai_field,not_fresher_ws_thesis,ambiguous_needs_review","{""job_id"": ""sem_celonis_client-value-partner-public-sector_london-united-kingdom"", ""title"": ""Client Value Partner - Public Sector"", ""url"": null, ""job_url"": ""https://job-boards.greenhouse.io/celonis/jobs/7725748003?gh_jid=7725748003"", ""audience_reject_reasons"": [""not_eu"", ""not_data_ai_field"", ""not_fresher_ws_thesis"", ""ambiguous_needs_review""]}"
2026-09-30T21:00:48.184176+00:00,sem_celonis_client-value-partner_stockholm-sweden,Client Value Partner,Celonis,"Stockholm, Sweden",direct,other_tech,mid,"not_data_ai_field,not_fresher_ws_thesis,ambiguous_needs_review","{""job_id"": ""sem_celonis_client-value-partner_stockholm-sweden"", ""title"": ""Client Value Partner"", ""url"": null, ""job_url"": ""https://job-boards.greenhouse.io/celonis/jobs/7817240003?gh_jid=7817240003"", ""audience_reject_reasons"": [""not_data_ai_field"", ""not_fresher_ws_thesis"", ""ambiguous_needs_review""]}"
2026-09-30T21:00:48.184176+00:00,sem_celonis_customer-advocacy-customer-marketing-graduated-internship-12-months_madrid-spain,Customer Advocacy & Customer Marketing Graduated Internship (12 months),Celonis,"Madrid, Spain",direct,other_tech,internship,"not_data_ai_field,ambiguous_needs_review","{""job_id"": ""sem_celonis_customer-advocacy-customer-marketing-graduated-internship-12-months_madrid-spain"", ""title"": ""Customer Advocacy & Customer Marketing Graduated Internship (12 months)"", ""url"": null, ""job_url"": ""https://job-boards.greenhouse.io/celonis/jobs/7998286003?gh_jid=7998286003"", ""audience_reject_reasons"": [""not_data_ai_field"", ""ambiguous_needs_review""]}"
2026-09-30T21:00:48.184176+00:00,sem_celonis_global-sales-excellence-leader_london-united-kingdom,Global Sales Excellence Leader,Celonis,"London, United Kingdom",direct,other_tech,mid,"not_eu,not_data_ai_field,not_fresher_ws_thesis,ambiguous_needs_review","{""job_id"": ""sem_celonis_global-sales-excellence-leader_london-united-kingdom"", ""title"": ""Global Sales Excellence Leader"", ""url"": null, ""job_url"": ""https://job-boards.greenhouse.io/celonis/jobs/7854283003?gh_jid=7854283003"", ""audience_reject_reasons"": [""not_eu"", ""not_data_ai_field"", ""not_fresher_ws_thesis"", ""ambiguous_needs_review""]}"
2026-09-30T21:00:48.184176+00:00,sem_celonis_gtm-program-manager_london-united-kingdom,GTM Program Manager,Celonis,"London, United Kingdom",direct,other_tech,mid,"not_eu,not_data_ai_field,not_fresher_ws_thesis,ambiguous_needs_review","{""job_id"": ""sem_celonis_gtm-program-manager_london-united-kingdom"", ""title"": ""GTM Program Manager"", ""url"": null, ""job_url"": ""https://job-boards.greenhouse.io/celonis/jobs/7827537003?gh_jid=7827537003"", ""audience_reject_reasons"": [""not_eu"", ""not_data_ai_field"", ""not_fresher_ws_thesis"", ""ambiguous_needs_review""]}"
2026-09-30T21:00:48.184176+00:00,sem_celonis_head-of-industry-retail-cpg_munich-germany,Head of Industry - Retail & CPG,Celonis,"Munich, Germany",direct,other_tech,senior,"not_data_ai_field,not_fresher_ws_thesis,ambiguous_needs_review","{""job_id"": ""sem_celonis_head-of-industry-retail-cpg_munich-germany"", ""title"": ""Head of Industry - Retail & CPG"", ""url"": null, ""job_url"": ""https://job-boards.greenhouse.io/celonis/jobs/6313858003?gh_jid=6313858003"", ""audience_reject_reasons"": [""not_data_ai_field"", ""not_fresher_ws_thesis"", ""ambiguous_needs_review""]}"
2026-09-30T21:00:48.184176+00:00,sem_celonis_head-of-value-engineering-nordics_copenhagen-denmark,Head of Value Engineering - Nordics,Celonis,"Copenhagen, Denmark",direct,other_tech,senior,"not_data_ai_field,not_fresher_ws_thesis,ambiguous_needs_review","{""job_id"": ""sem_celonis_head-of-value-engineering-nordics_copenhagen-denmark"", ""title"": ""Head of Value Engineering - Nordics"", ""url"": null, ""job_url"": ""https://job-boards.greenhouse.io/celonis/jobs/7683735003?gh_jid=7683735003"", ""audience_reject_reasons"": [""not_data_ai_field"", ""not_fresher_ws_thesis"", ""ambiguous_needs_review""]}"
2026-09-30T21:00:48.184176+00:00,sem_celonis_head-of-value-engineering-nordics_stockholm-sweden,Head of Value Engineering - Nordics,Celonis,"Stockholm, Sweden",direct,other_tech,senior,"not_data_ai_field,not_fresher_ws_thesis,ambiguous_needs_review","{""job_id"": ""sem_celonis_head-of-value-engineering-nordics_stockholm-sweden"", ""title"": ""Head of Value Engineering - Nordics"", ""url"": null, ""job_url"": ""https://job-boards.greenhouse.io/celonis/jobs/7683737003?gh_jid=7683737003"", ""audience_reject_reasons"": [""not_data_ai_field"", ""not_fresher_ws_thesis"", ""ambiguous_needs_review""]}"
2026-09-30T21:00:48.184176+00:00,sem_celonis_intern-deal-operations-and-analysis_madrid-spain,Intern Deal Operations and Analysis,Celonis,"Madrid, Spain",direct,other_tech,internship,"not_data_ai_field,ambiguous_needs_review","{""job_id"": ""sem_celonis_intern-deal-operations-and-analysis_madrid-spain"", ""title"": ""Intern Deal Operations and Analysis"", ""url"": null, ""job_url"": ""https://job-boards.greenhouse.io/celonis/jobs/7996939003?gh_jid=7996939003"", ""audience_reject_reasons"": [""not_data_ai_field"", ""ambiguous_needs_review""]}"
2026-09-30T21:00:48.184176+00:00,sem_celonis_intern-external-communications_munich-germany,Intern External Communications,Celonis,"Munich, Germany",direct,other_tech,internship,"not_data_ai_field,ambiguous_needs_review","{""job_id"": ""sem_celonis_intern-external-communications_munich-germany"", ""title"": ""Intern External Communications"", ""url"": null, ""job_url"": ""https://job-boards.greenhouse.io/celonis/jobs/8005202003?gh_jid=8005202003"", ""audience_reject_reasons"": [""not_data_ai_field"", ""ambiguous_needs_review""]}"
2026-09-30T21:00:48.184176+00:00,sem_celonis_manager-pre-sales-and-solution-engineering-nordics_copenhagen-denmark,"Manager, Pre-Sales and Solution Engineering - Nordics",Celonis,"Copenhagen, Denmark",direct,other_tech,mid,"not_data_ai_field,not_fresher_ws_thesis,ambiguous_needs_review","{""job_id"": ""sem_celonis_manager-pre-sales-and-solution-engineering-nordics_copenhagen-denmark"", ""title"": ""Manager, Pre-Sales and Solution Engineering - Nordics"", ""url"": null, ""job_url"": ""https://job-boards.greenhouse.io/celonis/jobs/7683734003?gh_jid=7683734003"", ""audience_reject_reasons"": [""not_data_ai_field"", ""not_fresher_ws_thesis"", ""ambiguous_needs_review""]}"
2026-09-30T21:00:48.184176+00:00,sem_celonis_manager-pre-sales-and-solution-engineering-nordics_stockholm-sweden,"Manager, Pre-Sales and Solution Engineering - Nordics",Celonis,"Stockholm, Sweden",direct,other_tech,mid,"not_data_ai_field,not_fresher_ws_thesis,ambiguous_needs_review","{""job_id"": ""sem_celonis_manager-pre-sales-and-solution-engineering-nordics_stockholm-sweden"", ""title"": ""Manager, Pre-Sales and Solution Engineering - Nordics"", ""url"": null, ""job_url"": ""https://job-boards.greenhouse.io/celonis/jobs/7681577003?gh_jid=7681577003"", ""audience_reject_reasons"": [""not_data_ai_field"", ""not_fresher_ws_thesis"", ""ambiguous_needs_review""]}"
2026-09-30T21:00:48.184176+00:00,sem_celonis_sales-director-italy_milan-italy,Sales Director Italy,Celonis,"Milan, Italy",direct,other_tech,mid,"not_data_ai_field,not_fresher_ws_thesis,ambiguous_needs_review","{""job_id"": ""sem_celonis_sales-director-italy_milan-italy"", ""title"": ""Sales Director Italy"", ""url"": null, ""job_url"": ""https://job-boards.greenhouse.io/celonis/jobs/7986246003?gh_jid=7986246003"", ""audience_reject_reasons"": [""not_data_ai_field"", ""not_fresher_ws_thesis"", ""ambiguous_needs_review""]}"
2026-09-30T21:00:48.184176+00:00,sem_celonis_sales-director-nordics_stockholm-sweden,Sales Director Nordics,Celonis,"Stockholm, Sweden",direct,other_tech,mid,"not_data_ai_field,not_fresher_ws_thesis,ambiguous_needs_review","{""job_id"": ""sem_celonis_sales-director-nordics_stockholm-sweden"", ""title"": ""Sales Director Nordics"", ""url"": null, ""job_url"": ""https://job-boards.greenhouse.io/celonis/jobs/7988718003?gh_jid=7988718003"", ""audience_reject_reasons"": [""not_data_ai_field"", ""not_fresher_ws_thesis"", ""ambiguous_needs_review""]}"
2026-09-30T21:00:48.184176+00:00,sem_celonis_strategic-account-executive-manufacturing_remote,Strategic Account Executive - Manufacturing,celonis,Remote,arbeitnow,other_tech,mid,"not_eu,not_data_ai_field,not_fresher_ws_thesis,ambiguous_needs_review","{""job_id"": ""sem_celonis_strategic-account-executive-manufacturing_remote"", ""title"": ""Strategic Account Executive - Manufacturing"", ""url"": null, ""job_url"": ""https://www.arbeitnow.ch/jobs/companies/celonis/remote-strategic-account-executive-manufacturing-437379"", ""audience_reject_reasons"": [""not_eu"", ""not_data_ai_field"", ""not_fresher_ws_thesis"", ""ambiguous_needs_review""]}"
2026-09-30T21:00:48.184176+00:00,sem_celonis_strategic-account-executive-manufacturing_remote-switzerland,Strategic Account Executive - Manufacturing,Celonis,"Remote, Switzerland",direct,other_tech,mid,"not_eu,not_data_ai_field,not_fresher_ws_thesis,ambiguous_needs_review","{""job_id"": ""sem_celonis_strategic-account-executive-manufacturing_remote-switzerland"", ""title"": ""Strategic Account Executive - Manufacturing"", ""url"": null, ""job_url"": ""https://job-boards.greenhouse.io/celonis/jobs/8002500003?gh_jid=8002500003"", ""audience_reject_reasons"": [""not_eu"", ""not_data_ai_field"", ""not_fresher_ws_thesis"", ""ambiguous_needs_review""]}"
2026-09-30T21:00:48.184176+00:00,sem_celonis_strategic-account-executive-manufacturing_z-rich,Strategic Account Executive - Manufacturing,celonis,Zürich,arbeitnow,other_tech,mid,"not_eu,not_data_ai_field,not_fresher_ws_thesis,ambiguous_needs_review","{""job_id"": ""sem_celonis_strategic-account-executive-manufacturing_z-rich"", ""title"": ""Strategic Account Executive - Manufacturing"", ""url"": null, ""job_url"": ""https://www.arbeitnow.ch/jobs/companies/celonis/strategic-account-executive-manufacturing-zurich-89004"", ""audience_reject_reasons"": [""not_eu"", ""not_data_ai_field"", ""not_fresher_ws_thesis"", ""ambiguous_needs_review""]}"
2026-09-30T21:00:48.184176+00:00,sem_celonis_strategic-account-executive-manufacturing_z-rich-switzerland,Strategic Account Executive - Manufacturing,Celonis,"Zürich, Switzerland",direct,other_tech,mid,"not_eu,not_data_ai_field,not_fresher_ws_thesis,ambiguous_needs_review","{""job_id"": ""sem_celonis_strategic-account-executive-manufacturing_z-rich-switzerland"", ""title"": ""Strategic Account Executive - Manufacturing"", ""url"": null, ""job_url"": ""https://job-boards.greenhouse.io/celonis/jobs/7988891003?gh_jid=7988891003"", ""audience_reject_reasons"": [""not_eu"", ""not_data_ai_field"", ""not_fresher_ws_thesis"", ""ambiguous_needs_review""]}"
2026-09-30T21:00:48.184176+00:00,sem_celonis_working-student-external-communications_munich-germany,Working Student External Communications,Celonis,"Munich, Germany",direct,other_tech,working_student,"not_data_ai_field,ambiguous_needs_review","{""job_id"": ""sem_celonis_working-student-external-communications_munich-germany"", ""title"": ""Working Student External Communications"", ""url"": null, ""job_url"": ""https://job-boards.greenhouse.io/celonis/jobs/8005144003?gh_jid=8005144003"", ""audience_reject_reasons"": [""not_data_ai_field"", ""ambiguous_needs_review""]}"
2026-09-30T21:00:48.184176+00:00,sem_consult-pepper_abacus-support-specialist_ch-ch040,Abacus-Support Specialist,Consult & Pepper AG,CH (CH040),eures,other_tech,mid,"not_eu,not_data_ai_field,not_fresher_ws_thesis,ambiguous_needs_review","{""job_id"": ""sem_consult-pepper_abacus-support-specialist_ch-ch040"", ""title"": ""Abacus-Support Specialist"", ""url"": null, ""job_url"": ""https://europa.eu/eures/portal/jv-se/jv-details/NmM2NGE5ZTktNjhhNS00ZDg3LTgwOTUtNDVmMzliMjVlMWRiIDYx?jvDisplayLanguage=en&lang=en"", ""audience_reject_reasons"": [""not_eu"", ""not_data_ai_field"", ""not_fresher_ws_thesis"", ""ambiguous_needs_review""]}"
2026-09-30T21:00:48.184176+00:00,sem_consult-pepper_erp-consultant_ch-ch061,ERP-Consultant,Consult & Pepper AG,CH (CH061),eures,other_tech,mid,"not_eu,not_data_ai_field,not_fresher_ws_thesis,ambiguous_needs_review","{""job_id"": ""sem_consult-pepper_erp-consultant_ch-ch061"", ""title"": ""ERP-Consultant"", ""url"": null, ""job_url"": ""https://europa.eu/eures/portal/jv-se/jv-details/ZjdjY2M3ZmQtMTMxZC00YzlhLTkxZmEtYTVmYTE2ZTMzZGZiIDYx?jvDisplayLanguage=en&lang=en"", ""audience_reject_reasons"": [""not_eu"", ""not_data_ai_field"", ""not_fresher_ws_thesis"", ""ambiguous_needs_review""]}"
2026-09-30T21:00:48.184176+00:00,sem_consult-pepper_junior-wirtschaftsinformatiker-in_ch-ch055,Junior Wirtschaftsinformatiker :in,Consult & Pepper AG,CH (CH055),eures,other_tech,junior,"not_eu,not_data_ai_field,ambiguous_needs_review","{""job_id"": ""sem_consult-pepper_junior-wirtschaftsinformatiker-in_ch-ch055"", ""title"": ""Junior Wirtschaftsinformatiker :in"", ""url"": null, ""job_url"": ""https://europa.eu/eures/portal/jv-se/jv-details/ZDFiNjI0MWYtNTgxOS00ZGFiLTg5YTItNDEyNDg0Njc5NGM3IDYx?jvDisplayLanguage=en&lang=en"", ""audience_reject_reasons"": [""not_eu"", ""not_data_ai_field"", ""ambiguous_needs_review""]}"
2026-09-30T21:00:48.184176+00:00,sem_coopers-group-hauptsitz_ingenieur-f-r-inbetriebnahme-und-qualifizierung_ch-ch032,Ingenieur für Inbetriebnahme und Qualifizierung,"Coopers Group AG, Hauptsitz",CH (CH032),eures,other_tech,mid,"not_eu,not_data_ai_field,not_fresher_ws_thesis,ambiguous_needs_review","{""job_id"": ""sem_coopers-group-hauptsitz_ingenieur-f-r-inbetriebnahme-und-qualifizierung_ch-ch032"", ""title"": ""Ingenieur f\u00fcr Inbetriebnahme und Qualifizierung"", ""url"": null, ""job_url"": ""https://europa.eu/eures/portal/jv-se/jv-details/ODc1ODk5ZjktYTRlOS00ODRmLTk1MWYtZTYzNzdlMzJhZTdkIDYx?jvDisplayLanguage=en&lang=en"", ""audience_reject_reasons"": [""not_eu"", ""not_data_ai_field"", ""not_fresher_ws_thesis"", ""ambiguous_needs_review""]}"
2026-09-30T21:00:48.184176+00:00,sem_deconinck-ingy_logopedist-e_be-be212,Logopedist(e),"Deconinck, Ingy",BE (BE212),eures,other_tech,mid,"not_data_ai_field,not_fresher_ws_thesis,ambiguous_needs_review","{""job_id"": ""sem_deconinck-ingy_logopedist-e_be-be212"", ""title"": ""Logopedist(e)"", ""url"": null, ""job_url"": ""https://europa.eu/eures/portal/jv-se/jv-details/ZDg5MmM3M2QtYjhhZC00MDg1LWFhMTAtNWZmNmU3M2U4NmNlIDM?jvDisplayLanguage=nl&lang=nl"", ""audience_reject_reasons"": [""not_data_ai_field"", ""not_fresher_ws_thesis"", ""ambiguous_needs_review""]}"
2026-09-30T21:00:48.184176+00:00,sem_deskbird_working-student-marketing-all-genders_hybrid-berlin-germany,Working Student Marketing (all genders),Deskbird,"Hybrid - Berlin, Germany",arbeitnow,other_tech,working_student,"not_data_ai_field,ambiguous_needs_review","{""job_id"": ""sem_deskbird_working-student-marketing-all-genders_hybrid-berlin-germany"", ""title"": ""Working Student Marketing (all genders)"", ""url"": null, ""job_url"": ""https://www.arbeitnow.com/jobs/companies/deskbird/working-student-marketing-all-genders-hybrid-berlin-germany-308768"", ""audience_reject_reasons"": [""not_data_ai_field"", ""ambiguous_needs_review""]}"
2026-09-30T21:00:48.184176+00:00,sem_destinusgroup_engineering-intern-traineeship_z-rich-switzerland,Engineering Intern / Traineeship,Destinusgroup,"Zürich, Switzerland",arbeitnow,other_tech,internship,"not_eu,not_data_ai_field,ambiguous_needs_review","{""job_id"": ""sem_destinusgroup_engineering-intern-traineeship_z-rich-switzerland"", ""title"": ""Engineering Intern / Traineeship"", ""url"": null, ""job_url"": ""https://www.arbeitnow.ch/jobs/companies/destinusgroup/engineering-intern-traineeship-zurich-149056"", ""audience_reject_reasons"": [""not_eu"", ""not_data_ai_field"", ""ambiguous_needs_review""]}"
2026-09-30T21:00:48.184176+00:00,sem_digital-trendteam_praktikum-hr-management-employer-branding-in-jungem-start-up_mainz,Praktikum HR-Management & Employer Branding (m/w/d) in jungem Start-Up,Digital Trendteam,Mainz,arbeitnow,other_tech,internship,"not_data_ai_field,ambiguous_needs_review","{""job_id"": ""sem_digital-trendteam_praktikum-hr-management-employer-branding-in-jungem-start-up_mainz"", ""title"": ""Praktikum HR-Management & Employer Branding (m/w/d) in jungem Start-Up"", ""url"": null, ""job_url"": ""https://www.arbeitnow.com/jobs/companies/digital-trendteam/praktikum-hr-management-employer-branding-in-jungem-start-up-mainz-68766"", ""audience_reject_reasons"": [""not_data_ai_field"", ""ambiguous_needs_review""]}"
2026-09-30T21:00:48.184176+00:00,sem_diligentcorporation_enterprise-account-manager_z-rich-z-rich,Enterprise Account Manager,diligentcorporation,"Zürich, Zürich",arbeitnow,other_tech,mid,"not_eu,not_data_ai_field,not_fresher_ws_thesis,ambiguous_needs_review","{""job_id"": ""sem_diligentcorporation_enterprise-account-manager_z-rich-z-rich"", ""title"": ""Enterprise Account Manager"", ""url"": null, ""job_url"": ""https://www.arbeitnow.ch/jobs/companies/diligentcorporation/enterprise-account-manager-zurich-zurich-153388"", ""audience_reject_reasons"": [""not_eu"", ""not_data_ai_field"", ""not_fresher_ws_thesis"", ""ambiguous_needs_review""]}"
2026-09-30T21:00:48.184176+00:00,sem_doctolib_intern-talent-acquisition-coordinator-x-f-m_berlin-berlin,Intern Talent Acquisition Coordinator (x/f/m),Doctolib,"Berlin, Berlin",arbeitnow,other_tech,internship,"not_data_ai_field,ambiguous_needs_review","{""job_id"": ""sem_doctolib_intern-talent-acquisition-coordinator-x-f-m_berlin-berlin"", ""title"": ""Intern Talent Acquisition Coordinator (x/f/m)"", ""url"": null, ""job_url"": ""https://www.arbeitnow.com/jobs/companies/doctolib/intern-talent-acquisition-coordinator-berlin-berlin-306241"", ""audience_reject_reasons"": [""not_data_ai_field"", ""ambiguous_needs_review""]}"
2026-09-30T21:00:48.184176+00:00,sem_docuware_strategic-account-executive_germering-germany,Strategic Account Executive (m/f/d),DocuWare,Germering / Germany,arbeitnow,other_tech,mid,"not_data_ai_field,not_fresher_ws_thesis,ambiguous_needs_review","{""job_id"": ""sem_docuware_strategic-account-executive_germering-germany"", ""title"": ""Strategic Account Executive (m/f/d)"", ""url"": null, ""job_url"": ""https://www.arbeitnow.com/jobs/companies/docuware/strategic-account-executive-germering-germany-451904"", ""audience_reject_reasons"": [""not_data_ai_field"", ""not_fresher_ws_thesis"", ""ambiguous_needs_review""]}"
2026-09-30T21:00:48.184176+00:00,sem_docuware_training-specialist_germering-germany,Training Specialist (m/f/d),DocuWare,Germering / Germany,arbeitnow,other_tech,mid,"not_data_ai_field,not_fresher_ws_thesis,ambiguous_needs_review","{""job_id"": ""sem_docuware_training-specialist_germering-germany"", ""title"": ""Training Specialist (m/f/d)"", ""url"": null, ""job_url"": ""https://www.arbeitnow.com/jobs/companies/docuware/training-specialist-germering-germany-138462"", ""audience_reject_reasons"": [""not_data_ai_field"", ""not_fresher_ws_thesis"", ""ambiguous_needs_review""]}"
2026-09-30T21:00:48.184176+00:00,sem_edtelligent_manager-finance-operations_munich,Manager Finance & Operations (m/w/d),EDTELLIGENT,Munich,arbeitnow,other_tech,mid,"not_data_ai_field,not_fresher_ws_thesis,ambiguous_needs_review","{""job_id"": ""sem_edtelligent_manager-finance-operations_munich"", ""title"": ""Manager Finance & Operations (m/w/d)"", ""url"": null, ""job_url"": ""https://www.arbeitnow.com/jobs/companies/edtelligent/manager-finance-operations-munich-155617"", ""audience_reject_reasons"": [""not_data_ai_field"", ""not_fresher_ws_thesis"", ""ambiguous_needs_review""]}"
2026-09-30T21:00:48.184176+00:00,sem_ember_graduate-internship-operations-team_edinburgh-scotland-united-kingdom,"Graduate Internship, Operations Team",Ember,"Edinburgh, Scotland, United Kingdom",arbeitnow,software_engineering,internship,"not_eu,not_data_ai_field,ambiguous_needs_review","{""job_id"": ""sem_ember_graduate-internship-operations-team_edinburgh-scotland-united-kingdom"", ""title"": ""Graduate Internship, Operations Team"", ""url"": null, ""job_url"": ""https://www.arbeitnow.co.uk/jobs/companies/ember/graduate-internship-operations-team-edinburgh-357625"", ""audience_reject_reasons"": [""not_eu"", ""not_data_ai_field"", ""ambiguous_needs_review""]}"
2026-09-30T21:00:48.184176+00:00,sem_enginity_procesingenieur_be-be242,Procesingenieur,Enginity,BE (BE242),eures,product_management,mid,"not_data_ai_field,not_fresher_ws_thesis,ambiguous_needs_review","{""job_id"": ""sem_enginity_procesingenieur_be-be242"", ""title"": ""Procesingenieur"", ""url"": null, ""job_url"": ""https://europa.eu/eures/portal/jv-se/jv-details/NzE2YjUxM2EtZGE1Mi00YjdmLTk3YmYtNzFiYTk0NjE4ZDdlIDM?jvDisplayLanguage=nl&lang=nl"", ""audience_reject_reasons"": [""not_data_ai_field"", ""not_fresher_ws_thesis"", ""ambiguous_needs_review""]}"
2026-09-30T21:00:48.184176+00:00,sem_fireblocks_director-of-operations-payments-emea_z-rich,"Director of Operations, Payments EMEA",Fireblocks,Zürich,arbeitnow,other_tech,mid,"not_eu,not_data_ai_field,not_fresher_ws_thesis,ambiguous_needs_review","{""job_id"": ""sem_fireblocks_director-of-operations-payments-emea_z-rich"", ""title"": ""Director of Operations, Payments EMEA"", ""url"": null, ""job_url"": ""https://www.arbeitnow.ch/jobs/companies/fireblocks/director-of-operations-payments-emea-zurich-216973"", ""audience_reject_reasons"": [""not_eu"", ""not_data_ai_field"", ""not_fresher_ws_thesis"", ""ambiguous_needs_review""]}"
2026-09-30T21:00:48.184176+00:00,sem_forum-jobs-forum-jobs-ieper_project-manager_be-be253,project manager,Forum Jobs Forum Jobs Ieper,BE (BE253),eures,non_tech,mid,"not_data_ai_field,not_fresher_ws_thesis,ambiguous_needs_review","{""job_id"": ""sem_forum-jobs-forum-jobs-ieper_project-manager_be-be253"", ""title"": ""project manager"", ""url"": null, ""job_url"": ""https://europa.eu/eures/portal/jv-se/jv-details/ZWExNmQ0MmItZjIwNC00MzllLTgyNDEtMTY0Njc5YzQyZjlhIDM?jvDisplayLanguage=nl&lang=nl"", ""audience_reject_reasons"": [""not_data_ai_field"", ""not_fresher_ws_thesis"", ""ambiguous_needs_review""]}"
2026-09-30T21:00:48.184176+00:00,sem_gcasa_advertising-and-marketing-professional_mt-mt001,ADVERTISING AND MARKETING PROFESSIONAL,GCASA,MT (MT001),eures,other_tech,mid,"not_data_ai_field,not_fresher_ws_thesis,ambiguous_needs_review","{""job_id"": ""sem_gcasa_advertising-and-marketing-professional_mt-mt001"", ""title"": ""ADVERTISING AND MARKETING PROFESSIONAL"", ""url"": null, ""job_url"": ""https://europa.eu/eures/portal/jv-se/jv-details/NDU1NTA4IDEwMQ?jvDisplayLanguage=en&lang=en"", ""audience_reject_reasons"": [""not_data_ai_field"", ""not_fresher_ws_thesis"", ""ambiguous_needs_review""]}"
2026-09-30T21:00:48.184176+00:00,sem_general-repairs-limited_steel-draughtsperson_mt-mt001,STEEL DRAUGHTSPERSON,GENERAL REPAIRS LIMITED,MT (MT001),eures,other_tech,mid,"not_data_ai_field,not_fresher_ws_thesis,ambiguous_needs_review","{""job_id"": ""sem_general-repairs-limited_steel-draughtsperson_mt-mt001"", ""title"": ""STEEL DRAUGHTSPERSON"", ""url"": null, ""job_url"": ""https://europa.eu/eures/portal/jv-se/jv-details/NDU0MjY5IDEwMQ?jvDisplayLanguage=en&lang=en"", ""audience_reject_reasons"": [""not_data_ai_field"", ""not_fresher_ws_thesis"", ""ambiguous_needs_review""]}"
2026-09-30T21:00:48.184176+00:00,sem_getyourguide_account-executive-greece-greek-speaking_berlin,Account Executive Greece (Greek Speaking),GetYourGuide,Berlin,direct,other_tech,mid,"not_data_ai_field,not_fresher_ws_thesis,ambiguous_needs_review","{""job_id"": ""sem_getyourguide_account-executive-greece-greek-speaking_berlin"", ""title"": ""Account Executive Greece (Greek Speaking)"", ""url"": null, ""job_url"": ""https://job-boards.greenhouse.io/getyourguide/jobs/8173479"", ""audience_reject_reasons"": [""not_data_ai_field"", ""not_fresher_ws_thesis"", ""ambiguous_needs_review""]}"
2026-09-30T21:00:48.184176+00:00,sem_getyourguide_account-executive-uk_london,Account Executive - UK,GetYourGuide,London,direct,other_tech,mid,"not_eu,not_data_ai_field,not_fresher_ws_thesis,ambiguous_needs_review","{""job_id"": ""sem_getyourguide_account-executive-uk_london"", ""title"": ""Account Executive - UK"", ""url"": null, ""job_url"": ""https://job-boards.greenhouse.io/getyourguide/jobs/8066976"", ""audience_reject_reasons"": [""not_eu"", ""not_data_ai_field"", ""not_fresher_ws_thesis"", ""ambiguous_needs_review""]}"
2026-09-30T21:00:48.184176+00:00,sem_getyourguide_director-of-lifecycle-crm-growth-marketing_berlin,Director of Lifecycle & CRM (Growth Marketing),GetYourGuide,Berlin,direct,other_tech,mid,"not_data_ai_field,not_fresher_ws_thesis,ambiguous_needs_review","{""job_id"": ""sem_getyourguide_director-of-lifecycle-crm-growth-marketing_berlin"", ""title"": ""Director of Lifecycle & CRM (Growth Marketing)"", ""url"": null, ""job_url"": ""https://job-boards.greenhouse.io/getyourguide/jobs/7748635"", ""audience_reject_reasons"": [""not_data_ai_field"", ""not_fresher_ws_thesis"", ""ambiguous_needs_review""]}"
2026-09-30T21:00:48.184176+00:00,sem_getyourguide_director-of-sales-and-account-management-emea_berlin,"Director of Sales and Account Management, EMEA",GetYourGuide,Berlin,direct,other_tech,mid,"not_data_ai_field,not_fresher_ws_thesis,ambiguous_needs_review","{""job_id"": ""sem_getyourguide_director-of-sales-and-account-management-emea_berlin"", ""title"": ""Director of Sales and Account Management, EMEA"", ""url"": null, ""job_url"": ""https://job-boards.greenhouse.io/getyourguide/jobs/8173475"", ""audience_reject_reasons"": [""not_data_ai_field"", ""not_fresher_ws_thesis"", ""ambiguous_needs_review""]}"
2026-09-30T21:00:48.184176+00:00,sem_getyourguide_director-strategic-partnerships_berlin,"Director, Strategic Partnerships",GetYourGuide,Berlin,direct,other_tech,mid,"not_data_ai_field,not_fresher_ws_thesis,ambiguous_needs_review","{""job_id"": ""sem_getyourguide_director-strategic-partnerships_berlin"", ""title"": ""Director, Strategic Partnerships"", ""url"": null, ""job_url"": ""https://job-boards.greenhouse.io/getyourguide/jobs/8237539"", ""audience_reject_reasons"": [""not_data_ai_field"", ""not_fresher_ws_thesis"", ""ambiguous_needs_review""]}"
2026-09-30T21:00:48.184176+00:00,sem_getyourguide_engineering-manager-reviews_berlin,"Engineering Manager, Reviews",GetYourGuide,Berlin,direct,product_management,mid,"not_data_ai_field,not_fresher_ws_thesis,ambiguous_needs_review","{""job_id"": ""sem_getyourguide_engineering-manager-reviews_berlin"", ""title"": ""Engineering Manager, Reviews"", ""url"": null, ""job_url"": ""https://job-boards.greenhouse.io/getyourguide/jobs/8125740"", ""audience_reject_reasons"": [""not_data_ai_field"", ""not_fresher_ws_thesis"", ""ambiguous_needs_review""]}"
2026-09-30T21:00:48.184176+00:00,sem_getyourguide_general-ledger-accountant_berlin,General Ledger Accountant,GetYourGuide,Berlin,direct,other_tech,mid,"not_data_ai_field,not_fresher_ws_thesis,ambiguous_needs_review","{""job_id"": ""sem_getyourguide_general-ledger-accountant_berlin"", ""title"": ""General Ledger Accountant"", ""url"": null, ""job_url"": ""https://job-boards.greenhouse.io/getyourguide/jobs/8152691"", ""audience_reject_reasons"": [""not_data_ai_field"", ""not_fresher_ws_thesis"", ""ambiguous_needs_review""]}"
2026-09-30T21:00:48.184176+00:00,sem_getyourguide_head-of-strategic-programs_berlin,Head of Strategic Programs,GetYourGuide,Berlin,direct,other_tech,senior,"not_data_ai_field,not_fresher_ws_thesis,ambiguous_needs_review","{""job_id"": ""sem_getyourguide_head-of-strategic-programs_berlin"", ""title"": ""Head of Strategic Programs"", ""url"": null, ""job_url"": ""https://job-boards.greenhouse.io/getyourguide/jobs/8025801"", ""audience_reject_reasons"": [""not_data_ai_field"", ""not_fresher_ws_thesis"", ""ambiguous_needs_review""]}"
2026-09-30T21:00:48.184176+00:00,sem_getyourguide_head-of-supplier-enablement_berlin,Head of Supplier Enablement,GetYourGuide,Berlin,direct,other_tech,senior,"not_data_ai_field,not_fresher_ws_thesis,ambiguous_needs_review","{""job_id"": ""sem_getyourguide_head-of-supplier-enablement_berlin"", ""title"": ""Head of Supplier Enablement"", ""url"": null, ""job_url"": ""https://job-boards.greenhouse.io/getyourguide/jobs/7938858"", ""audience_reject_reasons"": [""not_data_ai_field"", ""not_fresher_ws_thesis"", ""ambiguous_needs_review""]}"
2026-09-30T21:00:48.184176+00:00,sem_getyourguide_knowledge-process-manager_berlin,Knowledge & Process Manager,GetYourGuide,Berlin,direct,qa_testing,mid,"not_data_ai_field,not_fresher_ws_thesis,ambiguous_needs_review","{""job_id"": ""sem_getyourguide_knowledge-process-manager_berlin"", ""title"": ""Knowledge & Process Manager"", ""url"": null, ""job_url"": ""https://job-boards.greenhouse.io/getyourguide/jobs/7938853"", ""audience_reject_reasons"": [""not_data_ai_field"", ""not_fresher_ws_thesis"", ""ambiguous_needs_review""]}"
2026-09-30T21:00:48.184176+00:00,sem_getyourguide_learning-excellence-manager_berlin,Learning Excellence Manager,GetYourGuide,Berlin,direct,qa_testing,mid,"not_data_ai_field,not_fresher_ws_thesis,ambiguous_needs_review","{""job_id"": ""sem_getyourguide_learning-excellence-manager_berlin"", ""title"": ""Learning Excellence Manager"", ""url"": null, ""job_url"": ""https://job-boards.greenhouse.io/getyourguide/jobs/8091938"", ""audience_reject_reasons"": [""not_data_ai_field"", ""not_fresher_ws_thesis"", ""ambiguous_needs_review""]}"
2026-09-30T21:00:48.184176+00:00,sem_getyourguide_senior-account-executive-lead-2-year-contract_paris,Senior Account Executive Lead (2-year contract),GetYourGuide,Paris,direct,other_tech,senior,"not_data_ai_field,not_fresher_ws_thesis,ambiguous_needs_review","{""job_id"": ""sem_getyourguide_senior-account-executive-lead-2-year-contract_paris"", ""title"": ""Senior Account Executive Lead (2-year contract)"", ""url"": null, ""job_url"": ""https://job-boards.greenhouse.io/getyourguide/jobs/8210385"", ""audience_reject_reasons"": [""not_data_ai_field"", ""not_fresher_ws_thesis"", ""ambiguous_needs_review""]}"
2026-09-30T21:00:48.184176+00:00,sem_getyourguide_senior-account-executive-lead_amsterdam,Senior Account Executive Lead,GetYourGuide,Amsterdam,direct,other_tech,senior,"not_data_ai_field,not_fresher_ws_thesis,ambiguous_needs_review","{""job_id"": ""sem_getyourguide_senior-account-executive-lead_amsterdam"", ""title"": ""Senior Account Executive Lead"", ""url"": null, ""job_url"": ""https://job-boards.greenhouse.io/getyourguide/jobs/8066981"", ""audience_reject_reasons"": [""not_data_ai_field"", ""not_fresher_ws_thesis"", ""ambiguous_needs_review""]}"
2026-09-30T21:00:48.184176+00:00,sem_getyourguide_senior-brand-designer-b2b_berlin,Senior Brand Designer B2B,GetYourGuide,Berlin,direct,other_tech,senior,"not_data_ai_field,not_fresher_ws_thesis,ambiguous_needs_review","{""job_id"": ""sem_getyourguide_senior-brand-designer-b2b_berlin"", ""title"": ""Senior Brand Designer B2B"", ""url"": null, ""job_url"": ""https://job-boards.greenhouse.io/getyourguide/jobs/8158781"", ""audience_reject_reasons"": [""not_data_ai_field"", ""not_fresher_ws_thesis"", ""ambiguous_needs_review""]}"
2026-09-30T21:00:48.184176+00:00,sem_getyourguide_senior-communications-manager_berlin,Senior Communications Manager,GetYourGuide,Berlin,direct,other_tech,senior,"not_data_ai_field,not_fresher_ws_thesis,ambiguous_needs_review","{""job_id"": ""sem_getyourguide_senior-communications-manager_berlin"", ""title"": ""Senior Communications Manager"", ""url"": null, ""job_url"": ""https://job-boards.greenhouse.io/getyourguide/jobs/8139060"", ""audience_reject_reasons"": [""not_data_ai_field"", ""not_fresher_ws_thesis"", ""ambiguous_needs_review""]}"
2026-09-30T21:00:48.184176+00:00,sem_getyourguide_senior-localization-specialist_berlin,Senior Localization Specialist,GetYourGuide,Berlin,direct,other_tech,senior,"not_data_ai_field,not_fresher_ws_thesis,ambiguous_needs_review","{""job_id"": ""sem_getyourguide_senior-localization-specialist_berlin"", ""title"": ""Senior Localization Specialist"", ""url"": null, ""job_url"": ""https://job-boards.greenhouse.io/getyourguide/jobs/7571066"", ""audience_reject_reasons"": [""not_data_ai_field"", ""not_fresher_ws_thesis"", ""ambiguous_needs_review""]}"
2026-09-30T21:00:48.184176+00:00,sem_getyourguide_senior-product-designer-b2c_berlin,Senior Product Designer (B2C),GetYourGuide,Berlin,direct,other_tech,senior,"not_data_ai_field,not_fresher_ws_thesis,ambiguous_needs_review","{""job_id"": ""sem_getyourguide_senior-product-designer-b2c_berlin"", ""title"": ""Senior Product Designer (B2C)"", ""url"": null, ""job_url"": ""https://job-boards.greenhouse.io/getyourguide/jobs/7559680"", ""audience_reject_reasons"": [""not_data_ai_field"", ""not_fresher_ws_thesis"", ""ambiguous_needs_review""]}"
2026-09-30T21:00:48.184176+00:00,sem_getyourguide_senior-strategy-manager_berlin,Senior Strategy Manager,GetYourGuide,Berlin,direct,other_tech,senior,"not_data_ai_field,not_fresher_ws_thesis,ambiguous_needs_review","{""job_id"": ""sem_getyourguide_senior-strategy-manager_berlin"", ""title"": ""Senior Strategy Manager"", ""url"": null, ""job_url"": ""https://job-boards.greenhouse.io/getyourguide/jobs/8066983"", ""audience_reject_reasons"": [""not_data_ai_field"", ""not_fresher_ws_thesis"", ""ambiguous_needs_review""]}"
2026-09-30T21:00:48.184176+00:00,sem_getyourguide_senior-technical-recruiter_berlin,Senior Technical Recruiter,GetYourGuide,Berlin,direct,other_tech,senior,"not_data_ai_field,not_fresher_ws_thesis,ambiguous_needs_review","{""job_id"": ""sem_getyourguide_senior-technical-recruiter_berlin"", ""title"": ""Senior Technical Recruiter"", ""url"": null, ""job_url"": ""https://job-boards.greenhouse.io/getyourguide/jobs/8184881"", ""audience_reject_reasons"": [""not_data_ai_field"", ""not_fresher_ws_thesis"", ""ambiguous_needs_review""]}"
2026-09-30T21:00:48.184176+00:00,sem_getyourguide_technical-recruiter-12-month-maternity-cover_berlin,Technical Recruiter (12 Month Maternity Cover),GetYourGuide,Berlin,direct,other_tech,mid,"not_data_ai_field,not_fresher_ws_thesis,ambiguous_needs_review","{""job_id"": ""sem_getyourguide_technical-recruiter-12-month-maternity-cover_berlin"", ""title"": ""Technical Recruiter (12 Month Maternity Cover)"", ""url"": null, ""job_url"": ""https://job-boards.greenhouse.io/getyourguide/jobs/8088223"", ""audience_reject_reasons"": [""not_data_ai_field"", ""not_fresher_ws_thesis"", ""ambiguous_needs_review""]}"
2026-09-30T21:00:48.184176+00:00,sem_getyourguide_ux-research-programs-operations-zurich_zurich,UX Research Programs & Operations (Zurich),GetYourGuide,Zurich,direct,other_tech,mid,"not_eu,not_data_ai_field,not_fresher_ws_thesis,ambiguous_needs_review","{""job_id"": ""sem_getyourguide_ux-research-programs-operations-zurich_zurich"", ""title"": ""UX Research Programs & Operations (Zurich)"", ""url"": null, ""job_url"": ""https://job-boards.greenhouse.io/getyourguide/jobs/8129943"", ""audience_reject_reasons"": [""not_eu"", ""not_data_ai_field"", ""not_fresher_ws_thesis"", ""ambiguous_needs_review""]}"
2026-09-30T21:00:48.184176+00:00,sem_gloor-pr-zisionswerkzeuge_fachspezialist-avor-pps-100_ch-ch023,Fachspezialist AVOR/PPS 100%,Gloor Präzisionswerkzeuge AG,CH (CH023),eures,other_tech,mid,"not_eu,not_data_ai_field,not_fresher_ws_thesis,ambiguous_needs_review","{""job_id"": ""sem_gloor-pr-zisionswerkzeuge_fachspezialist-avor-pps-100_ch-ch023"", ""title"": ""Fachspezialist AVOR/PPS 100%"", ""url"": null, ""job_url"": ""https://europa.eu/eures/portal/jv-se/jv-details/OWI5OTUxZGQtMDlkYy00MDU1LTk0NGMtYzFmNTllMmQwYzc5IDYx?jvDisplayLanguage=en&lang=en"", ""audience_reject_reasons"": [""not_eu"", ""not_data_ai_field"", ""not_fresher_ws_thesis"", ""ambiguous_needs_review""]}"
2026-09-30T21:00:48.184176+00:00,sem_grafanalabs_commercial-account-executive-acquisition-switzerland-remote_,"Commercial Account Executive, Acquisition | Switzerland | Remote",grafanalabs,,arbeitnow,other_tech,mid,"not_eu,not_data_ai_field,not_fresher_ws_thesis,ambiguous_needs_review","{""job_id"": ""sem_grafanalabs_commercial-account-executive-acquisition-switzerland-remote_"", ""title"": ""Commercial Account Executive, Acquisition | Switzerland | Remote"", ""url"": null, ""job_url"": ""https://www.arbeitnow.ch/jobs/companies/grafanalabs/commercial-account-executive-acquisition-switzerland-remote-273226"", ""audience_reject_reasons"": [""not_eu"", ""not_data_ai_field"", ""not_fresher_ws_thesis"", ""ambiguous_needs_review""]}"
2026-09-30T21:00:48.184176+00:00,sem_grafanalabs_enterprise-account-executive-acquisition-switzerland-remote_,"Enterprise Account Executive, Acquisition | Switzerland | Remote",grafanalabs,,arbeitnow,other_tech,mid,"not_eu,not_data_ai_field,not_fresher_ws_thesis,ambiguous_needs_review","{""job_id"": ""sem_grafanalabs_enterprise-account-executive-acquisition-switzerland-remote_"", ""title"": ""Enterprise Account Executive, Acquisition | Switzerland | Remote"", ""url"": null, ""job_url"": ""https://www.arbeitnow.ch/jobs/companies/grafanalabs/enterprise-account-executive-acquisition-switzerland-remote-400823"", ""audience_reject_reasons"": [""not_eu"", ""not_data_ai_field"", ""not_fresher_ws_thesis"", ""ambiguous_needs_review""]}"
2026-09-30T21:00:48.184176+00:00,sem_hellofresh_asset-protection-manager_barleben-saxony-anhalt-germany,Asset Protection Manager,HelloFresh,"Barleben, Saxony-Anhalt, Germany",direct,other_tech,mid,"not_data_ai_field,not_fresher_ws_thesis,ambiguous_needs_review","{""job_id"": ""sem_hellofresh_asset-protection-manager_barleben-saxony-anhalt-germany"", ""title"": ""Asset Protection Manager"", ""url"": null, ""job_url"": ""https://careers.hellofresh.com/global/en/job/8146886?gh_jid=8146886"", ""audience_reject_reasons"": [""not_data_ai_field"", ""not_fresher_ws_thesis"", ""ambiguous_needs_review""]}"
2026-09-30T21:00:48.184176+00:00,sem_hellofresh_asset-protection-manager_derby-england-united-kingdom,Asset Protection Manager,HelloFresh,"Derby, England, United Kingdom",direct,other_tech,mid,"not_eu,not_data_ai_field,not_fresher_ws_thesis,ambiguous_needs_review","{""job_id"": ""sem_hellofresh_asset-protection-manager_derby-england-united-kingdom"", ""title"": ""Asset Protection Manager"", ""url"": null, ""job_url"": ""https://careers.hellofresh.com/global/en/job/8138742?gh_jid=8138742"", ""audience_reject_reasons"": [""not_eu"", ""not_data_ai_field"", ""not_fresher_ws_thesis"", ""ambiguous_needs_review""]}"
2026-09-30T21:00:48.184176+00:00,sem_hellofresh_category-management-graduate_dublin-dublin-ireland,Category Management Graduate,HelloFresh,"Dublin, Dublin, Ireland",direct,other_tech,mid,"not_data_ai_field,not_fresher_ws_thesis,ambiguous_needs_review","{""job_id"": ""sem_hellofresh_category-management-graduate_dublin-dublin-ireland"", ""title"": ""Category Management Graduate"", ""url"": null, ""job_url"": ""https://careers.hellofresh.com/global/en/job/8236666?gh_jid=8236666"", ""audience_reject_reasons"": [""not_data_ai_field"", ""not_fresher_ws_thesis"", ""ambiguous_needs_review""]}"
2026-09-30T21:00:48.184176+00:00,sem_hellofresh_category-management-graduate_london-england-united-kingdom,Category Management Graduate,HelloFresh,"London, England, United Kingdom",direct,other_tech,mid,"not_eu,not_data_ai_field,not_fresher_ws_thesis,ambiguous_needs_review","{""job_id"": ""sem_hellofresh_category-management-graduate_london-england-united-kingdom"", ""title"": ""Category Management Graduate"", ""url"": null, ""job_url"": ""https://careers.hellofresh.com/global/en/job/8234103?gh_jid=8234103"", ""audience_reject_reasons"": [""not_eu"", ""not_data_ai_field"", ""not_fresher_ws_thesis"", ""ambiguous_needs_review""]}"
2026-09-30T21:00:48.184176+00:00,sem_hellofresh_chief-marketing-officer-dach_germany,Chief Marketing Officer - DACH,HelloFresh,Germany,direct,other_tech,senior,"not_data_ai_field,not_fresher_ws_thesis,ambiguous_needs_review","{""job_id"": ""sem_hellofresh_chief-marketing-officer-dach_germany"", ""title"": ""Chief Marketing Officer - DACH"", ""url"": null, ""job_url"": ""https://careers.hellofresh.com/global/en/job/8156007?gh_jid=8156007"", ""audience_reject_reasons"": [""not_data_ai_field"", ""not_fresher_ws_thesis"", ""ambiguous_needs_review""]}"
2026-09-30T21:00:48.184176+00:00,sem_hellofresh_director-ux-design_berlin-berlin-germany,Director UX Design,HelloFresh,"Berlin, Berlin, Germany",direct,other_tech,mid,"not_data_ai_field,not_fresher_ws_thesis,ambiguous_needs_review","{""job_id"": ""sem_hellofresh_director-ux-design_berlin-berlin-germany"", ""title"": ""Director UX Design"", ""url"": null, ""job_url"": ""https://careers.hellofresh.com/global/en/job/8030038?gh_jid=8030038"", ""audience_reject_reasons"": [""not_data_ai_field"", ""not_fresher_ws_thesis"", ""ambiguous_needs_review""]}"
2026-09-30T21:00:48.184176+00:00,sem_hellofresh_flow-controller_derby-england-united-kingdom,Flow Controller,HelloFresh,"Derby, England, United Kingdom",direct,other_tech,mid,"not_eu,not_data_ai_field,not_fresher_ws_thesis,ambiguous_needs_review","{""job_id"": ""sem_hellofresh_flow-controller_derby-england-united-kingdom"", ""title"": ""Flow Controller"", ""url"": null, ""job_url"": ""https://careers.hellofresh.com/global/en/job/8108515?gh_jid=8108515"", ""audience_reject_reasons"": [""not_eu"", ""not_data_ai_field"", ""not_fresher_ws_thesis"", ""ambiguous_needs_review""]}"
2026-09-30T21:00:48.184176+00:00,sem_hellofresh_geb-udetechniker-all-genders_verden-niedersachsen-germany,Gebäudetechniker (all genders),HelloFresh,"Verden, Niedersachsen, Germany",direct,other_tech,mid,"not_data_ai_field,not_fresher_ws_thesis,ambiguous_needs_review","{""job_id"": ""sem_hellofresh_geb-udetechniker-all-genders_verden-niedersachsen-germany"", ""title"": ""Geb\u00e4udetechniker (all genders)"", ""url"": null, ""job_url"": ""https://careers.hellofresh.com/global/en/job/8068939?gh_jid=8068939"", ""audience_reject_reasons"": [""not_data_ai_field"", ""not_fresher_ws_thesis"", ""ambiguous_needs_review""]}"
2026-09-30T21:00:48.184176+00:00,sem_hellofresh_instandhaltungstechniker-all-genders_verden-niedersachsen-germany,Instandhaltungstechniker (all genders),HelloFresh,"Verden, Niedersachsen, Germany",direct,other_tech,mid,"not_data_ai_field,not_fresher_ws_thesis,ambiguous_needs_review","{""job_id"": ""sem_hellofresh_instandhaltungstechniker-all-genders_verden-niedersachsen-germany"", ""title"": ""Instandhaltungstechniker (all genders)"", ""url"": null, ""job_url"": ""https://careers.hellofresh.com/global/en/job/8068944?gh_jid=8068944"", ""audience_reject_reasons"": [""not_data_ai_field"", ""not_fresher_ws_thesis"", ""ambiguous_needs_review""]}"
2026-09-30T21:00:48.184176+00:00,sem_hellofresh_junior-content-marketing-specialist-f-m-x_amsterdam-north-holland-netherlands,Junior Content Marketing specialist (f/m/x),HelloFresh,"Amsterdam, North Holland, Netherlands",direct,other_tech,junior,"not_data_ai_field,ambiguous_needs_review","{""job_id"": ""sem_hellofresh_junior-content-marketing-specialist-f-m-x_amsterdam-north-holland-netherlands"", ""title"": ""Junior Content Marketing specialist (f/m/x)"", ""url"": null, ""job_url"": ""https://careers.hellofresh.com/global/en/job/8203812?gh_jid=8203812"", ""audience_reject_reasons"": [""not_data_ai_field"", ""ambiguous_needs_review""]}"
2026-09-30T21:00:48.184176+00:00,sem_hellofresh_junior-growth-manager_london-england-united-kingdom,Junior Growth Manager,HelloFresh,"London, England, United Kingdom",direct,other_tech,junior,"not_eu,not_data_ai_field,ambiguous_needs_review","{""job_id"": ""sem_hellofresh_junior-growth-manager_london-england-united-kingdom"", ""title"": ""Junior Growth Manager"", ""url"": null, ""job_url"": ""https://careers.hellofresh.com/global/en/job/7953647?gh_jid=7953647"", ""audience_reject_reasons"": [""not_eu"", ""not_data_ai_field"", ""ambiguous_needs_review""]}"
2026-09-30T21:00:48.184176+00:00,sem_hellofresh_junior-planning-manager_derby-england-united-kingdom,Junior Planning Manager,HelloFresh,"Derby, England, United Kingdom",direct,other_tech,junior,"not_eu,not_data_ai_field,ambiguous_needs_review","{""job_id"": ""sem_hellofresh_junior-planning-manager_derby-england-united-kingdom"", ""title"": ""Junior Planning Manager"", ""url"": null, ""job_url"": ""https://careers.hellofresh.com/global/en/job/8074260?gh_jid=8074260"", ""audience_reject_reasons"": [""not_eu"", ""not_data_ai_field"", ""ambiguous_needs_review""]}"
2026-09-30T21:00:48.184176+00:00,sem_hellofresh_mechatroniker-instandhaltung-all-genders_verden-niedersachsen-germany,Mechatroniker Instandhaltung (all genders),HelloFresh,"Verden, Niedersachsen, Germany",direct,other_tech,mid,"not_data_ai_field,not_fresher_ws_thesis,ambiguous_needs_review","{""job_id"": ""sem_hellofresh_mechatroniker-instandhaltung-all-genders_verden-niedersachsen-germany"", ""title"": ""Mechatroniker Instandhaltung (all genders)"", ""url"": null, ""job_url"": ""https://careers.hellofresh.com/global/en/job/8068945?gh_jid=8068945"", ""audience_reject_reasons"": [""not_data_ai_field"", ""not_fresher_ws_thesis"", ""ambiguous_needs_review""]}"
2026-09-30T21:00:48.184176+00:00,sem_hellofresh_operations-shift-lead-production-all-genders_barleben-saxony-anhalt-germany-magdeburg-saxony-anhalt-germany,Operations Shift Lead – Production (all genders),HelloFresh,"Barleben, Saxony-Anhalt, Germany; Magdeburg, Saxony-Anhalt, Germany",direct,other_tech,senior,"not_data_ai_field,not_fresher_ws_thesis,ambiguous_needs_review","{""job_id"": ""sem_hellofresh_operations-shift-lead-production-all-genders_barleben-saxony-anhalt-germany-magdeburg-saxony-anhalt-germany"", ""title"": ""Operations Shift Lead \u2013 Production (all genders)"", ""url"": null, ""job_url"": ""https://careers.hellofresh.com/global/en/job/7748757?gh_jid=7748757"", ""audience_reject_reasons"": [""not_data_ai_field"", ""not_fresher_ws_thesis"", ""ambiguous_needs_review""]}"
2026-09-30T21:00:48.184176+00:00,sem_hellofresh_people-technology-senior-integrations-specialist-all-genders_warszawa-masovian-voivodeship-poland,People Technology Senior Integrations Specialist (All Genders),HelloFresh,"Warszawa, Masovian Voivodeship, Poland",direct,other_tech,senior,"not_data_ai_field,not_fresher_ws_thesis,ambiguous_needs_review","{""job_id"": ""sem_hellofresh_people-technology-senior-integrations-specialist-all-genders_warszawa-masovian-voivodeship-poland"", ""title"": ""People Technology Senior Integrations Specialist (All Genders)"", ""url"": null, ""job_url"": ""https://careers.hellofresh.com/global/en/job/8105183?gh_jid=8105183"", ""audience_reject_reasons"": [""not_data_ai_field"", ""not_fresher_ws_thesis"", ""ambiguous_needs_review""]}"
2026-09-30T21:00:48.184176+00:00,sem_hellofresh_production-shift-manager-all-genders_barleben-saxony-anhalt-germany-magdeburg-saxony-anhalt-germany,Production Shift Manager (all genders),HelloFresh,"Barleben, Saxony-Anhalt, Germany; Magdeburg, Saxony-Anhalt, Germany",direct,other_tech,mid,"not_data_ai_field,not_fresher_ws_thesis,ambiguous_needs_review","{""job_id"": ""sem_hellofresh_production-shift-manager-all-genders_barleben-saxony-anhalt-germany-magdeburg-saxony-anhalt-germany"", ""title"": ""Production Shift Manager (all genders)"", ""url"": null, ""job_url"": ""https://careers.hellofresh.com/global/en/job/7748754?gh_jid=7748754"", ""audience_reject_reasons"": [""not_data_ai_field"", ""not_fresher_ws_thesis"", ""ambiguous_needs_review""]}"
2026-09-30T21:00:48.184176+00:00,sem_hellofresh_production-shift-supervisor-all-genders_barleben-saxony-anhalt-germany-magdeburg-saxony-anhalt-germany,Production Shift Supervisor (all genders),HelloFresh,"Barleben, Saxony-Anhalt, Germany; Magdeburg, Saxony-Anhalt, Germany",direct,other_tech,mid,"not_data_ai_field,not_fresher_ws_thesis,ambiguous_needs_review","{""job_id"": ""sem_hellofresh_production-shift-supervisor-all-genders_barleben-saxony-anhalt-germany-magdeburg-saxony-anhalt-germany"", ""title"": ""Production Shift Supervisor (all genders)"", ""url"": null, ""job_url"": ""https://careers.hellofresh.com/global/en/job/7748755?gh_jid=7748755"", ""audience_reject_reasons"": [""not_data_ai_field"", ""not_fresher_ws_thesis"", ""ambiguous_needs_review""]}"
2026-09-30T21:00:48.184176+00:00,sem_hellofresh_schichtleitung-produktion-all-genders_barleben-saxony-anhalt-germany-magdeburg-saxony-anhalt-germany,Schichtleitung Produktion (all genders),HelloFresh,"Barleben, Saxony-Anhalt, Germany; Magdeburg, Saxony-Anhalt, Germany",direct,other_tech,mid,"not_data_ai_field,not_fresher_ws_thesis,ambiguous_needs_review","{""job_id"": ""sem_hellofresh_schichtleitung-produktion-all-genders_barleben-saxony-anhalt-germany-magdeburg-saxony-anhalt-germany"", ""title"": ""Schichtleitung Produktion (all genders)"", ""url"": null, ""job_url"": ""https://careers.hellofresh.com/global/en/job/7748760?gh_jid=7748760"", ""audience_reject_reasons"": [""not_data_ai_field"", ""not_fresher_ws_thesis"", ""ambiguous_needs_review""]}"
2026-09-30T21:00:48.184176+00:00,sem_hellofresh_senior-ux-designer-consumer-all-genders_warszawa-masovian-voivodeship-poland,"Senior UX Designer, Consumer (all genders)",HelloFresh,"Warszawa, Masovian Voivodeship, Poland",direct,other_tech,senior,"not_data_ai_field,not_fresher_ws_thesis,ambiguous_needs_review","{""job_id"": ""sem_hellofresh_senior-ux-designer-consumer-all-genders_warszawa-masovian-voivodeship-poland"", ""title"": ""Senior UX Designer, Consumer (all genders)"", ""url"": null, ""job_url"": ""https://careers.hellofresh.com/global/en/job/8028091?gh_jid=8028091"", ""audience_reject_reasons"": [""not_data_ai_field"", ""not_fresher_ws_thesis"", ""ambiguous_needs_review""]}"
2026-09-30T21:00:48.184176+00:00,sem_hellofresh_senior-ux-product-designer-engagement_warszawa-masovian-voivodeship-poland,"Senior UX Product Designer, Engagement",HelloFresh,"Warszawa, Masovian Voivodeship, Poland",direct,other_tech,senior,"not_data_ai_field,not_fresher_ws_thesis,ambiguous_needs_review","{""job_id"": ""sem_hellofresh_senior-ux-product-designer-engagement_warszawa-masovian-voivodeship-poland"", ""title"": ""Senior UX Product Designer, Engagement"", ""url"": null, ""job_url"": ""https://careers.hellofresh.com/global/en/job/8167272?gh_jid=8167272"", ""audience_reject_reasons"": [""not_data_ai_field"", ""not_fresher_ws_thesis"", ""ambiguous_needs_review""]}"
2026-09-30T21:00:48.184176+00:00,sem_hellofresh_senior-ux-product-designer_warszawa-masovian-voivodeship-poland,Senior UX Product Designer,HelloFresh,"Warszawa, Masovian Voivodeship, Poland",direct,other_tech,senior,"not_data_ai_field,not_fresher_ws_thesis,ambiguous_needs_review","{""job_id"": ""sem_hellofresh_senior-ux-product-designer_warszawa-masovian-voivodeship-poland"", ""title"": ""Senior UX Product Designer"", ""url"": null, ""job_url"": ""https://careers.hellofresh.com/global/en/job/8147119?gh_jid=8147119"", ""audience_reject_reasons"": [""not_data_ai_field"", ""not_fresher_ws_thesis"", ""ambiguous_needs_review""]}"
2026-09-30T21:00:48.184176+00:00,sem_hellofresh_site-qa-qc-specialist-f-m-x_bleiswijk-south-holland-netherlands,Site QA/QC Specialist (f/m/x),HelloFresh,"Bleiswijk, South Holland, Netherlands",direct,other_tech,mid,"not_data_ai_field,not_fresher_ws_thesis,ambiguous_needs_review","{""job_id"": ""sem_hellofresh_site-qa-qc-specialist-f-m-x_bleiswijk-south-holland-netherlands"", ""title"": ""Site QA/QC Specialist (f/m/x)"", ""url"": null, ""job_url"": ""https://careers.hellofresh.com/global/en/job/8020924?gh_jid=8020924"", ""audience_reject_reasons"": [""not_data_ai_field"", ""not_fresher_ws_thesis"", ""ambiguous_needs_review""]}"
2026-09-30T21:00:48.184176+00:00,sem_holidu_accountant_munich,(Junior) Accountant (m/w/d),Holidu,Munich,arbeitnow,sap_erp,junior,"not_data_ai_field,ambiguous_needs_review","{""job_id"": ""sem_holidu_accountant_munich"", ""title"": ""(Junior) Accountant (m/w/d)"", ""url"": null, ""job_url"": ""https://www.arbeitnow.com/jobs/companies/holidu/junior-accountant-munich-182827"", ""audience_reject_reasons"": [""not_data_ai_field"", ""ambiguous_needs_review""]}"
2026-09-30T21:00:48.184176+00:00,sem_ideals_account-executive-business-development-associate-london_london-united-kingdom,Account Executive / Business Development Associate (London),Ideals,"London, United Kingdom",arbeitnow,other_tech,mid,"not_eu,not_data_ai_field,not_fresher_ws_thesis,ambiguous_needs_review","{""job_id"": ""sem_ideals_account-executive-business-development-associate-london_london-united-kingdom"", ""title"": ""Account Executive / Business Development Associate (London)"", ""url"": null, ""job_url"": ""https://www.arbeitnow.co.uk/jobs/companies/ideals/account-executive-business-development-associate-london-london-united-kingdom-275916"", ""audience_reject_reasons"": [""not_eu"", ""not_data_ai_field"", ""not_fresher_ws_thesis"", ""ambiguous_needs_review""]}"
2026-09-30T21:00:48.184176+00:00,sem_ideals_enterprise-account-executive-zurich_zurich-switzerland,Enterprise Account Executive - Zurich,Ideals,"Zurich, Switzerland",arbeitnow,other_tech,mid,"not_eu,not_data_ai_field,not_fresher_ws_thesis,ambiguous_needs_review","{""job_id"": ""sem_ideals_enterprise-account-executive-zurich_zurich-switzerland"", ""title"": ""Enterprise Account Executive - Zurich"", ""url"": null, ""job_url"": ""https://www.arbeitnow.ch/jobs/companies/ideals/enterprise-account-executive-zurich-413496"", ""audience_reject_reasons"": [""not_eu"", ""not_data_ai_field"", ""not_fresher_ws_thesis"", ""ambiguous_needs_review""]}"
2026-09-30T21:00:48.184176+00:00,sem_jobgate_mitarbeiter-baustellenlogistik-allrounder-a_ch-ch052,Mitarbeiter Baustellenlogistik / Allrounder (a),jobgate ag,CH (CH052),eures,other_tech,mid,"not_eu,not_data_ai_field,not_fresher_ws_thesis,ambiguous_needs_review","{""job_id"": ""sem_jobgate_mitarbeiter-baustellenlogistik-allrounder-a_ch-ch052"", ""title"": ""Mitarbeiter Baustellenlogistik / Allrounder (a)"", ""url"": null, ""job_url"": ""https://europa.eu/eures/portal/jv-se/jv-details/MjVkNzJkN2MtMTQxNC00Y2YxLTg2MTAtZTA3NTVjMDAzZWEyIDYx?jvDisplayLanguage=en&lang=en"", ""audience_reject_reasons"": [""not_eu"", ""not_data_ai_field"", ""not_fresher_ws_thesis"", ""ambiguous_needs_review""]}"
2026-09-30T21:00:48.184176+00:00,sem_jobgether_people-hunter-talent-acquisition-assistant_switzerland,[People] Hunter / Talent Acquisition Assistant,Jobgether,Switzerland,arbeitnow,other_tech,mid,"not_eu,not_data_ai_field,not_fresher_ws_thesis,ambiguous_needs_review","{""job_id"": ""sem_jobgether_people-hunter-talent-acquisition-assistant_switzerland"", ""title"": ""[People] Hunter / Talent Acquisition Assistant"", ""url"": null, ""job_url"": ""https://www.arbeitnow.ch/jobs/companies/jobgether/people-hunter-talent-acquisition-assistant-switzerland-273927"", ""audience_reject_reasons"": [""not_eu"", ""not_data_ai_field"", ""not_fresher_ws_thesis"", ""ambiguous_needs_review""]}"
2026-09-30T21:00:48.184176+00:00,sem_jobgether_people-hunter-talent-acquisition-assistant_uk,[People] Hunter / Talent Acquisition Assistant,Jobgether,UK,arbeitnow,other_tech,mid,"not_eu,not_data_ai_field,not_fresher_ws_thesis,ambiguous_needs_review","{""job_id"": ""sem_jobgether_people-hunter-talent-acquisition-assistant_uk"", ""title"": ""[People] Hunter / Talent Acquisition Assistant"", ""url"": null, ""job_url"": ""https://www.arbeitnow.co.uk/jobs/companies/jobgether/people-hunter-talent-acquisition-assistant-uk-444472"", ""audience_reject_reasons"": [""not_eu"", ""not_data_ai_field"", ""not_fresher_ws_thesis"", ""ambiguous_needs_review""]}"
2026-09-30T21:00:48.184176+00:00,sem_konfetti_business-development-manager-m-w-x-in-berlin_berlin,Business Development Manager (m/w/x) in Berlin,Konfetti GmbH,Berlin,arbeitnow,other_tech,mid,"not_data_ai_field,not_fresher_ws_thesis,ambiguous_needs_review","{""job_id"": ""sem_konfetti_business-development-manager-m-w-x-in-berlin_berlin"", ""title"": ""Business Development Manager (m/w/x) in Berlin"", ""url"": null, ""job_url"": ""https://www.arbeitnow.com/jobs/companies/konfetti-gmbh/business-development-manager-in-berlin-13434"", ""audience_reject_reasons"": [""not_data_ai_field"", ""not_fresher_ws_thesis"", ""ambiguous_needs_review""]}"
2026-09-30T21:00:48.184176+00:00,sem_lga-it_system-administrator_be-be235,System Administrator,LGA IT,BE (BE235),eures,other_tech,mid,"not_data_ai_field,not_fresher_ws_thesis,ambiguous_needs_review","{""job_id"": ""sem_lga-it_system-administrator_be-be235"", ""title"": ""System Administrator"", ""url"": null, ""job_url"": ""https://europa.eu/eures/portal/jv-se/jv-details/MzA0OGJmZTYtNmY2OC00ZDM4LWFlNDMtNGMyMGZkZGNlNjQ4IDM?jvDisplayLanguage=nl&lang=nl"", ""audience_reject_reasons"": [""not_data_ai_field"", ""not_fresher_ws_thesis"", ""ambiguous_needs_review""]}"
2026-09-30T21:00:48.184176+00:00,sem_lrz_fachinformatikerin-systemintegration_garching-bei-m-nchen,Fachinformatikerin (m/w/d) - Systemintegration,Lrz,Garching bei München,arbeitnow,other_tech,mid,"not_data_ai_field,not_fresher_ws_thesis,ambiguous_needs_review","{""job_id"": ""sem_lrz_fachinformatikerin-systemintegration_garching-bei-m-nchen"", ""title"": ""Fachinformatikerin (m/w/d) - Systemintegration"", ""url"": null, ""job_url"": ""https://www.arbeitnow.com/jobs/companies/lrz/fachinformatikerin-systemintegration-garching-bei-munchen-416982"", ""audience_reject_reasons"": [""not_data_ai_field"", ""not_fresher_ws_thesis"", ""ambiguous_needs_review""]}"
2026-09-30T21:00:48.184176+00:00,sem_meggitt-sa_engineering-manager_ch-ch022,Engineering Manager,MEGGITT SA,CH (CH022),eures,other_tech,mid,"not_eu,not_data_ai_field,not_fresher_ws_thesis,ambiguous_needs_review","{""job_id"": ""sem_meggitt-sa_engineering-manager_ch-ch022"", ""title"": ""Engineering Manager"", ""url"": null, ""job_url"": ""https://europa.eu/eures/portal/jv-se/jv-details/MDRiZjE1NGUtOWRhNi00ZjYxLTg1MDQtYWY2Mzg0NzJiYTU2IDYx?jvDisplayLanguage=en&lang=en"", ""audience_reject_reasons"": [""not_eu"", ""not_data_ai_field"", ""not_fresher_ws_thesis"", ""ambiguous_needs_review""]}"
2026-09-30T21:00:48.184176+00:00,sem_mewssystems_senior-revenue-enablement-specialist_,Senior Revenue Enablement Specialist,mewssystems,,arbeitnow,other_tech,senior,"not_eu,not_data_ai_field,not_fresher_ws_thesis,ambiguous_needs_review","{""job_id"": ""sem_mewssystems_senior-revenue-enablement-specialist_"", ""title"": ""Senior Revenue Enablement Specialist"", ""url"": null, ""job_url"": ""https://www.arbeitnow.co.uk/jobs/companies/mewssystems/senior-revenue-enablement-specialist-415862"", ""audience_reject_reasons"": [""not_eu"", ""not_data_ai_field"", ""not_fresher_ws_thesis"", ""ambiguous_needs_review""]}"
2026-09-30T21:00:48.184176+00:00,sem_michael-page-international-belgium_field-service-technician-solutions-techniques-industrielles_be-be100,Field Service Technician - Solutions techniques industrielles,MICHAEL PAGE INTERNATIONAL (BELGIUM),BE (BE100),eures,other_tech,mid,"not_data_ai_field,not_fresher_ws_thesis,ambiguous_needs_review","{""job_id"": ""sem_michael-page-international-belgium_field-service-technician-solutions-techniques-industrielles_be-be100"", ""title"": ""Field Service Technician - Solutions techniques industrielles"", ""url"": null, ""job_url"": ""https://europa.eu/eures/portal/jv-se/jv-details/OGZiNGI3NTctMTIyNi00YjMwLThhNzctZjMxNmUwNWM3OGI3IDM?jvDisplayLanguage=nl&lang=nl"", ""audience_reject_reasons"": [""not_data_ai_field"", ""not_fresher_ws_thesis"", ""ambiguous_needs_review""]}"
2026-09-30T21:00:48.184176+00:00,sem_michael-page-international-belgium_onsite-support_be-be231,Onsite Support,MICHAEL PAGE INTERNATIONAL (BELGIUM),BE (BE231),eures,it_support,mid,"not_data_ai_field,not_fresher_ws_thesis,ambiguous_needs_review","{""job_id"": ""sem_michael-page-international-belgium_onsite-support_be-be231"", ""title"": ""Onsite Support"", ""url"": null, ""job_url"": ""https://europa.eu/eures/portal/jv-se/jv-details/NThmNjVhMzgtMjc5ZC00YjNiLTkxMDctZTUxN2FhYjljNDRhIDM?jvDisplayLanguage=nl&lang=nl"", ""audience_reject_reasons"": [""not_data_ai_field"", ""not_fresher_ws_thesis"", ""ambiguous_needs_review""]}"
2026-09-30T21:00:48.184176+00:00,sem_multiverse_customer-value-partner-strategic-accounts_london,"Customer Value Partner, Strategic Accounts",Multiverse,London,arbeitnow,data_engineering,mid,"not_eu,not_fresher_ws_thesis,ambiguous_needs_review","{""job_id"": ""sem_multiverse_customer-value-partner-strategic-accounts_london"", ""title"": ""Customer Value Partner, Strategic Accounts"", ""url"": null, ""job_url"": ""https://www.arbeitnow.co.uk/jobs/companies/multiverse/customer-value-partner-strategic-accounts-london-459959"", ""audience_reject_reasons"": [""not_eu"", ""not_fresher_ws_thesis"", ""ambiguous_needs_review""]}"
2026-09-30T21:00:48.184176+00:00,sem_mynaric_senior-sales-business-development-manager-asia-pacific-m-f-x_m-nchen,"Senior Sales & Business Development Manager, Asia-Pacific (m/f/x)",Mynaric,München,arbeitnow,other_tech,senior,"not_data_ai_field,not_fresher_ws_thesis,ambiguous_needs_review","{""job_id"": ""sem_mynaric_senior-sales-business-development-manager-asia-pacific-m-f-x_m-nchen"", ""title"": ""Senior Sales & Business Development Manager, Asia-Pacific (m/f/x)"", ""url"": null, ""job_url"": ""https://www.arbeitnow.com/jobs/companies/mynaric/senior-sales-business-development-manager-asia-pacific-munchen-265456"", ""audience_reject_reasons"": [""not_data_ai_field"", ""not_fresher_ws_thesis"", ""ambiguous_needs_review""]}"
2026-09-30T21:00:48.184176+00:00,sem_n26_afc-compliance-controls-and-reviews-associate_berlin,AFC Compliance Controls and Reviews - Associate,N26,Berlin,direct,other_tech,mid,"not_data_ai_field,not_fresher_ws_thesis,ambiguous_needs_review","{""job_id"": ""sem_n26_afc-compliance-controls-and-reviews-associate_berlin"", ""title"": ""AFC Compliance Controls and Reviews - Associate"", ""url"": null, ""job_url"": ""https://n26.com/en-eu/careers/positions/8203585?gh_jid=8203585"", ""audience_reject_reasons"": [""not_data_ai_field"", ""not_fresher_ws_thesis"", ""ambiguous_needs_review""]}"
2026-09-30T21:00:48.184176+00:00,sem_n26_afc-compliance-controls-and-reviews-associate_madrid,AFC Compliance Controls and Reviews - Associate,N26,Madrid,direct,other_tech,mid,"not_data_ai_field,not_fresher_ws_thesis,ambiguous_needs_review","{""job_id"": ""sem_n26_afc-compliance-controls-and-reviews-associate_madrid"", ""title"": ""AFC Compliance Controls and Reviews - Associate"", ""url"": null, ""job_url"": ""https://n26.com/en-eu/careers/positions/8213445?gh_jid=8213445"", ""audience_reject_reasons"": [""not_data_ai_field"", ""not_fresher_ws_thesis"", ""ambiguous_needs_review""]}"
2026-09-30T21:00:48.184176+00:00,sem_n26_banking-operations-occ-fr-specialist-part-time_paris,Banking Operations - OCC FR Specialist (Part-time),N26,Paris,direct,other_tech,mid,"not_data_ai_field,not_fresher_ws_thesis,ambiguous_needs_review","{""job_id"": ""sem_n26_banking-operations-occ-fr-specialist-part-time_paris"", ""title"": ""Banking Operations - OCC FR Specialist (Part-time)"", ""url"": null, ""job_url"": ""https://n26.com/en-eu/careers/positions/8141767?gh_jid=8141767"", ""audience_reject_reasons"": [""not_data_ai_field"", ""not_fresher_ws_thesis"", ""ambiguous_needs_review""]}"
2026-09-30T21:00:48.184176+00:00,sem_n26_business-risk-manager-growth_berlin,Business Risk Manager – Growth,N26,Berlin,direct,other_tech,mid,"not_data_ai_field,not_fresher_ws_thesis,ambiguous_needs_review","{""job_id"": ""sem_n26_business-risk-manager-growth_berlin"", ""title"": ""Business Risk Manager \u2013 Growth"", ""url"": null, ""job_url"": ""https://n26.com/en-eu/careers/positions/7981889?gh_jid=7981889"", ""audience_reject_reasons"": [""not_data_ai_field"", ""not_fresher_ws_thesis"", ""ambiguous_needs_review""]}"
2026-09-30T21:00:48.184176+00:00,sem_n26_product-designer-grow-engage_barcelona,Product Designer - Grow & Engage,N26,Barcelona,direct,embedded_systems,mid,"not_data_ai_field,not_fresher_ws_thesis,ambiguous_needs_review","{""job_id"": ""sem_n26_product-designer-grow-engage_barcelona"", ""title"": ""Product Designer - Grow & Engage"", ""url"": null, ""job_url"": ""https://n26.com/en-eu/careers/positions/8211088?gh_jid=8211088"", ""audience_reject_reasons"": [""not_data_ai_field"", ""not_fresher_ws_thesis"", ""ambiguous_needs_review""]}"
2026-09-30T21:00:48.184176+00:00,sem_n26_team-lead-non-financial-risk-and-internal-controls_berlin,Team Lead Non-Financial Risk and Internal Controls,N26,Berlin,direct,other_tech,senior,"not_data_ai_field,not_fresher_ws_thesis,ambiguous_needs_review","{""job_id"": ""sem_n26_team-lead-non-financial-risk-and-internal-controls_berlin"", ""title"": ""Team Lead Non-Financial Risk and Internal Controls"", ""url"": null, ""job_url"": ""https://n26.com/en-eu/careers/positions/7845376?gh_jid=7845376"", ""audience_reject_reasons"": [""not_data_ai_field"", ""not_fresher_ws_thesis"", ""ambiguous_needs_review""]}"
2026-09-30T21:00:48.184176+00:00,sem_neuralconcept_vp-of-engineering_lausanne,VP of Engineering,Neuralconcept,Lausanne,arbeitnow,other_tech,mid,"not_eu,not_data_ai_field,not_fresher_ws_thesis,ambiguous_needs_review","{""job_id"": ""sem_neuralconcept_vp-of-engineering_lausanne"", ""title"": ""VP of Engineering"", ""url"": null, ""job_url"": ""https://www.arbeitnow.ch/jobs/companies/neuralconcept/vp-of-engineering-lausanne-290645"", ""audience_reject_reasons"": [""not_eu"", ""not_data_ai_field"", ""not_fresher_ws_thesis"", ""ambiguous_needs_review""]}"
2026-09-30T21:00:48.184176+00:00,sem_neuverge-tron_penetration-tester-europe_munich-germany,Penetration Tester - Europe (m/f/d),Neuverge Tron,"Munich, Germany",arbeitnow,other_tech,mid,"not_data_ai_field,not_fresher_ws_thesis,ambiguous_needs_review","{""job_id"": ""sem_neuverge-tron_penetration-tester-europe_munich-germany"", ""title"": ""Penetration Tester - Europe (m/f/d)"", ""url"": null, ""job_url"": ""https://www.arbeitnow.com/jobs/companies/neuverge-tron/penetration-tester-europe-munich-211038"", ""audience_reject_reasons"": [""not_data_ai_field"", ""not_fresher_ws_thesis"", ""ambiguous_needs_review""]}"
2026-09-30T21:00:48.184176+00:00,sem_omnora_marketing-manager-ki-automation_frankfurt-am-main,Marketing Manager - KI & Automation (m/w/d),Omnora GmbH,Frankfurt am Main,arbeitnow,other_tech,mid,"not_data_ai_field,not_fresher_ws_thesis,ambiguous_needs_review","{""job_id"": ""sem_omnora_marketing-manager-ki-automation_frankfurt-am-main"", ""title"": ""Marketing Manager - KI & Automation (m/w/d)"", ""url"": null, ""job_url"": ""https://www.arbeitnow.com/jobs/companies/omnora-gmbh/marketing-manager-ki-automation-frankfurt-am-main-4109"", ""audience_reject_reasons"": [""not_data_ai_field"", ""not_fresher_ws_thesis"", ""ambiguous_needs_review""]}"
2026-09-30T21:00:48.184176+00:00,sem_omnora_marketing-manager_frankfurt-am-main,Marketing Manager (m/w/d),Omnora GmbH,Frankfurt am Main,arbeitnow,other_tech,mid,"not_data_ai_field,not_fresher_ws_thesis,ambiguous_needs_review","{""job_id"": ""sem_omnora_marketing-manager_frankfurt-am-main"", ""title"": ""Marketing Manager (m/w/d)"", ""url"": null, ""job_url"": ""https://www.arbeitnow.com/jobs/companies/omnora-gmbh/marketing-manager-frankfurt-am-main-386317"", ""audience_reject_reasons"": [""not_data_ai_field"", ""not_fresher_ws_thesis"", ""ambiguous_needs_review""]}"
2026-09-30T21:00:48.184176+00:00,sem_ontic_senior-director-sales-uk_united-kingdom,"Senior Director, Sales - UK",Ontic,United Kingdom,arbeitnow,other_tech,senior,"not_eu,not_data_ai_field,not_fresher_ws_thesis,ambiguous_needs_review","{""job_id"": ""sem_ontic_senior-director-sales-uk_united-kingdom"", ""title"": ""Senior Director, Sales - UK"", ""url"": null, ""job_url"": ""https://www.arbeitnow.co.uk/jobs/companies/ontic/senior-director-sales-uk-united-kingdom-279971"", ""audience_reject_reasons"": [""not_eu"", ""not_data_ai_field"", ""not_fresher_ws_thesis"", ""ambiguous_needs_review""]}"
2026-09-30T21:00:48.184176+00:00,sem_ottonova_werkstudent-kommunikationsdesign_m-nchen,Werkstudent – Kommunikationsdesign (m/w/d),Ottonova,München,arbeitnow,other_tech,working_student,"not_data_ai_field,ambiguous_needs_review","{""job_id"": ""sem_ottonova_werkstudent-kommunikationsdesign_m-nchen"", ""title"": ""Werkstudent \u2013 Kommunikationsdesign (m/w/d)"", ""url"": null, ""job_url"": ""https://www.arbeitnow.com/jobs/companies/ottonova/werkstudent-kommunikationsdesign-munchen-318924"", ""audience_reject_reasons"": [""not_data_ai_field"", ""ambiguous_needs_review""]}"
2026-09-30T21:00:48.184176+00:00,sem_pivot_account-executive-enterprise-i-paris_paris,Account Executive - Enterprise I Paris,Pivot,Paris,arbeitnow,cybersecurity,mid,"not_data_ai_field,not_fresher_ws_thesis,ambiguous_needs_review","{""job_id"": ""sem_pivot_account-executive-enterprise-i-paris_paris"", ""title"": ""Account Executive - Enterprise I Paris"", ""url"": null, ""job_url"": ""https://www.arbeitnow.fr/jobs/companies/pivot/account-executive-enterprise-i-paris-34551"", ""audience_reject_reasons"": [""not_data_ai_field"", ""not_fresher_ws_thesis"", ""ambiguous_needs_review""]}"
2026-09-30T21:00:48.184176+00:00,sem_plentific_supply-chain-specialist_london-office,Supply Chain Specialist,Plentific,London Office,arbeitnow,other_tech,senior,"not_eu,not_data_ai_field,not_fresher_ws_thesis,ambiguous_needs_review","{""job_id"": ""sem_plentific_supply-chain-specialist_london-office"", ""title"": ""Supply Chain Specialist"", ""url"": null, ""job_url"": ""https://www.arbeitnow.co.uk/jobs/companies/plentific/supply-chain-specialist-london-183485"", ""audience_reject_reasons"": [""not_eu"", ""not_data_ai_field"", ""not_fresher_ws_thesis"", ""ambiguous_needs_review""]}"
2026-09-30T21:00:48.184176+00:00,sem_project-blackbook_customer-marketing-consultant-contract-role_london,Customer & Marketing Consultant - Contract role,Project Blackbook,London,arbeitnow,other_tech,senior,"not_eu,not_data_ai_field,not_fresher_ws_thesis,ambiguous_needs_review","{""job_id"": ""sem_project-blackbook_customer-marketing-consultant-contract-role_london"", ""title"": ""Customer & Marketing Consultant - Contract role"", ""url"": null, ""job_url"": ""https://www.arbeitnow.co.uk/jobs/companies/project-blackbook/customer-marketing-consultant-contract-role-london-208974"", ""audience_reject_reasons"": [""not_eu"", ""not_data_ai_field"", ""not_fresher_ws_thesis"", ""ambiguous_needs_review""]}"
2026-09-30T21:00:48.184176+00:00,sem_randstad-ab_senior-scrummaster_se232,Senior Scrummaster,Randstad AB,SE (SE232),eures,software_engineering,senior,"not_data_ai_field,not_fresher_ws_thesis,ambiguous_needs_review","{""job_id"": ""sem_randstad-ab_senior-scrummaster_se232"", ""title"": ""Senior Scrummaster"", ""url"": null, ""job_url"": ""https://europa.eu/eures/portal/jv-se/jv-details/NjMxMTk1MiAxMjE?jvDisplayLanguage=en&lang=en"", ""audience_reject_reasons"": [""not_data_ai_field"", ""not_fresher_ws_thesis"", ""ambiguous_needs_review""]}"
2026-09-30T21:00:48.184176+00:00,sem_randstad-deutschland_lagerarbeiter-gabelstaplerfahrer-in_de-de721,Lagerarbeiter (m/w/d) (Gabelstaplerfahrer/in),Randstad Deutschland,DE (DE721),eures,other_tech,trainee_graduate,"not_data_ai_field,ambiguous_needs_review","{""job_id"": ""sem_randstad-deutschland_lagerarbeiter-gabelstaplerfahrer-in_de-de721"", ""title"": ""Lagerarbeiter (m/w/d) (Gabelstaplerfahrer/in)"", ""url"": null, ""job_url"": ""https://europa.eu/eures/portal/jv-se/jv-details/MTExMTktNDg2MTE5Nzc4MC1TIDE?jvDisplayLanguage=de&lang=de"", ""audience_reject_reasons"": [""not_data_ai_field"", ""ambiguous_needs_review""]}"
2026-09-30T21:00:48.184176+00:00,sem_realchemistry_director-medical-strategy-medical-affairs_,"Director, Medical Strategy (Medical Affairs)",Realchemistry,,arbeitnow,other_tech,mid,"not_eu,not_data_ai_field,not_fresher_ws_thesis,ambiguous_needs_review","{""job_id"": ""sem_realchemistry_director-medical-strategy-medical-affairs_"", ""title"": ""Director, Medical Strategy (Medical Affairs)"", ""url"": null, ""job_url"": ""https://www.arbeitnow.co.uk/jobs/companies/realchemistry/director-medical-strategy-medical-affairs-31877"", ""audience_reject_reasons"": [""not_eu"", ""not_data_ai_field"", ""not_fresher_ws_thesis"", ""ambiguous_needs_review""]}"
2026-09-30T21:00:48.184176+00:00,sem_realchemistry_senior-account-manager_,Senior Account Manager,Realchemistry,,arbeitnow,other_tech,senior,"not_eu,not_data_ai_field,not_fresher_ws_thesis,ambiguous_needs_review","{""job_id"": ""sem_realchemistry_senior-account-manager_"", ""title"": ""Senior Account Manager"", ""url"": null, ""job_url"": ""https://www.arbeitnow.co.uk/jobs/companies/realchemistry/senior-account-manager-149606"", ""audience_reject_reasons"": [""not_eu"", ""not_data_ai_field"", ""not_fresher_ws_thesis"", ""ambiguous_needs_review""]}"
2026-09-30T21:00:48.184176+00:00,sem_relay_senior-sales-manager_london-on-site,Senior Sales Manager,Relay,London - On-site,arbeitnow,other_tech,senior,"not_eu,not_data_ai_field,not_fresher_ws_thesis,ambiguous_needs_review","{""job_id"": ""sem_relay_senior-sales-manager_london-on-site"", ""title"": ""Senior Sales Manager"", ""url"": null, ""job_url"": ""https://www.arbeitnow.co.uk/jobs/companies/relay/senior-sales-manager-london-381189"", ""audience_reject_reasons"": [""not_eu"", ""not_data_ai_field"", ""not_fresher_ws_thesis"", ""ambiguous_needs_review""]}"
2026-09-30T21:00:48.184176+00:00,sem_salonkee_sales-manager-im-au-endienst-graub-nden_schweiz-graub-nden,Sales Manager im Außendienst (m/w/d) - Graubünden,Salonkee,Schweiz / Graubünden,arbeitnow,other_tech,mid,"not_eu,not_data_ai_field,not_fresher_ws_thesis,ambiguous_needs_review","{""job_id"": ""sem_salonkee_sales-manager-im-au-endienst-graub-nden_schweiz-graub-nden"", ""title"": ""Sales Manager im Au\u00dfendienst (m/w/d) - Graub\u00fcnden"", ""url"": null, ""job_url"": ""https://www.arbeitnow.ch/jobs/companies/salonkee/sales-manager-im-aussendienst-graubunden-7896"", ""audience_reject_reasons"": [""not_eu"", ""not_data_ai_field"", ""not_fresher_ws_thesis"", ""ambiguous_needs_review""]}"
2026-09-30T21:00:48.184176+00:00,sem_salonkee_sales-manager-im-au-endienst-uri_schweiz-uri,Sales Manager im Außendienst (m/w/d) - Uri,Salonkee,Schweiz / Uri,arbeitnow,other_tech,mid,"not_eu,not_data_ai_field,not_fresher_ws_thesis,ambiguous_needs_review","{""job_id"": ""sem_salonkee_sales-manager-im-au-endienst-uri_schweiz-uri"", ""title"": ""Sales Manager im Au\u00dfendienst (m/w/d) - Uri"", ""url"": null, ""job_url"": ""https://www.arbeitnow.ch/jobs/companies/salonkee/sales-manager-im-aussendienst-uri-289534"", ""audience_reject_reasons"": [""not_eu"", ""not_data_ai_field"", ""not_fresher_ws_thesis"", ""ambiguous_needs_review""]}"
2026-09-30T21:00:48.184176+00:00,sem_sauter-building-control-schweiz_verkaufsingenieur-80-100-in-d-bendorf_ch-ch040,Verkaufsingenieur  80%-100% in Dübendorf,Sauter Building Control Schweiz AG,CH (CH040),eures,other_tech,mid,"not_eu,not_data_ai_field,not_fresher_ws_thesis,ambiguous_needs_review","{""job_id"": ""sem_sauter-building-control-schweiz_verkaufsingenieur-80-100-in-d-bendorf_ch-ch040"", ""title"": ""Verkaufsingenieur  80%-100% in D\u00fcbendorf"", ""url"": null, ""job_url"": ""https://europa.eu/eures/portal/jv-se/jv-details/YmEyNjgzNmYtMDk4Ni00ZTk5LTg1YmQtZjk1MjU5ZTU5MzYzIDYx?jvDisplayLanguage=en&lang=en"", ""audience_reject_reasons"": [""not_eu"", ""not_data_ai_field"", ""not_fresher_ws_thesis"", ""ambiguous_needs_review""]}"
2026-09-30T21:00:48.184176+00:00,sem_sd-worx-jobs_supervisor-technisch-onderhoud_be-be236,Supervisor Technisch Onderhoud,SD Worx Jobs,BE (BE236),eures,non_tech,mid,"not_data_ai_field,not_fresher_ws_thesis,ambiguous_needs_review","{""job_id"": ""sem_sd-worx-jobs_supervisor-technisch-onderhoud_be-be236"", ""title"": ""Supervisor Technisch Onderhoud"", ""url"": null, ""job_url"": ""https://europa.eu/eures/portal/jv-se/jv-details/MDlmZDkwMjktYTczMS00MjAyLWJlMjEtYzQ2OTY2NDhlOTc1IDM?jvDisplayLanguage=nl&lang=nl"", ""audience_reject_reasons"": [""not_data_ai_field"", ""not_fresher_ws_thesis"", ""ambiguous_needs_review""]}"
2026-09-30T21:00:48.184176+00:00,sem_secosys-it_netzwerkadministrator_erfurt,Netzwerkadministrator (m/w/d),SECOSYS-IT,Erfurt,arbeitnow,other_tech,mid,"not_data_ai_field,not_fresher_ws_thesis,ambiguous_needs_review","{""job_id"": ""sem_secosys-it_netzwerkadministrator_erfurt"", ""title"": ""Netzwerkadministrator (m/w/d)"", ""url"": null, ""job_url"": ""https://www.arbeitnow.com/jobs/companies/secosys-it/netzwerkadministrator-erfurt-340648"", ""audience_reject_reasons"": [""not_data_ai_field"", ""not_fresher_ws_thesis"", ""ambiguous_needs_review""]}"
2026-09-30T21:00:48.184176+00:00,sem_shipbobinc_senior-business-development-representative_sydney-australia,Senior Business Development Representative,Shipbobinc,"Sydney, Australia",arbeitnow,software_engineering,senior,"not_eu,not_data_ai_field,not_fresher_ws_thesis,ambiguous_needs_review","{""job_id"": ""sem_shipbobinc_senior-business-development-representative_sydney-australia"", ""title"": ""Senior Business Development Representative"", ""url"": null, ""job_url"": ""https://www.arbeitnow.co.uk/jobs/companies/shipbobinc/senior-business-development-representative-sydney-australia-217828"", ""audience_reject_reasons"": [""not_eu"", ""not_data_ai_field"", ""not_fresher_ws_thesis"", ""ambiguous_needs_review""]}"
2026-09-30T21:00:48.184176+00:00,sem_sifflet_general-counsel_france,General Counsel,sifflet,France,arbeitnow,other_tech,mid,"not_data_ai_field,not_fresher_ws_thesis,ambiguous_needs_review","{""job_id"": ""sem_sifflet_general-counsel_france"", ""title"": ""General Counsel"", ""url"": null, ""job_url"": ""https://www.arbeitnow.fr/jobs/companies/sifflet/general-counsel-france-187405"", ""audience_reject_reasons"": [""not_data_ai_field"", ""not_fresher_ws_thesis"", ""ambiguous_needs_review""]}"
2026-09-30T21:00:48.184176+00:00,sem_skalar_steuerassistent-in_m-nchen,Steuerassistent:in (w/m/d),Skalar,München,arbeitnow,software_engineering,mid,"not_data_ai_field,not_fresher_ws_thesis,ambiguous_needs_review","{""job_id"": ""sem_skalar_steuerassistent-in_m-nchen"", ""title"": ""Steuerassistent:in (w/m/d)"", ""url"": null, ""job_url"": ""https://www.arbeitnow.com/jobs/companies/skalar/steuerassistentin-munich-236471"", ""audience_reject_reasons"": [""not_data_ai_field"", ""not_fresher_ws_thesis"", ""ambiguous_needs_review""]}"
2026-09-30T21:00:48.184176+00:00,sem_solum-search-ab_key-account-manager-till-netwest_se232,Key Account Manager till Netwest,Solum Search AB,SE (SE232),eures,other_tech,mid,"not_data_ai_field,not_fresher_ws_thesis,ambiguous_needs_review","{""job_id"": ""sem_solum-search-ab_key-account-manager-till-netwest_se232"", ""title"": ""Key Account Manager till Netwest"", ""url"": null, ""job_url"": ""https://europa.eu/eures/portal/jv-se/jv-details/NjMxNTMwOCAxMjE?jvDisplayLanguage=sv&lang=sv"", ""audience_reject_reasons"": [""not_data_ai_field"", ""not_fresher_ws_thesis"", ""ambiguous_needs_review""]}"
2026-09-30T21:00:48.184176+00:00,sem_sumup_account-executive_london-england-united-kingdom,Account Executive,SumUp,"London, England, United Kingdom",direct,other_tech,mid,"not_eu,not_data_ai_field,not_fresher_ws_thesis,ambiguous_needs_review","{""job_id"": ""sem_sumup_account-executive_london-england-united-kingdom"", ""title"": ""Account Executive"", ""url"": null, ""job_url"": ""https://sumup.com/careers/positions/8097315002?gh_jid=8097315002"", ""audience_reject_reasons"": [""not_eu"", ""not_data_ai_field"", ""not_fresher_ws_thesis"", ""ambiguous_needs_review""]}"
2026-09-30T21:00:48.184176+00:00,sem_sumup_business-development-manager-payments-pos_newcastle-upon-tyne-england-united-kingdom,Business Development Manager – Payments & POS,SumUp,"Newcastle upon Tyne, England, United Kingdom",direct,other_tech,mid,"not_eu,not_data_ai_field,not_fresher_ws_thesis,ambiguous_needs_review","{""job_id"": ""sem_sumup_business-development-manager-payments-pos_newcastle-upon-tyne-england-united-kingdom"", ""title"": ""Business Development Manager \u2013 Payments & POS"", ""url"": null, ""job_url"": ""https://sumup.com/careers/positions/7789384002?gh_jid=7789384002"", ""audience_reject_reasons"": [""not_eu"", ""not_data_ai_field"", ""not_fresher_ws_thesis"", ""ambiguous_needs_review""]}"
2026-09-30T21:00:48.184176+00:00,sem_sumup_business-development-team-lead_cologne-germany,Business Development Team Lead (m/w/d),SumUp,"Cologne, Germany",direct,other_tech,senior,"not_data_ai_field,not_fresher_ws_thesis,ambiguous_needs_review","{""job_id"": ""sem_sumup_business-development-team-lead_cologne-germany"", ""title"": ""Business Development Team Lead (m/w/d)"", ""url"": null, ""job_url"": ""https://sumup.com/careers/positions/8615309002?gh_jid=8615309002"", ""audience_reject_reasons"": [""not_data_ai_field"", ""not_fresher_ws_thesis"", ""ambiguous_needs_review""]}"
2026-09-30T21:00:48.184176+00:00,sem_sumup_chief-operating-officer-pcf-42-sumup-limited_dublin-dublin-ireland,Chief Operating Officer (PCF-42) - SumUp Limited,SumUp,"Dublin, Dublin, Ireland",direct,other_tech,mid,"not_data_ai_field,not_fresher_ws_thesis,ambiguous_needs_review","{""job_id"": ""sem_sumup_chief-operating-officer-pcf-42-sumup-limited_dublin-dublin-ireland"", ""title"": ""Chief Operating Officer (PCF-42) - SumUp Limited"", ""url"": null, ""job_url"": ""https://sumup.com/careers/positions/8644924002?gh_jid=8644924002"", ""audience_reject_reasons"": [""not_data_ai_field"", ""not_fresher_ws_thesis"", ""ambiguous_needs_review""]}"
2026-09-30T21:00:48.184176+00:00,sem_sumup_commercial-terrain-ind-pendant-freelance_caen-calvados-france,Commercial Terrain - Indépendant (Freelance),SumUp,"Caen, Calvados, France",direct,other_tech,mid,"not_data_ai_field,not_fresher_ws_thesis,ambiguous_needs_review","{""job_id"": ""sem_sumup_commercial-terrain-ind-pendant-freelance_caen-calvados-france"", ""title"": ""Commercial Terrain - Ind\u00e9pendant (Freelance)"", ""url"": null, ""job_url"": ""https://sumup.com/careers/positions/8210441002?gh_jid=8210441002"", ""audience_reject_reasons"": [""not_data_ai_field"", ""not_fresher_ws_thesis"", ""ambiguous_needs_review""]}"
2026-09-30T21:00:48.184176+00:00,sem_sumup_commercial-terrain-ind-pendant-freelance_cherbourg-en-cotentin-manche-france,Commercial Terrain - Indépendant (Freelance),SumUp,"Cherbourg-en-Cotentin, Manche, France",direct,other_tech,mid,"not_data_ai_field,not_fresher_ws_thesis,ambiguous_needs_review","{""job_id"": ""sem_sumup_commercial-terrain-ind-pendant-freelance_cherbourg-en-cotentin-manche-france"", ""title"": ""Commercial Terrain - Ind\u00e9pendant (Freelance)"", ""url"": null, ""job_url"": ""https://sumup.com/careers/positions/7875352002?gh_jid=7875352002"", ""audience_reject_reasons"": [""not_data_ai_field"", ""not_fresher_ws_thesis"", ""ambiguous_needs_review""]}"
2026-09-30T21:00:48.184176+00:00,sem_sumup_commercial-terrain-ind-pendant-freelance_le-havre-seine-maritime-france,Commercial Terrain - Indépendant (Freelance),SumUp,"Le Havre, Seine-Maritime, France",direct,other_tech,mid,"not_data_ai_field,not_fresher_ws_thesis,ambiguous_needs_review","{""job_id"": ""sem_sumup_commercial-terrain-ind-pendant-freelance_le-havre-seine-maritime-france"", ""title"": ""Commercial Terrain - Ind\u00e9pendant (Freelance)"", ""url"": null, ""job_url"": ""https://sumup.com/careers/positions/8210442002?gh_jid=8210442002"", ""audience_reject_reasons"": [""not_data_ai_field"", ""not_fresher_ws_thesis"", ""ambiguous_needs_review""]}"
2026-09-30T21:00:48.184176+00:00,sem_sumup_consultor-de-vendas_lisbon-portugal,Consultor de Vendas,SumUp,"Lisbon, Portugal",direct,other_tech,mid,"not_data_ai_field,not_fresher_ws_thesis,ambiguous_needs_review","{""job_id"": ""sem_sumup_consultor-de-vendas_lisbon-portugal"", ""title"": ""Consultor de Vendas"", ""url"": null, ""job_url"": ""https://sumup.com/careers/positions/8181753002?gh_jid=8181753002"", ""audience_reject_reasons"": [""not_data_ai_field"", ""not_fresher_ws_thesis"", ""ambiguous_needs_review""]}"
2026-09-30T21:00:48.184176+00:00,sem_sumup_corporate-tax-lead_sofia-bulgaria,Corporate Tax Lead,SumUp,"Sofia, Bulgaria",direct,sap_erp,senior,"not_data_ai_field,not_fresher_ws_thesis,ambiguous_needs_review","{""job_id"": ""sem_sumup_corporate-tax-lead_sofia-bulgaria"", ""title"": ""Corporate Tax Lead"", ""url"": null, ""job_url"": ""https://sumup.com/careers/positions/8624281002?gh_jid=8624281002"", ""audience_reject_reasons"": [""not_data_ai_field"", ""not_fresher_ws_thesis"", ""ambiguous_needs_review""]}"
2026-09-30T21:00:48.184176+00:00,sem_sumup_field-sales-territory-manager-emilia-romagna_emilia-romagna-italy,Field Sales Territory Manager - Emilia-Romagna,SumUp,"Emilia-Romagna, Italy",direct,other_tech,mid,"not_data_ai_field,not_fresher_ws_thesis,ambiguous_needs_review","{""job_id"": ""sem_sumup_field-sales-territory-manager-emilia-romagna_emilia-romagna-italy"", ""title"": ""Field Sales Territory Manager - Emilia-Romagna"", ""url"": null, ""job_url"": ""https://sumup.com/careers/positions/8634749002?gh_jid=8634749002"", ""audience_reject_reasons"": [""not_data_ai_field"", ""not_fresher_ws_thesis"", ""ambiguous_needs_review""]}"
2026-09-30T21:00:48.184176+00:00,sem_sumup_field-sales-territory-manager-liguria_liguria-italy,Field Sales Territory Manager - Liguria,SumUp,"Liguria, Italy",direct,other_tech,mid,"not_data_ai_field,not_fresher_ws_thesis,ambiguous_needs_review","{""job_id"": ""sem_sumup_field-sales-territory-manager-liguria_liguria-italy"", ""title"": ""Field Sales Territory Manager - Liguria"", ""url"": null, ""job_url"": ""https://sumup.com/careers/positions/8706552002?gh_jid=8706552002"", ""audience_reject_reasons"": [""not_data_ai_field"", ""not_fresher_ws_thesis"", ""ambiguous_needs_review""]}"
2026-09-30T21:00:48.184176+00:00,sem_sumup_head-of-regional-field-sales-spain-and-portugal_barcelona-barcelona-spain,Head of Regional Field Sales - Spain and Portugal,SumUp,"Barcelona, Barcelona, Spain",direct,other_tech,senior,"not_data_ai_field,not_fresher_ws_thesis,ambiguous_needs_review","{""job_id"": ""sem_sumup_head-of-regional-field-sales-spain-and-portugal_barcelona-barcelona-spain"", ""title"": ""Head of Regional Field Sales - Spain and Portugal"", ""url"": null, ""job_url"": ""https://sumup.com/careers/positions/8811363002?gh_jid=8811363002"", ""audience_reject_reasons"": [""not_data_ai_field"", ""not_fresher_ws_thesis"", ""ambiguous_needs_review""]}"
2026-09-30T21:00:48.184176+00:00,sem_sumup_junior-complaints-compliance-specialist_sofia-bulgaria,Junior Complaints & Compliance Specialist,SumUp,"Sofia, Bulgaria",direct,other_tech,junior,"not_data_ai_field,ambiguous_needs_review","{""job_id"": ""sem_sumup_junior-complaints-compliance-specialist_sofia-bulgaria"", ""title"": ""Junior Complaints & Compliance Specialist"", ""url"": null, ""job_url"": ""https://sumup.com/careers/positions/8806268002?gh_jid=8806268002"", ""audience_reject_reasons"": [""not_data_ai_field"", ""ambiguous_needs_review""]}"
2026-09-30T21:00:48.184176+00:00,sem_sumup_junior-inbound-sales-representative-nordics_london-england-united-kingdom,Junior Inbound Sales Representative [Nordics],SumUp,"London, England, United Kingdom",direct,other_tech,junior,"not_eu,not_data_ai_field,ambiguous_needs_review","{""job_id"": ""sem_sumup_junior-inbound-sales-representative-nordics_london-england-united-kingdom"", ""title"": ""Junior Inbound Sales Representative [Nordics]"", ""url"": null, ""job_url"": ""https://sumup.com/careers/positions/8713865002?gh_jid=8713865002"", ""audience_reject_reasons"": [""not_eu"", ""not_data_ai_field"", ""ambiguous_needs_review""]}"
2026-09-30T21:00:48.184176+00:00,sem_sumup_junior-sales-development-representative_cologne-germany,Junior Sales Development Representative (m/w/d),SumUp,"Cologne, Germany",direct,other_tech,junior,"not_data_ai_field,ambiguous_needs_review","{""job_id"": ""sem_sumup_junior-sales-development-representative_cologne-germany"", ""title"": ""Junior Sales Development Representative (m/w/d)"", ""url"": null, ""job_url"": ""https://sumup.com/careers/positions/8820269002?gh_jid=8820269002"", ""audience_reject_reasons"": [""not_data_ai_field"", ""ambiguous_needs_review""]}"
2026-09-30T21:00:48.184176+00:00,sem_sumup_kyc-edd-operations-agent-german_sofia-bulgaria,KYC EDD Operations Agent (German),SumUp,"Sofia, Bulgaria",direct,other_tech,mid,"not_data_ai_field,not_fresher_ws_thesis,ambiguous_needs_review","{""job_id"": ""sem_sumup_kyc-edd-operations-agent-german_sofia-bulgaria"", ""title"": ""KYC EDD Operations Agent (German)"", ""url"": null, ""job_url"": ""https://sumup.com/careers/positions/8712769002?gh_jid=8712769002"", ""audience_reject_reasons"": [""not_data_ai_field"", ""not_fresher_ws_thesis"", ""ambiguous_needs_review""]}"
2026-09-30T21:00:48.184176+00:00,sem_sumup_kyc-operations-agent-with-dutch_sofia-bulgaria,KYC Operations Agent with Dutch,SumUp,"Sofia, Bulgaria",direct,qa_testing,mid,"not_data_ai_field,not_fresher_ws_thesis,ambiguous_needs_review","{""job_id"": ""sem_sumup_kyc-operations-agent-with-dutch_sofia-bulgaria"", ""title"": ""KYC Operations Agent with Dutch"", ""url"": null, ""job_url"": ""https://sumup.com/careers/positions/8658514002?gh_jid=8658514002"", ""audience_reject_reasons"": [""not_data_ai_field"", ""not_fresher_ws_thesis"", ""ambiguous_needs_review""]}"
2026-09-30T21:00:48.184176+00:00,sem_sumup_regional-manager-field-sales_copenhagen-denmark,Regional Manager Field Sales,SumUp,"Copenhagen, Denmark",direct,other_tech,mid,"not_data_ai_field,not_fresher_ws_thesis,ambiguous_needs_review","{""job_id"": ""sem_sumup_regional-manager-field-sales_copenhagen-denmark"", ""title"": ""Regional Manager Field Sales"", ""url"": null, ""job_url"": ""https://sumup.com/careers/positions/8622070002?gh_jid=8622070002"", ""audience_reject_reasons"": [""not_data_ai_field"", ""not_fresher_ws_thesis"", ""ambiguous_needs_review""]}"
2026-09-30T21:00:48.184176+00:00,sem_sumup_selbstst-ndiger-vertriebsmitarbeiter-au-endienst-m-w-x_vienna-vienna-austria,Selbstständiger Vertriebsmitarbeiter Außendienst (m/w/x),SumUp,"Vienna, Vienna, Austria",direct,other_tech,mid,"not_data_ai_field,not_fresher_ws_thesis,ambiguous_needs_review","{""job_id"": ""sem_sumup_selbstst-ndiger-vertriebsmitarbeiter-au-endienst-m-w-x_vienna-vienna-austria"", ""title"": ""Selbstst\u00e4ndiger Vertriebsmitarbeiter Au\u00dfendienst (m/w/x)"", ""url"": null, ""job_url"": ""https://sumup.com/careers/positions/8559397002?gh_jid=8559397002"", ""audience_reject_reasons"": [""not_data_ai_field"", ""not_fresher_ws_thesis"", ""ambiguous_needs_review""]}"
2026-09-30T21:00:48.184176+00:00,sem_sumup_senior-commercial-finance-business-partner_berlin-germany,Senior Commercial Finance Business Partner,SumUp,"Berlin, Germany",direct,other_tech,senior,"not_data_ai_field,not_fresher_ws_thesis,ambiguous_needs_review","{""job_id"": ""sem_sumup_senior-commercial-finance-business-partner_berlin-germany"", ""title"": ""Senior Commercial Finance Business Partner"", ""url"": null, ""job_url"": ""https://sumup.com/careers/positions/8745560002?gh_jid=8745560002"", ""audience_reject_reasons"": [""not_data_ai_field"", ""not_fresher_ws_thesis"", ""ambiguous_needs_review""]}"
2026-09-30T21:00:48.184176+00:00,sem_sumup_senior-commercial-finance-business-partner_london-england-united-kingdom,Senior Commercial Finance Business Partner,SumUp,"London, England, United Kingdom",direct,other_tech,senior,"not_eu,not_data_ai_field,not_fresher_ws_thesis,ambiguous_needs_review","{""job_id"": ""sem_sumup_senior-commercial-finance-business-partner_london-england-united-kingdom"", ""title"": ""Senior Commercial Finance Business Partner"", ""url"": null, ""job_url"": ""https://sumup.com/careers/positions/8690955002?gh_jid=8690955002"", ""audience_reject_reasons"": [""not_eu"", ""not_data_ai_field"", ""not_fresher_ws_thesis"", ""ambiguous_needs_review""]}"
2026-09-30T21:00:48.184176+00:00,sem_sumup_senior-internal-auditor_london-england-united-kingdom,Senior Internal Auditor,SumUp,"London, England, United Kingdom",direct,other_tech,senior,"not_eu,not_data_ai_field,not_fresher_ws_thesis,ambiguous_needs_review","{""job_id"": ""sem_sumup_senior-internal-auditor_london-england-united-kingdom"", ""title"": ""Senior Internal Auditor"", ""url"": null, ""job_url"": ""https://sumup.com/careers/positions/8646778002?gh_jid=8646778002"", ""audience_reject_reasons"": [""not_eu"", ""not_data_ai_field"", ""not_fresher_ws_thesis"", ""ambiguous_needs_review""]}"
2026-09-30T21:00:48.184176+00:00,sem_sumup_territory-sales-manager_copenhagen-denmark,Territory Sales Manager,SumUp,"Copenhagen, Denmark",direct,other_tech,mid,"not_data_ai_field,not_fresher_ws_thesis,ambiguous_needs_review","{""job_id"": ""sem_sumup_territory-sales-manager_copenhagen-denmark"", ""title"": ""Territory Sales Manager"", ""url"": null, ""job_url"": ""https://sumup.com/careers/positions/8192637002?gh_jid=8192637002"", ""audience_reject_reasons"": [""not_data_ai_field"", ""not_fresher_ws_thesis"", ""ambiguous_needs_review""]}"
2026-09-30T21:00:48.184176+00:00,sem_sumup_workday-specialist_warsaw-poland,Workday Specialist,SumUp,"Warsaw, Poland",direct,other_tech,mid,"not_data_ai_field,not_fresher_ws_thesis,ambiguous_needs_review","{""job_id"": ""sem_sumup_workday-specialist_warsaw-poland"", ""title"": ""Workday Specialist"", ""url"": null, ""job_url"": ""https://sumup.com/careers/positions/8858309002?gh_jid=8858309002"", ""audience_reject_reasons"": [""not_data_ai_field"", ""not_fresher_ws_thesis"", ""ambiguous_needs_review""]}"
2026-09-30T21:00:48.184176+00:00,sem_superchat_head-of-finance_berlin,Head of Finance (m/f/d),Superchat,Berlin,arbeitnow,other_tech,senior,"not_data_ai_field,not_fresher_ws_thesis,ambiguous_needs_review","{""job_id"": ""sem_superchat_head-of-finance_berlin"", ""title"": ""Head of Finance (m/f/d)"", ""url"": null, ""job_url"": ""https://www.arbeitnow.com/jobs/companies/superchat/head-of-finance-berlin-309813"", ""audience_reject_reasons"": [""not_data_ai_field"", ""not_fresher_ws_thesis"", ""ambiguous_needs_review""]}"
2026-09-30T21:00:48.184176+00:00,sem_tacto_account-manager_munich,(Senior) Account Manager,Tacto,Munich,arbeitnow,other_tech,senior,"not_data_ai_field,not_fresher_ws_thesis,ambiguous_needs_review","{""job_id"": ""sem_tacto_account-manager_munich"", ""title"": ""(Senior) Account Manager"", ""url"": null, ""job_url"": ""https://www.arbeitnow.com/jobs/companies/tacto/senior-account-manager-munich-96914"", ""audience_reject_reasons"": [""not_data_ai_field"", ""not_fresher_ws_thesis"", ""ambiguous_needs_review""]}"
2026-09-30T21:00:48.184176+00:00,sem_tacto_forward-deployed-engineering-team-lead_munich,Forward Deployed Engineering Team Lead,Tacto,Munich,arbeitnow,other_tech,senior,"not_data_ai_field,not_fresher_ws_thesis,ambiguous_needs_review","{""job_id"": ""sem_tacto_forward-deployed-engineering-team-lead_munich"", ""title"": ""Forward Deployed Engineering Team Lead"", ""url"": null, ""job_url"": ""https://www.arbeitnow.com/jobs/companies/tacto/forward-deployed-engineering-team-lead-munich-216208"", ""audience_reject_reasons"": [""not_data_ai_field"", ""not_fresher_ws_thesis"", ""ambiguous_needs_review""]}"
2026-09-30T21:00:48.184176+00:00,sem_tektraco_quality-engineering-support_mt-mt001,QUALITY & ENGINEERING SUPPORT,TEKTRACO LTD.,MT (MT001),eures,other_tech,mid,"not_data_ai_field,not_fresher_ws_thesis,ambiguous_needs_review","{""job_id"": ""sem_tektraco_quality-engineering-support_mt-mt001"", ""title"": ""QUALITY & ENGINEERING SUPPORT"", ""url"": null, ""job_url"": ""https://europa.eu/eures/portal/jv-se/jv-details/NDU0Nzg4IDEwMQ?jvDisplayLanguage=en&lang=en"", ""audience_reject_reasons"": [""not_data_ai_field"", ""not_fresher_ws_thesis"", ""ambiguous_needs_review""]}"
2026-09-30T21:00:48.184176+00:00,sem_teton_strategic-account-manager-uk_united-kingdom,Strategic Account Manager UK,Teton,United Kingdom,arbeitnow,other_tech,mid,"not_eu,not_data_ai_field,not_fresher_ws_thesis,ambiguous_needs_review","{""job_id"": ""sem_teton_strategic-account-manager-uk_united-kingdom"", ""title"": ""Strategic Account Manager UK"", ""url"": null, ""job_url"": ""https://www.arbeitnow.co.uk/jobs/companies/teton/strategic-account-manager-uk-united-kingdom-442747"", ""audience_reject_reasons"": [""not_eu"", ""not_data_ai_field"", ""not_fresher_ws_thesis"", ""ambiguous_needs_review""]}"
2026-09-30T21:00:48.184176+00:00,sem_thehutgroup_senior-ecommerce-executive-12m-ftc-lookfantastic_manchester,Senior Ecommerce Executive 12M Ftc | Lookfantastic,Thehutgroup,Manchester,arbeitnow,software_engineering,senior,"not_eu,not_data_ai_field,not_fresher_ws_thesis,ambiguous_needs_review","{""job_id"": ""sem_thehutgroup_senior-ecommerce-executive-12m-ftc-lookfantastic_manchester"", ""title"": ""Senior Ecommerce Executive 12M Ftc | Lookfantastic"", ""url"": null, ""job_url"": ""https://www.arbeitnow.co.uk/jobs/companies/thehutgroup/senior-ecommerce-executive-12m-ftc-lookfantastic-manchester-347112"", ""audience_reject_reasons"": [""not_eu"", ""not_data_ai_field"", ""not_fresher_ws_thesis"", ""ambiguous_needs_review""]}"
2026-09-30T21:00:48.184176+00:00,sem_thoughtworks_europe-senior-financial-accountant-fixed-term-contract_london,Europe Senior Financial Accountant - Fixed Term Contract,thoughtworks,London,arbeitnow,other_tech,senior,"not_eu,not_data_ai_field,not_fresher_ws_thesis,ambiguous_needs_review","{""job_id"": ""sem_thoughtworks_europe-senior-financial-accountant-fixed-term-contract_london"", ""title"": ""Europe Senior Financial Accountant - Fixed Term Contract"", ""url"": null, ""job_url"": ""https://www.arbeitnow.co.uk/jobs/companies/thoughtworks/europe-senior-financial-accountant-fixed-term-contract-london-210960"", ""audience_reject_reasons"": [""not_eu"", ""not_data_ai_field"", ""not_fresher_ws_thesis"", ""ambiguous_needs_review""]}"
2026-09-30T21:00:48.184176+00:00,sem_thoughtworks_senior-financial-accountant-fixed-term-contract_manchester,Senior Financial Accountant - Fixed Term Contract,thoughtworks,Manchester,arbeitnow,other_tech,senior,"not_eu,not_data_ai_field,not_fresher_ws_thesis,ambiguous_needs_review","{""job_id"": ""sem_thoughtworks_senior-financial-accountant-fixed-term-contract_manchester"", ""title"": ""Senior Financial Accountant - Fixed Term Contract"", ""url"": null, ""job_url"": ""https://www.arbeitnow.co.uk/jobs/companies/thoughtworks/senior-financial-accountant-fixed-term-contract-manchester-230407"", ""audience_reject_reasons"": [""not_eu"", ""not_data_ai_field"", ""not_fresher_ws_thesis"", ""ambiguous_needs_review""]}"
2026-09-30T21:00:48.184176+00:00,sem_thoughtworks_senior-financial-accountant-fixed-term-contract_newcastle,Senior Financial Accountant - Fixed Term Contract,thoughtworks,Newcastle,arbeitnow,other_tech,senior,"not_eu,not_data_ai_field,not_fresher_ws_thesis,ambiguous_needs_review","{""job_id"": ""sem_thoughtworks_senior-financial-accountant-fixed-term-contract_newcastle"", ""title"": ""Senior Financial Accountant - Fixed Term Contract"", ""url"": null, ""job_url"": ""https://www.arbeitnow.co.uk/jobs/companies/thoughtworks/senior-financial-accountant-fixed-term-contract-newcastle-407099"", ""audience_reject_reasons"": [""not_eu"", ""not_data_ai_field"", ""not_fresher_ws_thesis"", ""ambiguous_needs_review""]}"
2026-09-30T21:00:48.184176+00:00,sem_uplane_ai-native-landing-page-designer_remote,AI-Native Landing Page Designer,Uplane,remote,arbeitnow,other_tech,mid,"not_eu,not_data_ai_field,not_fresher_ws_thesis,ambiguous_needs_review","{""job_id"": ""sem_uplane_ai-native-landing-page-designer_remote"", ""title"": ""AI-Native Landing Page Designer"", ""url"": null, ""job_url"": ""https://www.arbeitnow.ch/jobs/companies/uplane/remote-ai-native-landing-page-designer-99931"", ""audience_reject_reasons"": [""not_eu"", ""not_data_ai_field"", ""not_fresher_ws_thesis"", ""ambiguous_needs_review""]}"
2026-09-30T21:00:48.184176+00:00,sem_uplane_ai-native-static-ad-designer_remote,AI-Native Static Ad Designer,Uplane,remote,arbeitnow,other_tech,mid,"not_eu,not_data_ai_field,not_fresher_ws_thesis,ambiguous_needs_review","{""job_id"": ""sem_uplane_ai-native-static-ad-designer_remote"", ""title"": ""AI-Native Static Ad Designer"", ""url"": null, ""job_url"": ""https://www.arbeitnow.ch/jobs/companies/uplane/remote-ai-native-static-ad-designer-209081"", ""audience_reject_reasons"": [""not_eu"", ""not_data_ai_field"", ""not_fresher_ws_thesis"", ""ambiguous_needs_review""]}"
2026-09-30T21:00:48.184176+00:00,sem_uplane_ai-native-video-producer_remote,AI-Native Video Producer,Uplane,remote,arbeitnow,other_tech,mid,"not_eu,not_data_ai_field,not_fresher_ws_thesis,ambiguous_needs_review","{""job_id"": ""sem_uplane_ai-native-video-producer_remote"", ""title"": ""AI-Native Video Producer"", ""url"": null, ""job_url"": ""https://www.arbeitnow.co.uk/jobs/companies/uplane/remote-ai-native-video-producer-290937"", ""audience_reject_reasons"": [""not_eu"", ""not_data_ai_field"", ""not_fresher_ws_thesis"", ""ambiguous_needs_review""]}"
2026-09-30T21:00:48.184176+00:00,sem_vanguard-services-malta-limited_social-media-manager-gozo_mt-mt001,SOCIAL MEDIA MANAGER (GOZO),VANGUARD SERVICES MALTA LIMITED,MT (MT001),eures,other_tech,mid,"not_data_ai_field,not_fresher_ws_thesis,ambiguous_needs_review","{""job_id"": ""sem_vanguard-services-malta-limited_social-media-manager-gozo_mt-mt001"", ""title"": ""SOCIAL MEDIA MANAGER (GOZO)"", ""url"": null, ""job_url"": ""https://europa.eu/eures/portal/jv-se/jv-details/NDU1MzcxIDEwMQ?jvDisplayLanguage=en&lang=en"", ""audience_reject_reasons"": [""not_data_ai_field"", ""not_fresher_ws_thesis"", ""ambiguous_needs_review""]}"
2026-09-30T21:00:48.184176+00:00,sem_vanta_director-of-enterprise-sales-emea_london-uk,"Director of Enterprise Sales, EMEA",Vanta,"London, UK",arbeitnow,cybersecurity,mid,"not_eu,not_data_ai_field,not_fresher_ws_thesis,ambiguous_needs_review","{""job_id"": ""sem_vanta_director-of-enterprise-sales-emea_london-uk"", ""title"": ""Director of Enterprise Sales, EMEA"", ""url"": null, ""job_url"": ""https://www.arbeitnow.co.uk/jobs/companies/vanta/director-of-enterprise-sales-emea-london-24829"", ""audience_reject_reasons"": [""not_eu"", ""not_data_ai_field"", ""not_fresher_ws_thesis"", ""ambiguous_needs_review""]}"
2026-09-30T21:00:48.184176+00:00,sem_versatech-engineering_junior-project-manager_mt-mt001,JUNIOR PROJECT MANAGER,VERSATECH ENGINEERING LTD,MT (MT001),eures,other_tech,junior,"not_data_ai_field,ambiguous_needs_review","{""job_id"": ""sem_versatech-engineering_junior-project-manager_mt-mt001"", ""title"": ""JUNIOR PROJECT MANAGER"", ""url"": null, ""job_url"": ""https://europa.eu/eures/portal/jv-se/jv-details/NDU1Nzk1IDEwMQ?jvDisplayLanguage=en&lang=en"", ""audience_reject_reasons"": [""not_data_ai_field"", ""ambiguous_needs_review""]}"
2026-09-30T21:00:48.184176+00:00,sem_vision-rt_post-market-surveillance-complaints-specialist_north-london-or-basingstoke,Post-Market Surveillance (Complaints) Specialist,Vision RT Ltd.,North London or  Basingstoke,arbeitnow,other_tech,mid,"not_eu,not_data_ai_field,not_fresher_ws_thesis,ambiguous_needs_review","{""job_id"": ""sem_vision-rt_post-market-surveillance-complaints-specialist_north-london-or-basingstoke"", ""title"": ""Post-Market Surveillance (Complaints) Specialist"", ""url"": null, ""job_url"": ""https://www.arbeitnow.co.uk/jobs/companies/vision-rt-ltd/post-market-surveillance-complaints-specialist-north-london-or-basingstoke-107101"", ""audience_reject_reasons"": [""not_eu"", ""not_data_ai_field"", ""not_fresher_ws_thesis"", ""ambiguous_needs_review""]}"
2026-09-30T21:00:48.184176+00:00,sem_vivaldis_quality-co-rdinator-beheer-proces-en-kwaliteitsbeleid-min-ma_be-be213,"Quality Coördinator, beheer proces en kwaliteitsbeleid min. MA",VIVALDIS,BE (BE213),eures,business_intelligence,mid,"not_fresher_ws_thesis,ambiguous_needs_review","{""job_id"": ""sem_vivaldis_quality-co-rdinator-beheer-proces-en-kwaliteitsbeleid-min-ma_be-be213"", ""title"": ""Quality Co\u00f6rdinator, beheer proces en kwaliteitsbeleid min. MA"", ""url"": null, ""job_url"": ""https://europa.eu/eures/portal/jv-se/jv-details/NzcyMzI5NGItYzFkOS00YzQxLThhYTktZWIyMmZjMjg3YWJiIDM?jvDisplayLanguage=nl&lang=nl"", ""audience_reject_reasons"": [""not_fresher_ws_thesis"", ""ambiguous_needs_review""]}"
2026-09-30T21:00:48.184176+00:00,sem_vo2-group_vo2-finance-d-veloppeur-c-confirm-trading-lectronique-front-office-cib_paris-france,[VO2 Finance] - Développeur C# Confirmé – Trading Électronique / Front-Office CIB,VO2 Group,"Paris, France",arbeitnow,other_tech,mid,"not_data_ai_field,not_fresher_ws_thesis,ambiguous_needs_review","{""job_id"": ""sem_vo2-group_vo2-finance-d-veloppeur-c-confirm-trading-lectronique-front-office-cib_paris-france"", ""title"": ""[VO2 Finance] - D\u00e9veloppeur C# Confirm\u00e9 \u2013 Trading \u00c9lectronique / Front-Office CIB"", ""url"": null, ""job_url"": ""https://www.arbeitnow.fr/jobs/companies/vo2-group/vo2-finance-developpeur-c-confirme-trading-electronique-front-office-cib-paris-france-430395"", ""audience_reject_reasons"": [""not_data_ai_field"", ""not_fresher_ws_thesis"", ""ambiguous_needs_review""]}"
2026-09-30T21:00:48.184176+00:00,sem_vo2-group_vo2-finance-d-veloppeur-c-junior-trading-lectronique-front-office-cib_paris-france,[VO2 Finance] - Développeur C# Junior – Trading Électronique / Front-Office CIB,VO2 Group,"Paris, France",arbeitnow,other_tech,junior,"not_data_ai_field,ambiguous_needs_review","{""job_id"": ""sem_vo2-group_vo2-finance-d-veloppeur-c-junior-trading-lectronique-front-office-cib_paris-france"", ""title"": ""[VO2 Finance] - D\u00e9veloppeur C# Junior \u2013 Trading \u00c9lectronique / Front-Office CIB"", ""url"": null, ""job_url"": ""https://www.arbeitnow.fr/jobs/companies/vo2-group/vo2-finance-developpeur-c-junior-trading-electronique-front-office-cib-paris-france-381923"", ""audience_reject_reasons"": [""not_data_ai_field"", ""ambiguous_needs_review""]}"
2026-09-30T21:00:48.184176+00:00,sem_voodoo_freelance-3d-artist-puzzle-studio_paris,Freelance 3D Artist - Puzzle Studio,Voodoo,Paris,arbeitnow,other_tech,mid,"not_data_ai_field,not_fresher_ws_thesis,ambiguous_needs_review","{""job_id"": ""sem_voodoo_freelance-3d-artist-puzzle-studio_paris"", ""title"": ""Freelance 3D Artist - Puzzle Studio"", ""url"": null, ""job_url"": ""https://www.arbeitnow.fr/jobs/companies/voodoo/freelance-3d-artist-puzzle-studio-paris-279337"", ""audience_reject_reasons"": [""not_data_ai_field"", ""not_fresher_ws_thesis"", ""ambiguous_needs_review""]}"
2026-09-30T21:00:48.184176+00:00,sem_voodoo_game-artist-sand-loop_paris,Game Artist - Sand Loop,Voodoo,Paris,arbeitnow,other_tech,mid,"not_data_ai_field,not_fresher_ws_thesis,ambiguous_needs_review","{""job_id"": ""sem_voodoo_game-artist-sand-loop_paris"", ""title"": ""Game Artist - Sand Loop"", ""url"": null, ""job_url"": ""https://www.arbeitnow.fr/jobs/companies/voodoo/game-artist-sand-loop-paris-477719"", ""audience_reject_reasons"": [""not_data_ai_field"", ""not_fresher_ws_thesis"", ""ambiguous_needs_review""]}"
2026-09-30T21:00:48.184176+00:00,sem_voodoo_growth-strategy-ad-monetization-manager_paris,Growth Strategy & Ad Monetization Manager,Voodoo,Paris,arbeitnow,other_tech,mid,"not_data_ai_field,not_fresher_ws_thesis,ambiguous_needs_review","{""job_id"": ""sem_voodoo_growth-strategy-ad-monetization-manager_paris"", ""title"": ""Growth Strategy & Ad Monetization Manager"", ""url"": null, ""job_url"": ""https://www.arbeitnow.fr/jobs/companies/voodoo/growth-strategy-ad-monetization-manager-paris-171308"", ""audience_reject_reasons"": [""not_data_ai_field"", ""not_fresher_ws_thesis"", ""ambiguous_needs_review""]}"
2026-09-30T21:00:48.184176+00:00,sem_voodoo_marketing-video-artist-growth_paris,Marketing Video Artist - Growth,Voodoo,Paris,arbeitnow,other_tech,mid,"not_data_ai_field,not_fresher_ws_thesis,ambiguous_needs_review","{""job_id"": ""sem_voodoo_marketing-video-artist-growth_paris"", ""title"": ""Marketing Video Artist - Growth"", ""url"": null, ""job_url"": ""https://www.arbeitnow.fr/jobs/companies/voodoo/marketing-video-artist-growth-paris-39219"", ""audience_reject_reasons"": [""not_data_ai_field"", ""not_fresher_ws_thesis"", ""ambiguous_needs_review""]}"
2026-09-30T21:00:48.184176+00:00,sem_what_growth-marketing-consultant-manager-german-required_z-rich-z-rich-switzerland,Growth Marketing Consultant/Manager (German required),what. AG,"Zürich, Zürich, Switzerland",arbeitnow,other_tech,mid,"not_eu,not_data_ai_field,not_fresher_ws_thesis,ambiguous_needs_review","{""job_id"": ""sem_what_growth-marketing-consultant-manager-german-required_z-rich-z-rich-switzerland"", ""title"": ""Growth Marketing Consultant/Manager (German required)"", ""url"": null, ""job_url"": ""https://www.arbeitnow.ch/jobs/companies/what-ag/growth-marketing-consultant-manager-german-required-zurich-15607"", ""audience_reject_reasons"": [""not_eu"", ""not_data_ai_field"", ""not_fresher_ws_thesis"", ""ambiguous_needs_review""]}"
2026-09-30T21:00:48.184176+00:00,sem_wizinc_enterprise-account-executive_,Enterprise Account Executive,wizinc,,arbeitnow,cybersecurity,mid,"not_eu,not_data_ai_field,not_fresher_ws_thesis,ambiguous_needs_review","{""job_id"": ""sem_wizinc_enterprise-account-executive_"", ""title"": ""Enterprise Account Executive"", ""url"": null, ""job_url"": ""https://www.arbeitnow.co.uk/jobs/companies/wizinc/enterprise-account-executive-165785"", ""audience_reject_reasons"": [""not_eu"", ""not_data_ai_field"", ""not_fresher_ws_thesis"", ""ambiguous_needs_review""]}"
2026-09-30T21:00:48.184176+00:00,sem_wizinc_mid-enterprise-account-executive_,Mid-Enterprise Account Executive,wizinc,,arbeitnow,cybersecurity,mid,"not_eu,not_data_ai_field,not_fresher_ws_thesis,ambiguous_needs_review","{""job_id"": ""sem_wizinc_mid-enterprise-account-executive_"", ""title"": ""Mid-Enterprise Account Executive"", ""url"": null, ""job_url"": ""https://www.arbeitnow.co.uk/jobs/companies/wizinc/mid-enterprise-account-executive-115217"", ""audience_reject_reasons"": [""not_eu"", ""not_data_ai_field"", ""not_fresher_ws_thesis"", ""ambiguous_needs_review""]}"
2026-09-30T21:00:48.184176+00:00,sem_zara_visual-commercial_m-nster,Visual Commercial (m/w/d),Zara,Münster,arbeitnow,other_tech,mid,"not_data_ai_field,not_fresher_ws_thesis,ambiguous_needs_review","{""job_id"": ""sem_zara_visual-commercial_m-nster"", ""title"": ""Visual Commercial (m/w/d)"", ""url"": null, ""job_url"": ""https://www.arbeitnow.com/jobs/companies/zara/visual-commercial-munster-369375"", ""audience_reject_reasons"": [""not_data_ai_field"", ""not_fresher_ws_thesis"", ""ambiguous_needs_review""]}"
2026-09-30T21:00:48.184176+00:00,sem_zscaler_account-executive-majors-romandy_,"Account Executive, Majors - Romandy",zscaler,,arbeitnow,other_tech,mid,"not_eu,not_data_ai_field,not_fresher_ws_thesis,ambiguous_needs_review","{""job_id"": ""sem_zscaler_account-executive-majors-romandy_"", ""title"": ""Account Executive, Majors - Romandy"", ""url"": null, ""job_url"": ""https://www.arbeitnow.ch/jobs/companies/zscaler/account-executive-majors-romandy-314508"", ""audience_reject_reasons"": [""not_eu"", ""not_data_ai_field"", ""not_fresher_ws_thesis"", ""ambiguous_needs_review""]}"
2026-09-30T21:23:46.104923+00:00,sem_1komma5_chief-of-staff-go-to-market_berlin,Chief of Staff Go to Market (m/f/d),1KOMMA5,Berlin,direct,other_tech,senior,"not_data_ai_field,not_fresher_ws_thesis,ambiguous_needs_review","{""job_id"": ""sem_1komma5_chief-of-staff-go-to-market_berlin"", ""title"": ""Chief of Staff Go to Market (m/f/d)"", ""url"": null, ""job_url"": ""https://1komma5grad.jobs.personio.de/job/2807052"", ""audience_reject_reasons"": [""not_data_ai_field"", ""not_fresher_ws_thesis"", ""ambiguous_needs_review""]}"
2026-09-30T21:23:46.104923+00:00,sem_1komma5_experte-energiewirtschaft-marktkommunikation_berlin,(Senior) Experte Energiewirtschaft / Marktkommunikation (m/w/d),1KOMMA5,Berlin,direct,other_tech,senior,"not_data_ai_field,not_fresher_ws_thesis,ambiguous_needs_review","{""job_id"": ""sem_1komma5_experte-energiewirtschaft-marktkommunikation_berlin"", ""title"": ""(Senior) Experte Energiewirtschaft / Marktkommunikation (m/w/d)"", ""url"": null, ""job_url"": ""https://1komma5grad.jobs.personio.de/job/2423912"", ""audience_reject_reasons"": [""not_data_ai_field"", ""not_fresher_ws_thesis"", ""ambiguous_needs_review""]}"
2026-09-30T21:23:46.104923+00:00,sem_1komma5_head-of-utility-products-services_berlin,Head of Utility Products & Services (m/f/d),1KOMMA5,Berlin,direct,other_tech,senior,"not_data_ai_field,not_fresher_ws_thesis,ambiguous_needs_review","{""job_id"": ""sem_1komma5_head-of-utility-products-services_berlin"", ""title"": ""Head of Utility Products & Services (m/f/d)"", ""url"": null, ""job_url"": ""https://1komma5grad.jobs.personio.de/job/2419438"", ""audience_reject_reasons"": [""not_data_ai_field"", ""not_fresher_ws_thesis"", ""ambiguous_needs_review""]}"
2026-09-30T21:23:46.104923+00:00,sem_1komma5_internship-ai-automation-energy_berlin,Internship AI & Automation - Energy (m/f/d),1KOMMA5,Berlin,direct,other_tech,internship,"not_data_ai_field,ambiguous_needs_review","{""job_id"": ""sem_1komma5_internship-ai-automation-energy_berlin"", ""title"": ""Internship AI & Automation - Energy (m/f/d)"", ""url"": null, ""job_url"": ""https://1komma5grad.jobs.personio.de/job/2800670"", ""audience_reject_reasons"": [""not_data_ai_field"", ""ambiguous_needs_review""]}"
2026-09-30T21:23:46.104923+00:00,sem_1komma5_internship-process-operations-energy_berlin,Internship Process & Operations - Energy (m/f/d),1KOMMA5,Berlin,direct,other_tech,internship,"not_data_ai_field,ambiguous_needs_review","{""job_id"": ""sem_1komma5_internship-process-operations-energy_berlin"", ""title"": ""Internship Process & Operations - Energy (m/f/d)"", ""url"": null, ""job_url"": ""https://1komma5grad.jobs.personio.de/job/2362808"", ""audience_reject_reasons"": [""not_data_ai_field"", ""ambiguous_needs_review""]}"
2026-09-30T21:23:46.104923+00:00,sem_1komma5_process-operations-manager-energy_berlin,(Junior) Process & Operations Manager - Energy (m/w/d),1KOMMA5,Berlin,direct,other_tech,junior,"not_data_ai_field,ambiguous_needs_review","{""job_id"": ""sem_1komma5_process-operations-manager-energy_berlin"", ""title"": ""(Junior) Process & Operations Manager - Energy (m/w/d)"", ""url"": null, ""job_url"": ""https://1komma5grad.jobs.personio.de/job/2351733"", ""audience_reject_reasons"": [""not_data_ai_field"", ""ambiguous_needs_review""]}"
2026-09-30T21:23:46.104923+00:00,sem_1komma5_werkstudent-in-process-operations-energy_berlin,Werkstudent:in Process & Operations - Energy (m/w/d),1KOMMA5,Berlin,direct,other_tech,working_student,"not_data_ai_field,ambiguous_needs_review","{""job_id"": ""sem_1komma5_werkstudent-in-process-operations-energy_berlin"", ""title"": ""Werkstudent:in Process & Operations - Energy (m/w/d)"", ""url"": null, ""job_url"": ""https://1komma5grad.jobs.personio.de/job/2376808"", ""audience_reject_reasons"": [""not_data_ai_field"", ""ambiguous_needs_review""]}"
2026-09-30T21:23:46.104923+00:00,sem_1komma5_working-student-ai-product-designer_berlin,Working Student - AI Product Designer (m/f/d),1KOMMA5,Berlin,direct,other_tech,working_student,"not_data_ai_field,ambiguous_needs_review","{""job_id"": ""sem_1komma5_working-student-ai-product-designer_berlin"", ""title"": ""Working Student - AI Product Designer (m/f/d)"", ""url"": null, ""job_url"": ""https://1komma5grad.jobs.personio.de/job/2597370"", ""audience_reject_reasons"": [""not_data_ai_field"", ""ambiguous_needs_review""]}"
2026-09-30T21:23:46.104923+00:00,sem_1komma5_working-student-designer-design-system-heartbeat-ai_berlin,Working Student Designer (Design System) â Heartbeat AI (m/f/d),1KOMMA5,Berlin,direct,other_tech,working_student,"not_data_ai_field,ambiguous_needs_review","{""job_id"": ""sem_1komma5_working-student-designer-design-system-heartbeat-ai_berlin"", ""title"": ""Working Student Designer (Design System) \u00e2\u0080\u0093 Heartbeat AI (m/f/d)"", ""url"": null, ""job_url"": ""https://1komma5grad.jobs.personio.de/job/2804894"", ""audience_reject_reasons"": [""not_data_ai_field"", ""ambiguous_needs_review""]}"
2026-09-30T21:23:46.104923+00:00,sem_1komma5_working-student-product-management-energy-products-tariffs_berlin,Working Student Product Management Energy Products & Tariffs (m/f/d),1KOMMA5,Berlin,direct,other_tech,working_student,"not_data_ai_field,ambiguous_needs_review","{""job_id"": ""sem_1komma5_working-student-product-management-energy-products-tariffs_berlin"", ""title"": ""Working Student Product Management Energy Products & Tariffs (m/f/d)"", ""url"": null, ""job_url"": ""https://1komma5grad.jobs.personio.de/job/2731209"", ""audience_reject_reasons"": [""not_data_ai_field"", ""ambiguous_needs_review""]}"
2026-09-30T21:23:46.104923+00:00,sem_6pm_junior-art-director_berlin,Junior Art Director (m/w/d),6PM GmbH,Berlin,arbeitnow,other_tech,junior,"not_data_ai_field,ambiguous_needs_review","{""job_id"": ""sem_6pm_junior-art-director_berlin"", ""title"": ""Junior Art Director (m/w/d)"", ""url"": null, ""job_url"": ""https://www.arbeitnow.com/jobs/companies/6pm-gmbh/junior-art-director-berlin-133887"", ""audience_reject_reasons"": [""not_data_ai_field"", ""ambiguous_needs_review""]}"
2026-09-30T21:23:46.104923+00:00,sem_6pm_producer-content-brand-experience_berlin,Producer Content & Brand Experience (m/w/d),6PM GmbH,Berlin,arbeitnow,other_tech,mid,"not_data_ai_field,not_fresher_ws_thesis,ambiguous_needs_review","{""job_id"": ""sem_6pm_producer-content-brand-experience_berlin"", ""title"": ""Producer Content & Brand Experience (m/w/d)"", ""url"": null, ""job_url"": ""https://www.arbeitnow.com/jobs/companies/6pm-gmbh/producer-content-brand-experience-berlin-19216"", ""audience_reject_reasons"": [""not_data_ai_field"", ""not_fresher_ws_thesis"", ""ambiguous_needs_review""]}"
2026-09-30T21:23:46.104923+00:00,sem_absolute-jobs-oostende_diagnosic-technician-testing_be-be255,Diagnosic technician testing,Absolute Jobs Oostende,BE (BE255),eures,other_tech,mid,"not_data_ai_field,not_fresher_ws_thesis,ambiguous_needs_review","{""job_id"": ""sem_absolute-jobs-oostende_diagnosic-technician-testing_be-be255"", ""title"": ""Diagnosic technician testing"", ""url"": null, ""job_url"": ""https://europa.eu/eures/portal/jv-se/jv-details/M2JlNThiNTItNzkxNS00NmM0LTg0YzUtOTNhZGNiZjI1N2ExIDM?jvDisplayLanguage=nl&lang=nl"", ""audience_reject_reasons"": [""not_data_ai_field"", ""not_fresher_ws_thesis"", ""ambiguous_needs_review""]}"
2026-09-30T21:23:46.104923+00:00,sem_absolute-jobs-oostende_electrical-maintenance-technician_be-be255,Electrical maintenance technician,Absolute Jobs Oostende,BE (BE255),eures,other_tech,mid,"not_data_ai_field,not_fresher_ws_thesis,ambiguous_needs_review","{""job_id"": ""sem_absolute-jobs-oostende_electrical-maintenance-technician_be-be255"", ""title"": ""Electrical maintenance technician"", ""url"": null, ""job_url"": ""https://europa.eu/eures/portal/jv-se/jv-details/MzNlNWUxNzUtMjJhNy00MGIyLWI3ZGItYTJlMGYwNDJkYjA5IDM?jvDisplayLanguage=nl&lang=nl"", ""audience_reject_reasons"": [""not_data_ai_field"", ""not_fresher_ws_thesis"", ""ambiguous_needs_review""]}"
2026-09-30T21:23:46.104923+00:00,sem_acadia-job-listings_associate-director-manufacturing-drug-substance_zug,"Associate Director, Manufacturing (Drug Substance)",Acadia Job Listings,Zug,arbeitnow,qa_testing,mid,"not_eu,not_data_ai_field,not_fresher_ws_thesis,ambiguous_needs_review","{""job_id"": ""sem_acadia-job-listings_associate-director-manufacturing-drug-substance_zug"", ""title"": ""Associate Director, Manufacturing (Drug Substance)"", ""url"": null, ""job_url"": ""https://www.arbeitnow.ch/jobs/companies/acadia-job-listings/associate-director-manufacturing-drug-substance-zug-265251"", ""audience_reject_reasons"": [""not_eu"", ""not_data_ai_field"", ""not_fresher_ws_thesis"", ""ambiguous_needs_review""]}"
2026-09-30T21:23:46.104923+00:00,sem_acadia-job-listings_associate-director-regulatory-affairs-europe_zug,Associate Director Regulatory Affairs Europe,Acadia Job Listings,Zug,arbeitnow,other_tech,mid,"not_eu,not_data_ai_field,not_fresher_ws_thesis,ambiguous_needs_review","{""job_id"": ""sem_acadia-job-listings_associate-director-regulatory-affairs-europe_zug"", ""title"": ""Associate Director Regulatory Affairs Europe"", ""url"": null, ""job_url"": ""https://www.arbeitnow.ch/jobs/companies/acadia-job-listings/associate-director-regulatory-affairs-europe-zug-176813"", ""audience_reject_reasons"": [""not_eu"", ""not_data_ai_field"", ""not_fresher_ws_thesis"", ""ambiguous_needs_review""]}"
2026-09-30T21:23:46.104923+00:00,sem_actief-construct-torhout_elektricien-hvac-klimaatinstallaties_be-be234,Elektricien HVAC Klimaatinstallaties,Actief Construct Torhout,BE (BE234),eures,other_tech,mid,"not_data_ai_field,not_fresher_ws_thesis,ambiguous_needs_review","{""job_id"": ""sem_actief-construct-torhout_elektricien-hvac-klimaatinstallaties_be-be234"", ""title"": ""Elektricien HVAC Klimaatinstallaties"", ""url"": null, ""job_url"": ""https://europa.eu/eures/portal/jv-se/jv-details/YjM0NmJlMjUtMjEzMC00NjM2LWEyYTItM2FiMTFlNjRlYmViIDM?jvDisplayLanguage=nl&lang=nl"", ""audience_reject_reasons"": [""not_data_ai_field"", ""not_fresher_ws_thesis"", ""ambiguous_needs_review""]}"
2026-09-30T21:23:46.104923+00:00,sem_actief-interim-izegem_technisch-commercieel-medewerker-binnendienst_be-be256,Technisch (Commercieel) Medewerker Binnendienst,Actief Interim Izegem,BE (BE256),eures,non_tech,mid,"not_data_ai_field,not_fresher_ws_thesis,ambiguous_needs_review","{""job_id"": ""sem_actief-interim-izegem_technisch-commercieel-medewerker-binnendienst_be-be256"", ""title"": ""Technisch (Commercieel) Medewerker Binnendienst"", ""url"": null, ""job_url"": ""https://europa.eu/eures/portal/jv-se/jv-details/YzVhNTVkMWEtOTBjYy00OWI3LTkxODAtNTFhNmE3MDRhNWI2IDM?jvDisplayLanguage=nl&lang=nl"", ""audience_reject_reasons"": [""not_data_ai_field"", ""not_fresher_ws_thesis"", ""ambiguous_needs_review""]}"
2026-09-30T21:23:46.104923+00:00,sem_actief-interim-oostkamp_helpdeskmedewerker-firstline-franse-kennis-vereist_be-be251,Helpdeskmedewerker firstline - Franse kennis vereist,Actief Interim Oostkamp,BE (BE251),eures,other_tech,mid,"not_data_ai_field,not_fresher_ws_thesis,ambiguous_needs_review","{""job_id"": ""sem_actief-interim-oostkamp_helpdeskmedewerker-firstline-franse-kennis-vereist_be-be251"", ""title"": ""Helpdeskmedewerker firstline - Franse kennis vereist"", ""url"": null, ""job_url"": ""https://europa.eu/eures/portal/jv-se/jv-details/ZTY3ZDBlZDItMWZkOC00MzQ0LWE2YmMtOGM2NmQ1MmJiODZiIDM?jvDisplayLanguage=nl&lang=nl"", ""audience_reject_reasons"": [""not_data_ai_field"", ""not_fresher_ws_thesis"", ""ambiguous_needs_review""]}"
2026-09-30T21:23:46.104923+00:00,sem_actief-interim-turnhout_cnc-operator-metaalindustrie_be-be213,CNC operator metaalindustrie,Actief Interim Turnhout,BE (BE213),eures,other_tech,mid,"not_data_ai_field,not_fresher_ws_thesis,ambiguous_needs_review","{""job_id"": ""sem_actief-interim-turnhout_cnc-operator-metaalindustrie_be-be213"", ""title"": ""CNC operator metaalindustrie"", ""url"": null, ""job_url"": ""https://europa.eu/eures/portal/jv-se/jv-details/OGNiYzRmM2UtZTE0MS00NTdkLTk2MmEtYTJjZmRiMDEyNmYyIDM?jvDisplayLanguage=nl&lang=nl"", ""audience_reject_reasons"": [""not_data_ai_field"", ""not_fresher_ws_thesis"", ""ambiguous_needs_review""]}"
2026-09-30T21:23:46.104923+00:00,sem_adyen_account-manager_amsterdam,Account Manager,Adyen,Amsterdam,direct,other_tech,mid,"not_data_ai_field,not_fresher_ws_thesis,ambiguous_needs_review","{""job_id"": ""sem_adyen_account-manager_amsterdam"", ""title"": ""Account Manager"", ""url"": null, ""job_url"": ""https://job-boards.greenhouse.io/adyen/jobs/7436701"", ""audience_reject_reasons"": [""not_data_ai_field"", ""not_fresher_ws_thesis"", ""ambiguous_needs_review""]}"
2026-09-30T21:23:46.104923+00:00,sem_adyen_account-manager_berlin,Account Manager,Adyen,Berlin,direct,other_tech,senior,"not_data_ai_field,not_fresher_ws_thesis,ambiguous_needs_review","{""job_id"": ""sem_adyen_account-manager_berlin"", ""title"": ""Account Manager"", ""url"": null, ""job_url"": ""https://job-boards.greenhouse.io/adyen/jobs/7340032"", ""audience_reject_reasons"": [""not_data_ai_field"", ""not_fresher_ws_thesis"", ""ambiguous_needs_review""]}"
2026-09-30T21:23:46.104923+00:00,sem_adyen_account-manager_madrid,Account Manager,Adyen,Madrid,direct,other_tech,mid,"not_data_ai_field,not_fresher_ws_thesis,ambiguous_needs_review","{""job_id"": ""sem_adyen_account-manager_madrid"", ""title"": ""Account Manager"", ""url"": null, ""job_url"": ""https://job-boards.greenhouse.io/adyen/jobs/8185712"", ""audience_reject_reasons"": [""not_data_ai_field"", ""not_fresher_ws_thesis"", ""ambiguous_needs_review""]}"
2026-09-30T21:23:46.104923+00:00,sem_adyen_account-manager_paris,Account Manager,Adyen,Paris,direct,other_tech,mid,"not_data_ai_field,not_fresher_ws_thesis,ambiguous_needs_review","{""job_id"": ""sem_adyen_account-manager_paris"", ""title"": ""Account Manager"", ""url"": null, ""job_url"": ""https://job-boards.greenhouse.io/adyen/jobs/7586281"", ""audience_reject_reasons"": [""not_data_ai_field"", ""not_fresher_ws_thesis"", ""ambiguous_needs_review""]}"
2026-09-30T21:23:46.104923+00:00,sem_adyen_account-manager_stockholm,Account Manager,Adyen,Stockholm,direct,other_tech,senior,"not_data_ai_field,not_fresher_ws_thesis,ambiguous_needs_review","{""job_id"": ""sem_adyen_account-manager_stockholm"", ""title"": ""Account Manager"", ""url"": null, ""job_url"": ""https://job-boards.greenhouse.io/adyen/jobs/8145128"", ""audience_reject_reasons"": [""not_data_ai_field"", ""not_fresher_ws_thesis"", ""ambiguous_needs_review""]}"
2026-09-30T21:23:46.104923+00:00,sem_adyen_brand-enablement-manager_amsterdam,Brand Enablement Manager,Adyen,Amsterdam,direct,other_tech,senior,"not_data_ai_field,not_fresher_ws_thesis,ambiguous_needs_review","{""job_id"": ""sem_adyen_brand-enablement-manager_amsterdam"", ""title"": ""Brand Enablement Manager"", ""url"": null, ""job_url"": ""https://job-boards.greenhouse.io/adyen/jobs/8090506"", ""audience_reject_reasons"": [""not_data_ai_field"", ""not_fresher_ws_thesis"", ""ambiguous_needs_review""]}"
2026-09-30T21:23:46.104923+00:00,sem_adyen_compliance-officer-growth-programs_amsterdam,Compliance Officer - Growth Programs,Adyen,Amsterdam,direct,other_tech,senior,"not_data_ai_field,not_fresher_ws_thesis,ambiguous_needs_review","{""job_id"": ""sem_adyen_compliance-officer-growth-programs_amsterdam"", ""title"": ""Compliance Officer - Growth Programs"", ""url"": null, ""job_url"": ""https://job-boards.greenhouse.io/adyen/jobs/8152818"", ""audience_reject_reasons"": [""not_data_ai_field"", ""not_fresher_ws_thesis"", ""ambiguous_needs_review""]}"
2026-09-30T21:23:46.104923+00:00,sem_adyen_customer-advocacy-lead-europe_amsterdam-london,"Customer Advocacy Lead, Europe",Adyen,Amsterdam; London,direct,other_tech,senior,"not_data_ai_field,not_fresher_ws_thesis,ambiguous_needs_review","{""job_id"": ""sem_adyen_customer-advocacy-lead-europe_amsterdam-london"", ""title"": ""Customer Advocacy Lead, Europe"", ""url"": null, ""job_url"": ""https://job-boards.greenhouse.io/adyen/jobs/8055663"", ""audience_reject_reasons"": [""not_data_ai_field"", ""not_fresher_ws_thesis"", ""ambiguous_needs_review""]}"
2026-09-30T21:23:46.104923+00:00,sem_adyen_customer-engagement-industry-advocacy-europe_amsterdam,Customer Engagement & Industry Advocacy – Europe,Adyen,Amsterdam,direct,other_tech,senior,"not_data_ai_field,not_fresher_ws_thesis,ambiguous_needs_review","{""job_id"": ""sem_adyen_customer-engagement-industry-advocacy-europe_amsterdam"", ""title"": ""Customer Engagement & Industry Advocacy \u2013 Europe"", ""url"": null, ""job_url"": ""https://job-boards.greenhouse.io/adyen/jobs/8203835"", ""audience_reject_reasons"": [""not_data_ai_field"", ""not_fresher_ws_thesis"", ""ambiguous_needs_review""]}"
2026-09-30T21:23:46.104923+00:00,sem_adyen_enterprise-account-manager-adyen-for-platforms_london,"Enterprise Account Manager, Adyen for Platforms",Adyen,London,direct,embedded_systems,senior,"not_eu,not_data_ai_field,not_fresher_ws_thesis,ambiguous_needs_review","{""job_id"": ""sem_adyen_enterprise-account-manager-adyen-for-platforms_london"", ""title"": ""Enterprise Account Manager, Adyen for Platforms"", ""url"": null, ""job_url"": ""https://job-boards.greenhouse.io/adyen/jobs/7342860"", ""audience_reject_reasons"": [""not_eu"", ""not_data_ai_field"", ""not_fresher_ws_thesis"", ""ambiguous_needs_review""]}"
2026-09-30T21:23:46.104923+00:00,sem_adyen_enterprise-account-manager_berlin,Enterprise Account Manager,Adyen,Berlin,direct,other_tech,mid,"not_data_ai_field,not_fresher_ws_thesis,ambiguous_needs_review","{""job_id"": ""sem_adyen_enterprise-account-manager_berlin"", ""title"": ""Enterprise Account Manager"", ""url"": null, ""job_url"": ""https://job-boards.greenhouse.io/adyen/jobs/7342856"", ""audience_reject_reasons"": [""not_data_ai_field"", ""not_fresher_ws_thesis"", ""ambiguous_needs_review""]}"
2026-09-30T21:23:46.104923+00:00,sem_adyen_enterprise-account-manager_madrid,Enterprise Account Manager,Adyen,Madrid,direct,other_tech,mid,"not_data_ai_field,not_fresher_ws_thesis,ambiguous_needs_review","{""job_id"": ""sem_adyen_enterprise-account-manager_madrid"", ""title"": ""Enterprise Account Manager"", ""url"": null, ""job_url"": ""https://job-boards.greenhouse.io/adyen/jobs/7820760"", ""audience_reject_reasons"": [""not_data_ai_field"", ""not_fresher_ws_thesis"", ""ambiguous_needs_review""]}"
2026-09-30T21:23:46.104923+00:00,sem_adyen_enterprise-account-manager_milan,Enterprise Account Manager,Adyen,Milan,direct,other_tech,mid,"not_data_ai_field,not_fresher_ws_thesis,ambiguous_needs_review","{""job_id"": ""sem_adyen_enterprise-account-manager_milan"", ""title"": ""Enterprise Account Manager"", ""url"": null, ""job_url"": ""https://job-boards.greenhouse.io/adyen/jobs/8094027"", ""audience_reject_reasons"": [""not_data_ai_field"", ""not_fresher_ws_thesis"", ""ambiguous_needs_review""]}"
2026-09-30T21:23:46.104923+00:00,sem_adyen_enterprise-account-manager_munich,Enterprise Account Manager,Adyen,Munich,direct,other_tech,mid,"not_data_ai_field,not_fresher_ws_thesis,ambiguous_needs_review","{""job_id"": ""sem_adyen_enterprise-account-manager_munich"", ""title"": ""Enterprise Account Manager"", ""url"": null, ""job_url"": ""https://job-boards.greenhouse.io/adyen/jobs/7451786"", ""audience_reject_reasons"": [""not_data_ai_field"", ""not_fresher_ws_thesis"", ""ambiguous_needs_review""]}"
2026-09-30T21:23:46.104923+00:00,sem_adyen_enterprise-account-manager_paris,Enterprise Account Manager,Adyen,Paris,direct,other_tech,mid,"not_data_ai_field,not_fresher_ws_thesis,ambiguous_needs_review","{""job_id"": ""sem_adyen_enterprise-account-manager_paris"", ""title"": ""Enterprise Account Manager"", ""url"": null, ""job_url"": ""https://job-boards.greenhouse.io/adyen/jobs/6918826"", ""audience_reject_reasons"": [""not_data_ai_field"", ""not_fresher_ws_thesis"", ""ambiguous_needs_review""]}"
2026-09-30T21:23:46.104923+00:00,sem_adyen_enterprise-account-manager_stockholm,Enterprise Account Manager,Adyen,Stockholm,direct,other_tech,mid,"not_data_ai_field,not_fresher_ws_thesis,ambiguous_needs_review","{""job_id"": ""sem_adyen_enterprise-account-manager_stockholm"", ""title"": ""Enterprise Account Manager"", ""url"": null, ""job_url"": ""https://job-boards.greenhouse.io/adyen/jobs/8145968"", ""audience_reject_reasons"": [""not_data_ai_field"", ""not_fresher_ws_thesis"", ""ambiguous_needs_review""]}"
2026-09-30T21:23:46.104923+00:00,sem_adyen_enterprise-business-development-representative_prague,Enterprise Business Development Representative,Adyen,Prague,direct,other_tech,senior,"not_data_ai_field,not_fresher_ws_thesis,ambiguous_needs_review","{""job_id"": ""sem_adyen_enterprise-business-development-representative_prague"", ""title"": ""Enterprise Business Development Representative"", ""url"": null, ""job_url"": ""https://job-boards.greenhouse.io/adyen/jobs/7645721"", ""audience_reject_reasons"": [""not_data_ai_field"", ""not_fresher_ws_thesis"", ""ambiguous_needs_review""]}"
2026-09-30T21:23:46.104923+00:00,sem_adyen_enterprise-sales-manager-platforms_berlin-munich,"Enterprise Sales Manager, Platforms",Adyen,Berlin; Munich,direct,other_tech,senior,"not_data_ai_field,not_fresher_ws_thesis,ambiguous_needs_review","{""job_id"": ""sem_adyen_enterprise-sales-manager-platforms_berlin-munich"", ""title"": ""Enterprise Sales Manager, Platforms"", ""url"": null, ""job_url"": ""https://job-boards.greenhouse.io/adyen/jobs/8158624"", ""audience_reject_reasons"": [""not_data_ai_field"", ""not_fresher_ws_thesis"", ""ambiguous_needs_review""]}"
2026-09-30T21:23:46.104923+00:00,sem_adyen_enterprise-sales-manager_berlin-munich,Enterprise Sales Manager,Adyen,Berlin; Munich,direct,other_tech,senior,"not_data_ai_field,not_fresher_ws_thesis,ambiguous_needs_review","{""job_id"": ""sem_adyen_enterprise-sales-manager_berlin-munich"", ""title"": ""Enterprise Sales Manager"", ""url"": null, ""job_url"": ""https://job-boards.greenhouse.io/adyen/jobs/8188049"", ""audience_reject_reasons"": [""not_data_ai_field"", ""not_fresher_ws_thesis"", ""ambiguous_needs_review""]}"
2026-09-30T21:23:46.104923+00:00,sem_adyen_enterprise-sales-manager_warsaw,Enterprise Sales Manager,Adyen,Warsaw,direct,other_tech,mid,"not_data_ai_field,not_fresher_ws_thesis,ambiguous_needs_review","{""job_id"": ""sem_adyen_enterprise-sales-manager_warsaw"", ""title"": ""Enterprise Sales Manager"", ""url"": null, ""job_url"": ""https://job-boards.greenhouse.io/adyen/jobs/8190516"", ""audience_reject_reasons"": [""not_data_ai_field"", ""not_fresher_ws_thesis"", ""ambiguous_needs_review""]}"
2026-09-30T21:23:46.104923+00:00,sem_adyen_global-partner-engineering-manager-payments_amsterdam,"Global Partner Engineering Manager, Payments",Adyen,Amsterdam,direct,software_engineering,senior,"not_data_ai_field,not_fresher_ws_thesis,ambiguous_needs_review","{""job_id"": ""sem_adyen_global-partner-engineering-manager-payments_amsterdam"", ""title"": ""Global Partner Engineering Manager, Payments"", ""url"": null, ""job_url"": ""https://job-boards.greenhouse.io/adyen/jobs/7454792"", ""audience_reject_reasons"": [""not_data_ai_field"", ""not_fresher_ws_thesis"", ""ambiguous_needs_review""]}"
2026-09-30T21:23:46.104923+00:00,sem_adyen_head-of-customer-insights-europe_amsterdam,"Head of Customer Insights, Europe",Adyen,Amsterdam,direct,other_tech,senior,"not_data_ai_field,not_fresher_ws_thesis,ambiguous_needs_review","{""job_id"": ""sem_adyen_head-of-customer-insights-europe_amsterdam"", ""title"": ""Head of Customer Insights, Europe"", ""url"": null, ""job_url"": ""https://job-boards.greenhouse.io/adyen/jobs/8203825"", ""audience_reject_reasons"": [""not_data_ai_field"", ""not_fresher_ws_thesis"", ""ambiguous_needs_review""]}"
2026-09-30T21:23:46.104923+00:00,sem_adyen_head-of-forward-deployed-engineering-operations_amsterdam,Head of Forward Deployed Engineering - Operations,Adyen,Amsterdam,direct,other_tech,senior,"not_data_ai_field,not_fresher_ws_thesis,ambiguous_needs_review","{""job_id"": ""sem_adyen_head-of-forward-deployed-engineering-operations_amsterdam"", ""title"": ""Head of Forward Deployed Engineering - Operations"", ""url"": null, ""job_url"": ""https://job-boards.greenhouse.io/adyen/jobs/7953778"", ""audience_reject_reasons"": [""not_data_ai_field"", ""not_fresher_ws_thesis"", ""ambiguous_needs_review""]}"
2026-09-30T21:23:46.104923+00:00,sem_adyen_head-of-global-credit-risk_amsterdam,Head of Global Credit Risk,Adyen,Amsterdam,direct,other_tech,senior,"not_data_ai_field,not_fresher_ws_thesis,ambiguous_needs_review","{""job_id"": ""sem_adyen_head-of-global-credit-risk_amsterdam"", ""title"": ""Head of Global Credit Risk"", ""url"": null, ""job_url"": ""https://job-boards.greenhouse.io/adyen/jobs/7662681"", ""audience_reject_reasons"": [""not_data_ai_field"", ""not_fresher_ws_thesis"", ""ambiguous_needs_review""]}"
2026-09-30T21:23:46.104923+00:00,sem_adyen_indirect-tax-accountant_amsterdam,Indirect Tax Accountant,Adyen,Amsterdam,direct,other_tech,mid,"not_data_ai_field,not_fresher_ws_thesis,ambiguous_needs_review","{""job_id"": ""sem_adyen_indirect-tax-accountant_amsterdam"", ""title"": ""Indirect Tax Accountant"", ""url"": null, ""job_url"": ""https://job-boards.greenhouse.io/adyen/jobs/8108726"", ""audience_reject_reasons"": [""not_data_ai_field"", ""not_fresher_ws_thesis"", ""ambiguous_needs_review""]}"
2026-09-30T21:23:46.104923+00:00,sem_adyen_internal-control-specialist-non-financial-compliance-risks_amsterdam,Internal Control Specialist: Non-Financial Compliance Risks,Adyen,Amsterdam,direct,other_tech,mid,"not_data_ai_field,not_fresher_ws_thesis,ambiguous_needs_review","{""job_id"": ""sem_adyen_internal-control-specialist-non-financial-compliance-risks_amsterdam"", ""title"": ""Internal Control Specialist: Non-Financial Compliance Risks"", ""url"": null, ""job_url"": ""https://job-boards.greenhouse.io/adyen/jobs/8102216"", ""audience_reject_reasons"": [""not_data_ai_field"", ""not_fresher_ws_thesis"", ""ambiguous_needs_review""]}"
2026-09-30T21:23:46.104923+00:00,sem_adyen_manager-platform-offering-strategy_amsterdam,"Manager, Platform Offering Strategy",Adyen,Amsterdam,direct,embedded_systems,senior,"not_data_ai_field,not_fresher_ws_thesis,ambiguous_needs_review","{""job_id"": ""sem_adyen_manager-platform-offering-strategy_amsterdam"", ""title"": ""Manager, Platform Offering Strategy"", ""url"": null, ""job_url"": ""https://job-boards.greenhouse.io/adyen/jobs/8010419"", ""audience_reject_reasons"": [""not_data_ai_field"", ""not_fresher_ws_thesis"", ""ambiguous_needs_review""]}"
2026-09-30T21:23:46.104923+00:00,sem_adyen_payment-terminal-certification-expert-l2_amsterdam,Payment Terminal Certification Expert (L2),Adyen,Amsterdam,direct,other_tech,mid,"not_data_ai_field,not_fresher_ws_thesis,ambiguous_needs_review","{""job_id"": ""sem_adyen_payment-terminal-certification-expert-l2_amsterdam"", ""title"": ""Payment Terminal Certification Expert (L2)"", ""url"": null, ""job_url"": ""https://job-boards.greenhouse.io/adyen/jobs/8147372"", ""audience_reject_reasons"": [""not_data_ai_field"", ""not_fresher_ws_thesis"", ""ambiguous_needs_review""]}"
2026-09-30T21:23:46.104923+00:00,sem_adyen_project-operation-manager_paris,Project Operation Manager,Adyen,Paris,direct,other_tech,senior,"not_data_ai_field,not_fresher_ws_thesis,ambiguous_needs_review","{""job_id"": ""sem_adyen_project-operation-manager_paris"", ""title"": ""Project Operation Manager"", ""url"": null, ""job_url"": ""https://job-boards.greenhouse.io/adyen/jobs/8138719"", ""audience_reject_reasons"": [""not_data_ai_field"", ""not_fresher_ws_thesis"", ""ambiguous_needs_review""]}"
2026-09-30T21:23:46.104923+00:00,sem_adyen_senior-b2b-content-marketing-manager-global_amsterdam,"Senior B2B Content Marketing Manager, Global",Adyen,Amsterdam,direct,other_tech,senior,"not_data_ai_field,not_fresher_ws_thesis,ambiguous_needs_review","{""job_id"": ""sem_adyen_senior-b2b-content-marketing-manager-global_amsterdam"", ""title"": ""Senior B2B Content Marketing Manager, Global"", ""url"": null, ""job_url"": ""https://job-boards.greenhouse.io/adyen/jobs/7895373"", ""audience_reject_reasons"": [""not_data_ai_field"", ""not_fresher_ws_thesis"", ""ambiguous_needs_review""]}"
2026-09-30T21:23:46.104923+00:00,sem_adyen_senior-content-writer-global_amsterdam,"Senior Content Writer, Global",Adyen,Amsterdam,direct,other_tech,senior,"not_data_ai_field,not_fresher_ws_thesis,ambiguous_needs_review","{""job_id"": ""sem_adyen_senior-content-writer-global_amsterdam"", ""title"": ""Senior Content Writer, Global"", ""url"": null, ""job_url"": ""https://job-boards.greenhouse.io/adyen/jobs/7992449"", ""audience_reject_reasons"": [""not_data_ai_field"", ""not_fresher_ws_thesis"", ""ambiguous_needs_review""]}"
2026-09-30T21:23:46.104923+00:00,sem_adyen_senior-fraud-risk-management-expert_amsterdam,Senior Fraud Risk Management Expert,Adyen,Amsterdam,direct,other_tech,senior,"not_data_ai_field,not_fresher_ws_thesis,ambiguous_needs_review","{""job_id"": ""sem_adyen_senior-fraud-risk-management-expert_amsterdam"", ""title"": ""Senior Fraud Risk Management Expert"", ""url"": null, ""job_url"": ""https://job-boards.greenhouse.io/adyen/jobs/8069118"", ""audience_reject_reasons"": [""not_data_ai_field"", ""not_fresher_ws_thesis"", ""ambiguous_needs_review""]}"
2026-09-30T21:23:46.104923+00:00,sem_adyen_senior-security-program-manager_amsterdam,Senior Security Program Manager,Adyen,Amsterdam,direct,embedded_systems,senior,"not_data_ai_field,not_fresher_ws_thesis,ambiguous_needs_review","{""job_id"": ""sem_adyen_senior-security-program-manager_amsterdam"", ""title"": ""Senior Security Program Manager"", ""url"": null, ""job_url"": ""https://job-boards.greenhouse.io/adyen/jobs/8102387"", ""audience_reject_reasons"": [""not_data_ai_field"", ""not_fresher_ws_thesis"", ""ambiguous_needs_review""]}"
2026-09-30T21:23:46.104923+00:00,sem_adyen_strategic-growth-manager_amsterdam,Strategic Growth Manager,Adyen,Amsterdam,direct,software_engineering,senior,"not_data_ai_field,not_fresher_ws_thesis,ambiguous_needs_review","{""job_id"": ""sem_adyen_strategic-growth-manager_amsterdam"", ""title"": ""Strategic Growth Manager"", ""url"": null, ""job_url"": ""https://job-boards.greenhouse.io/adyen/jobs/8167674"", ""audience_reject_reasons"": [""not_data_ai_field"", ""not_fresher_ws_thesis"", ""ambiguous_needs_review""]}"
2026-09-30T21:23:46.104923+00:00,sem_adyen_supply-chain-capability-manager_amsterdam,"Supply Chain, Capability Manager",Adyen,Amsterdam,direct,other_tech,mid,"not_data_ai_field,not_fresher_ws_thesis,ambiguous_needs_review","{""job_id"": ""sem_adyen_supply-chain-capability-manager_amsterdam"", ""title"": ""Supply Chain, Capability Manager"", ""url"": null, ""job_url"": ""https://job-boards.greenhouse.io/adyen/jobs/8203665"", ""audience_reject_reasons"": [""not_data_ai_field"", ""not_fresher_ws_thesis"", ""ambiguous_needs_review""]}"
2026-09-30T21:23:46.104923+00:00,sem_adyen_team-lead-compliance-investigations-eu-mlro_amsterdam,Team Lead - Compliance Investigations (EU MLRO),Adyen,Amsterdam,direct,other_tech,senior,"not_data_ai_field,not_fresher_ws_thesis,ambiguous_needs_review","{""job_id"": ""sem_adyen_team-lead-compliance-investigations-eu-mlro_amsterdam"", ""title"": ""Team Lead - Compliance Investigations (EU MLRO)"", ""url"": null, ""job_url"": ""https://job-boards.greenhouse.io/adyen/jobs/8200695"", ""audience_reject_reasons"": [""not_data_ai_field"", ""not_fresher_ws_thesis"", ""ambiguous_needs_review""]}"
2026-09-30T21:23:46.104923+00:00,sem_adyen_team-lead-platforms-account-management_london,"Team Lead, Platforms Account Management",Adyen,London,direct,other_tech,senior,"not_eu,not_data_ai_field,not_fresher_ws_thesis,ambiguous_needs_review","{""job_id"": ""sem_adyen_team-lead-platforms-account-management_london"", ""title"": ""Team Lead, Platforms Account Management"", ""url"": null, ""job_url"": ""https://job-boards.greenhouse.io/adyen/jobs/8186051"", ""audience_reject_reasons"": [""not_eu"", ""not_data_ai_field"", ""not_fresher_ws_thesis"", ""ambiguous_needs_review""]}"
2026-09-30T21:23:46.104923+00:00,sem_adyen_team-lead-pooled-account-management_paris,Team Lead - Pooled Account Management,Adyen,Paris,direct,other_tech,senior,"not_data_ai_field,not_fresher_ws_thesis,ambiguous_needs_review","{""job_id"": ""sem_adyen_team-lead-pooled-account-management_paris"", ""title"": ""Team Lead - Pooled Account Management"", ""url"": null, ""job_url"": ""https://job-boards.greenhouse.io/adyen/jobs/8156027"", ""audience_reject_reasons"": [""not_data_ai_field"", ""not_fresher_ws_thesis"", ""ambiguous_needs_review""]}"
2026-09-30T21:23:46.104923+00:00,sem_adyen_team-lead-salesforce-commercial_amsterdam,Team Lead - Salesforce Commercial,Adyen,Amsterdam,direct,product_management,senior,"not_data_ai_field,not_fresher_ws_thesis,ambiguous_needs_review","{""job_id"": ""sem_adyen_team-lead-salesforce-commercial_amsterdam"", ""title"": ""Team Lead - Salesforce Commercial"", ""url"": null, ""job_url"": ""https://job-boards.greenhouse.io/adyen/jobs/7806095"", ""audience_reject_reasons"": [""not_data_ai_field"", ""not_fresher_ws_thesis"", ""ambiguous_needs_review""]}"
2026-09-30T21:23:46.104923+00:00,sem_adyen_team-lead-sub-customer-onboarding_madrid,Team Lead - Sub Customer Onboarding,Adyen,Madrid,direct,qa_testing,senior,"not_data_ai_field,not_fresher_ws_thesis,ambiguous_needs_review","{""job_id"": ""sem_adyen_team-lead-sub-customer-onboarding_madrid"", ""title"": ""Team Lead - Sub Customer Onboarding"", ""url"": null, ""job_url"": ""https://job-boards.greenhouse.io/adyen/jobs/8088780"", ""audience_reject_reasons"": [""not_data_ai_field"", ""not_fresher_ws_thesis"", ""ambiguous_needs_review""]}"
2026-09-30T21:23:46.104923+00:00,sem_adyen_team-lead-technical-support_amsterdam,Team Lead - Technical Support,Adyen,Amsterdam,direct,other_tech,senior,"not_data_ai_field,not_fresher_ws_thesis,ambiguous_needs_review","{""job_id"": ""sem_adyen_team-lead-technical-support_amsterdam"", ""title"": ""Team Lead - Technical Support"", ""url"": null, ""job_url"": ""https://job-boards.greenhouse.io/adyen/jobs/7208547"", ""audience_reject_reasons"": [""not_data_ai_field"", ""not_fresher_ws_thesis"", ""ambiguous_needs_review""]}"
2026-09-30T21:23:46.104923+00:00,sem_adyen_technology-partner-manager_amsterdam-berlin,Technology Partner Manager,Adyen,Amsterdam; Berlin,direct,sap_erp,senior,"not_data_ai_field,not_fresher_ws_thesis,ambiguous_needs_review","{""job_id"": ""sem_adyen_technology-partner-manager_amsterdam-berlin"", ""title"": ""Technology Partner Manager"", ""url"": null, ""job_url"": ""https://job-boards.greenhouse.io/adyen/jobs/8226015"", ""audience_reject_reasons"": [""not_data_ai_field"", ""not_fresher_ws_thesis"", ""ambiguous_needs_review""]}"
2026-09-30T21:23:46.104923+00:00,sem_aloyoga_stock-manager-seasonal-fixed-term-saint-tropez_,Stock Manager (Seasonal Fixed-Term) - Saint-Tropez,Aloyoga,,arbeitnow,other_tech,mid,"not_eu,not_data_ai_field,not_fresher_ws_thesis,ambiguous_needs_review","{""job_id"": ""sem_aloyoga_stock-manager-seasonal-fixed-term-saint-tropez_"", ""title"": ""Stock Manager (Seasonal Fixed-Term) - Saint-Tropez"", ""url"": null, ""job_url"": ""https://www.arbeitnow.fr/jobs/companies/aloyoga/stock-manager-seasonal-fixed-term-saint-tropez-490550"", ""audience_reject_reasons"": [""not_eu"", ""not_data_ai_field"", ""not_fresher_ws_thesis"", ""ambiguous_needs_review""]}"
2026-09-30T21:23:46.104923+00:00,sem_aloyoga_visual-manager-seasonal-fixed-term-saint-tropez_,Visual Manager (Seasonal Fixed-Term) - Saint-Tropez,Aloyoga,,arbeitnow,other_tech,mid,"not_eu,not_data_ai_field,not_fresher_ws_thesis,ambiguous_needs_review","{""job_id"": ""sem_aloyoga_visual-manager-seasonal-fixed-term-saint-tropez_"", ""title"": ""Visual Manager (Seasonal Fixed-Term) - Saint-Tropez"", ""url"": null, ""job_url"": ""https://www.arbeitnow.fr/jobs/companies/aloyoga/visual-manager-seasonal-fixed-term-saint-tropez-339032"", ""audience_reject_reasons"": [""not_eu"", ""not_data_ai_field"", ""not_fresher_ws_thesis"", ""ambiguous_needs_review""]}"
2026-09-30T21:23:46.104923+00:00,sem_artes-group_lasser_be-be234,Lasser,ARTES GROUP,BE (BE234),eures,other_tech,mid,"not_data_ai_field,not_fresher_ws_thesis,ambiguous_needs_review","{""job_id"": ""sem_artes-group_lasser_be-be234"", ""title"": ""Lasser"", ""url"": null, ""job_url"": ""https://europa.eu/eures/portal/jv-se/jv-details/ZDc0NjJlMGUtYmUxZS00MzZjLTg0ZjktMTBkNzc1YWY3ZjRhIDM?jvDisplayLanguage=nl&lang=nl"", ""audience_reject_reasons"": [""not_data_ai_field"", ""not_fresher_ws_thesis"", ""ambiguous_needs_review""]}"
2026-09-30T21:23:46.104923+00:00,sem_awin_head-of-product-ai-enablement_berlin-berlin,"Head of Product, AI Enablement (f/m/d)",Awin,"Berlin, Berlin",arbeitnow,embedded_systems,senior,"not_data_ai_field,not_fresher_ws_thesis,ambiguous_needs_review","{""job_id"": ""sem_awin_head-of-product-ai-enablement_berlin-berlin"", ""title"": ""Head of Product, AI Enablement (f/m/d)"", ""url"": null, ""job_url"": ""https://www.arbeitnow.com/jobs/companies/awin/head-of-product-ai-enablement-berlin-berlin-254713"", ""audience_reject_reasons"": [""not_data_ai_field"", ""not_fresher_ws_thesis"", ""ambiguous_needs_review""]}"
2026-09-30T21:23:46.104923+00:00,sem_bleckmann-belgi-wh-desteldonk_orderpicker_be-be234,Orderpicker,Bleckmann België (WH Desteldonk),BE (BE234),eures,other_tech,mid,"not_data_ai_field,not_fresher_ws_thesis,ambiguous_needs_review","{""job_id"": ""sem_bleckmann-belgi-wh-desteldonk_orderpicker_be-be234"", ""title"": ""Orderpicker"", ""url"": null, ""job_url"": ""https://europa.eu/eures/portal/jv-se/jv-details/ZjcwYjM3ZGYtY2RiOS00MDZlLWJhNTAtMjhiNzkwMWEyYmZjIDM?jvDisplayLanguage=nl&lang=nl"", ""audience_reject_reasons"": [""not_data_ai_field"", ""not_fresher_ws_thesis"", ""ambiguous_needs_review""]}"
2026-09-30T21:23:46.104923+00:00,sem_build-software_account-executive-erp_be-be224,Account Executive ERP,Build-Software,BE (BE224),eures,other_tech,mid,"not_data_ai_field,not_fresher_ws_thesis,ambiguous_needs_review","{""job_id"": ""sem_build-software_account-executive-erp_be-be224"", ""title"": ""Account Executive ERP"", ""url"": null, ""job_url"": ""https://europa.eu/eures/portal/jv-se/jv-details/MTBmZjFlMzYtOTIzMy00NzA5LWI3ZTQtMDkwMDE3MjliZTQ4IDM?jvDisplayLanguage=nl&lang=nl"", ""audience_reject_reasons"": [""not_data_ai_field"", ""not_fresher_ws_thesis"", ""ambiguous_needs_review""]}"
2026-09-30T21:23:46.104923+00:00,sem_bunq_deputy-head-of-legal_amsterdam-noord-holland-netherlands,Deputy Head of Legal,Bunq,"Amsterdam, Noord-Holland, Netherlands",direct,other_tech,senior,"not_data_ai_field,not_fresher_ws_thesis,ambiguous_needs_review","{""job_id"": ""sem_bunq_deputy-head-of-legal_amsterdam-noord-holland-netherlands"", ""title"": ""Deputy Head of Legal"", ""url"": null, ""job_url"": ""https://careers.bunq.com/o/deputy-head-of-legal"", ""audience_reject_reasons"": [""not_data_ai_field"", ""not_fresher_ws_thesis"", ""ambiguous_needs_review""]}"
2026-09-30T21:23:46.104923+00:00,sem_bunq_head-of-people_amsterdam-noord-holland-netherlands,Head of People,Bunq,"Amsterdam, Noord-Holland, Netherlands",direct,other_tech,senior,"not_data_ai_field,not_fresher_ws_thesis,ambiguous_needs_review","{""job_id"": ""sem_bunq_head-of-people_amsterdam-noord-holland-netherlands"", ""title"": ""Head of People"", ""url"": null, ""job_url"": ""https://careers.bunq.com/o/head-of-people-6"", ""audience_reject_reasons"": [""not_data_ai_field"", ""not_fresher_ws_thesis"", ""ambiguous_needs_review""]}"
2026-09-30T21:23:46.104923+00:00,sem_bwh-hotel-group-france_consultant-e-commercial-d-veloppement-r-seau-h-telier-cdi-h-f_fr-fr105,CONSULTANT.E COMMERCIAL  DÉVELOPPEMENT RÉSEAU HÔTELIER - CDI - H/F,BWH HOTEL GROUP FRANCE,FR (FR105),eures,other_tech,mid,"not_data_ai_field,not_fresher_ws_thesis,ambiguous_needs_review","{""job_id"": ""sem_bwh-hotel-group-france_consultant-e-commercial-d-veloppement-r-seau-h-telier-cdi-h-f_fr-fr105"", ""title"": ""CONSULTANT.E COMMERCIAL  D\u00c9VELOPPEMENT R\u00c9SEAU H\u00d4TELIER - CDI - H/F"", ""url"": null, ""job_url"": ""https://europa.eu/eures/portal/jv-se/jv-details/NjUzMjQ1NCA5?jvDisplayLanguage=fr&lang=fr"", ""audience_reject_reasons"": [""not_data_ai_field"", ""not_fresher_ws_thesis"", ""ambiguous_needs_review""]}"
2026-09-30T21:23:46.104923+00:00,sem_camion-transport-wil-ct_impiegato-in-logistica_ch-ch070,impiegato in logistica,Camion-Transport AG Wil CT,CH (CH070),eures,non_tech,mid,"not_eu,not_data_ai_field,not_fresher_ws_thesis,ambiguous_needs_review","{""job_id"": ""sem_camion-transport-wil-ct_impiegato-in-logistica_ch-ch070"", ""title"": ""impiegato in logistica"", ""url"": null, ""job_url"": ""https://europa.eu/eures/portal/jv-se/jv-details/NTg3NThlODgtNjg5ZS00NjY2LWJjY2UtZDhiZDJkNmJkNjA2IDYx?jvDisplayLanguage=en&lang=en"", ""audience_reject_reasons"": [""not_eu"", ""not_data_ai_field"", ""not_fresher_ws_thesis"", ""ambiguous_needs_review""]}"
2026-09-30T21:23:46.104923+00:00,sem_campus-schoonmeersen_lector-hvac-en-elektromechanische-systemen-onderwijsontwikkeling-databeheer-en-stagebegeleiding_be-be234,"Lector HVAC en elektromechanische systemen – onderwijsontwikkeling, databeheer en stagebegeleiding",Campus Schoonmeersen,BE (BE234),eures,other_tech,mid,"not_data_ai_field,not_fresher_ws_thesis,ambiguous_needs_review","{""job_id"": ""sem_campus-schoonmeersen_lector-hvac-en-elektromechanische-systemen-onderwijsontwikkeling-databeheer-en-stagebegeleiding_be-be234"", ""title"": ""Lector HVAC en elektromechanische systemen \u2013 onderwijsontwikkeling, databeheer en stagebegeleiding"", ""url"": null, ""job_url"": ""https://europa.eu/eures/portal/jv-se/jv-details/Nzc2NjAxZWItMzgxNy00NDEyLTkyZjYtNGYyYWI5MTc3Njg1IDM?jvDisplayLanguage=nl&lang=nl"", ""audience_reject_reasons"": [""not_data_ai_field"", ""not_fresher_ws_thesis"", ""ambiguous_needs_review""]}"
2026-09-30T21:23:46.104923+00:00,sem_celonis_associate-account-executive-top-talent-sales-program-lunar_munich-germany,Associate Account Executive (Top Talent Sales Program - Lunar),Celonis,"Munich, Germany",direct,other_tech,mid,"not_data_ai_field,not_fresher_ws_thesis,ambiguous_needs_review","{""job_id"": ""sem_celonis_associate-account-executive-top-talent-sales-program-lunar_munich-germany"", ""title"": ""Associate Account Executive (Top Talent Sales Program - Lunar)"", ""url"": null, ""job_url"": ""https://job-boards.greenhouse.io/celonis/jobs/7816965003?gh_jid=7816965003"", ""audience_reject_reasons"": [""not_data_ai_field"", ""not_fresher_ws_thesis"", ""ambiguous_needs_review""]}"
2026-09-30T21:23:46.104923+00:00,sem_celonis_client-value-partner-defence-government-sc-cleared_london-united-kingdom,Client Value Partner - Defence & Government - SC Cleared,Celonis,"London, United Kingdom",direct,other_tech,mid,"not_eu,not_data_ai_field,not_fresher_ws_thesis,ambiguous_needs_review","{""job_id"": ""sem_celonis_client-value-partner-defence-government-sc-cleared_london-united-kingdom"", ""title"": ""Client Value Partner - Defence & Government - SC Cleared"", ""url"": null, ""job_url"": ""https://job-boards.greenhouse.io/celonis/jobs/7817394003?gh_jid=7817394003"", ""audience_reject_reasons"": [""not_eu"", ""not_data_ai_field"", ""not_fresher_ws_thesis"", ""ambiguous_needs_review""]}"
2026-09-30T21:23:46.104923+00:00,sem_celonis_client-value-partner-insurance-service-industries_munich-germany,Client Value Partner - (Insurance / Service Industries),Celonis,"Munich, Germany",direct,other_tech,mid,"not_data_ai_field,not_fresher_ws_thesis,ambiguous_needs_review","{""job_id"": ""sem_celonis_client-value-partner-insurance-service-industries_munich-germany"", ""title"": ""Client Value Partner - (Insurance / Service Industries)"", ""url"": null, ""job_url"": ""https://job-boards.greenhouse.io/celonis/jobs/7775171003?gh_jid=7775171003"", ""audience_reject_reasons"": [""not_data_ai_field"", ""not_fresher_ws_thesis"", ""ambiguous_needs_review""]}"
2026-09-30T21:23:46.104923+00:00,sem_celonis_client-value-partner-mining_london-united-kingdom,Client Value Partner - Mining,Celonis,"London, United Kingdom",direct,other_tech,mid,"not_eu,not_data_ai_field,not_fresher_ws_thesis,ambiguous_needs_review","{""job_id"": ""sem_celonis_client-value-partner-mining_london-united-kingdom"", ""title"": ""Client Value Partner - Mining"", ""url"": null, ""job_url"": ""https://job-boards.greenhouse.io/celonis/jobs/7712957003?gh_jid=7712957003"", ""audience_reject_reasons"": [""not_eu"", ""not_data_ai_field"", ""not_fresher_ws_thesis"", ""ambiguous_needs_review""]}"
2026-09-30T21:23:46.104923+00:00,sem_celonis_client-value-partner-pharmaceuticals_london-united-kingdom,Client Value Partner - Pharmaceuticals,Celonis,"London, United Kingdom",direct,other_tech,mid,"not_eu,not_data_ai_field,not_fresher_ws_thesis,ambiguous_needs_review","{""job_id"": ""sem_celonis_client-value-partner-pharmaceuticals_london-united-kingdom"", ""title"": ""Client Value Partner - Pharmaceuticals"", ""url"": null, ""job_url"": ""https://job-boards.greenhouse.io/celonis/jobs/7725740003?gh_jid=7725740003"", ""audience_reject_reasons"": [""not_eu"", ""not_data_ai_field"", ""not_fresher_ws_thesis"", ""ambiguous_needs_review""]}"
2026-09-30T21:23:46.104923+00:00,sem_celonis_client-value-partner-public-sector-security-cleared_london-united-kingdom,Client Value Partner - Public Sector - Security Cleared,Celonis,"London, United Kingdom",direct,other_tech,mid,"not_eu,not_data_ai_field,not_fresher_ws_thesis,ambiguous_needs_review","{""job_id"": ""sem_celonis_client-value-partner-public-sector-security-cleared_london-united-kingdom"", ""title"": ""Client Value Partner - Public Sector - Security Cleared"", ""url"": null, ""job_url"": ""https://job-boards.greenhouse.io/celonis/jobs/7817395003?gh_jid=7817395003"", ""audience_reject_reasons"": [""not_eu"", ""not_data_ai_field"", ""not_fresher_ws_thesis"", ""ambiguous_needs_review""]}"
2026-09-30T21:23:46.104923+00:00,sem_celonis_client-value-partner-public-sector_london-united-kingdom,Client Value Partner - Public Sector,Celonis,"London, United Kingdom",direct,other_tech,mid,"not_eu,not_data_ai_field,not_fresher_ws_thesis,ambiguous_needs_review","{""job_id"": ""sem_celonis_client-value-partner-public-sector_london-united-kingdom"", ""title"": ""Client Value Partner - Public Sector"", ""url"": null, ""job_url"": ""https://job-boards.greenhouse.io/celonis/jobs/7725748003?gh_jid=7725748003"", ""audience_reject_reasons"": [""not_eu"", ""not_data_ai_field"", ""not_fresher_ws_thesis"", ""ambiguous_needs_review""]}"
2026-09-30T21:23:46.104923+00:00,sem_celonis_client-value-partner_stockholm-sweden,Client Value Partner,Celonis,"Stockholm, Sweden",direct,other_tech,mid,"not_data_ai_field,not_fresher_ws_thesis,ambiguous_needs_review","{""job_id"": ""sem_celonis_client-value-partner_stockholm-sweden"", ""title"": ""Client Value Partner"", ""url"": null, ""job_url"": ""https://job-boards.greenhouse.io/celonis/jobs/7817240003?gh_jid=7817240003"", ""audience_reject_reasons"": [""not_data_ai_field"", ""not_fresher_ws_thesis"", ""ambiguous_needs_review""]}"
2026-09-30T21:23:46.104923+00:00,sem_celonis_customer-advocacy-customer-marketing-graduated-internship-12-months_madrid-spain,Customer Advocacy & Customer Marketing Graduated Internship (12 months),Celonis,"Madrid, Spain",direct,other_tech,internship,"not_data_ai_field,ambiguous_needs_review","{""job_id"": ""sem_celonis_customer-advocacy-customer-marketing-graduated-internship-12-months_madrid-spain"", ""title"": ""Customer Advocacy & Customer Marketing Graduated Internship (12 months)"", ""url"": null, ""job_url"": ""https://job-boards.greenhouse.io/celonis/jobs/7998286003?gh_jid=7998286003"", ""audience_reject_reasons"": [""not_data_ai_field"", ""ambiguous_needs_review""]}"
2026-09-30T21:23:46.104923+00:00,sem_celonis_global-sales-excellence-leader_london-united-kingdom,Global Sales Excellence Leader,Celonis,"London, United Kingdom",direct,other_tech,mid,"not_eu,not_data_ai_field,not_fresher_ws_thesis,ambiguous_needs_review","{""job_id"": ""sem_celonis_global-sales-excellence-leader_london-united-kingdom"", ""title"": ""Global Sales Excellence Leader"", ""url"": null, ""job_url"": ""https://job-boards.greenhouse.io/celonis/jobs/7854283003?gh_jid=7854283003"", ""audience_reject_reasons"": [""not_eu"", ""not_data_ai_field"", ""not_fresher_ws_thesis"", ""ambiguous_needs_review""]}"
2026-09-30T21:23:46.104923+00:00,sem_celonis_gtm-program-manager_london-united-kingdom,GTM Program Manager,Celonis,"London, United Kingdom",direct,other_tech,mid,"not_eu,not_data_ai_field,not_fresher_ws_thesis,ambiguous_needs_review","{""job_id"": ""sem_celonis_gtm-program-manager_london-united-kingdom"", ""title"": ""GTM Program Manager"", ""url"": null, ""job_url"": ""https://job-boards.greenhouse.io/celonis/jobs/7827537003?gh_jid=7827537003"", ""audience_reject_reasons"": [""not_eu"", ""not_data_ai_field"", ""not_fresher_ws_thesis"", ""ambiguous_needs_review""]}"
2026-09-30T21:23:46.104923+00:00,sem_celonis_head-of-industry-retail-cpg_munich-germany,Head of Industry - Retail & CPG,Celonis,"Munich, Germany",direct,other_tech,senior,"not_data_ai_field,not_fresher_ws_thesis,ambiguous_needs_review","{""job_id"": ""sem_celonis_head-of-industry-retail-cpg_munich-germany"", ""title"": ""Head of Industry - Retail & CPG"", ""url"": null, ""job_url"": ""https://job-boards.greenhouse.io/celonis/jobs/6313858003?gh_jid=6313858003"", ""audience_reject_reasons"": [""not_data_ai_field"", ""not_fresher_ws_thesis"", ""ambiguous_needs_review""]}"
2026-09-30T21:23:46.104923+00:00,sem_celonis_head-of-value-engineering-nordics_copenhagen-denmark,Head of Value Engineering - Nordics,Celonis,"Copenhagen, Denmark",direct,other_tech,senior,"not_data_ai_field,not_fresher_ws_thesis,ambiguous_needs_review","{""job_id"": ""sem_celonis_head-of-value-engineering-nordics_copenhagen-denmark"", ""title"": ""Head of Value Engineering - Nordics"", ""url"": null, ""job_url"": ""https://job-boards.greenhouse.io/celonis/jobs/7683735003?gh_jid=7683735003"", ""audience_reject_reasons"": [""not_data_ai_field"", ""not_fresher_ws_thesis"", ""ambiguous_needs_review""]}"
2026-09-30T21:23:46.104923+00:00,sem_celonis_head-of-value-engineering-nordics_stockholm-sweden,Head of Value Engineering - Nordics,Celonis,"Stockholm, Sweden",direct,other_tech,senior,"not_data_ai_field,not_fresher_ws_thesis,ambiguous_needs_review","{""job_id"": ""sem_celonis_head-of-value-engineering-nordics_stockholm-sweden"", ""title"": ""Head of Value Engineering - Nordics"", ""url"": null, ""job_url"": ""https://job-boards.greenhouse.io/celonis/jobs/7683737003?gh_jid=7683737003"", ""audience_reject_reasons"": [""not_data_ai_field"", ""not_fresher_ws_thesis"", ""ambiguous_needs_review""]}"
2026-09-30T21:23:46.104923+00:00,sem_celonis_intern-deal-operations-and-analysis_madrid-spain,Intern Deal Operations and Analysis,Celonis,"Madrid, Spain",direct,other_tech,internship,"not_data_ai_field,ambiguous_needs_review","{""job_id"": ""sem_celonis_intern-deal-operations-and-analysis_madrid-spain"", ""title"": ""Intern Deal Operations and Analysis"", ""url"": null, ""job_url"": ""https://job-boards.greenhouse.io/celonis/jobs/7996939003?gh_jid=7996939003"", ""audience_reject_reasons"": [""not_data_ai_field"", ""ambiguous_needs_review""]}"
2026-09-30T21:23:46.104923+00:00,sem_celonis_intern-external-communications_munich-germany,Intern External Communications,Celonis,"Munich, Germany",direct,other_tech,internship,"not_data_ai_field,ambiguous_needs_review","{""job_id"": ""sem_celonis_intern-external-communications_munich-germany"", ""title"": ""Intern External Communications"", ""url"": null, ""job_url"": ""https://job-boards.greenhouse.io/celonis/jobs/8005202003?gh_jid=8005202003"", ""audience_reject_reasons"": [""not_data_ai_field"", ""ambiguous_needs_review""]}"
2026-09-30T21:23:46.104923+00:00,sem_celonis_manager-pre-sales-and-solution-engineering-nordics_copenhagen-denmark,"Manager, Pre-Sales and Solution Engineering - Nordics",Celonis,"Copenhagen, Denmark",direct,other_tech,mid,"not_data_ai_field,not_fresher_ws_thesis,ambiguous_needs_review","{""job_id"": ""sem_celonis_manager-pre-sales-and-solution-engineering-nordics_copenhagen-denmark"", ""title"": ""Manager, Pre-Sales and Solution Engineering - Nordics"", ""url"": null, ""job_url"": ""https://job-boards.greenhouse.io/celonis/jobs/7683734003?gh_jid=7683734003"", ""audience_reject_reasons"": [""not_data_ai_field"", ""not_fresher_ws_thesis"", ""ambiguous_needs_review""]}"
2026-09-30T21:23:46.104923+00:00,sem_celonis_manager-pre-sales-and-solution-engineering-nordics_stockholm-sweden,"Manager, Pre-Sales and Solution Engineering - Nordics",Celonis,"Stockholm, Sweden",direct,other_tech,mid,"not_data_ai_field,not_fresher_ws_thesis,ambiguous_needs_review","{""job_id"": ""sem_celonis_manager-pre-sales-and-solution-engineering-nordics_stockholm-sweden"", ""title"": ""Manager, Pre-Sales and Solution Engineering - Nordics"", ""url"": null, ""job_url"": ""https://job-boards.greenhouse.io/celonis/jobs/7681577003?gh_jid=7681577003"", ""audience_reject_reasons"": [""not_data_ai_field"", ""not_fresher_ws_thesis"", ""ambiguous_needs_review""]}"
2026-09-30T21:23:46.104923+00:00,sem_celonis_sales-director-italy_milan-italy,Sales Director Italy,Celonis,"Milan, Italy",direct,other_tech,mid,"not_data_ai_field,not_fresher_ws_thesis,ambiguous_needs_review","{""job_id"": ""sem_celonis_sales-director-italy_milan-italy"", ""title"": ""Sales Director Italy"", ""url"": null, ""job_url"": ""https://job-boards.greenhouse.io/celonis/jobs/7986246003?gh_jid=7986246003"", ""audience_reject_reasons"": [""not_data_ai_field"", ""not_fresher_ws_thesis"", ""ambiguous_needs_review""]}"
2026-09-30T21:23:46.104923+00:00,sem_celonis_sales-director-nordics_stockholm-sweden,Sales Director Nordics,Celonis,"Stockholm, Sweden",direct,other_tech,mid,"not_data_ai_field,not_fresher_ws_thesis,ambiguous_needs_review","{""job_id"": ""sem_celonis_sales-director-nordics_stockholm-sweden"", ""title"": ""Sales Director Nordics"", ""url"": null, ""job_url"": ""https://job-boards.greenhouse.io/celonis/jobs/7988718003?gh_jid=7988718003"", ""audience_reject_reasons"": [""not_data_ai_field"", ""not_fresher_ws_thesis"", ""ambiguous_needs_review""]}"
2026-09-30T21:23:46.104923+00:00,sem_celonis_strategic-account-executive-manufacturing_remote,Strategic Account Executive - Manufacturing,celonis,Remote,arbeitnow,other_tech,mid,"not_eu,not_data_ai_field,not_fresher_ws_thesis,ambiguous_needs_review","{""job_id"": ""sem_celonis_strategic-account-executive-manufacturing_remote"", ""title"": ""Strategic Account Executive - Manufacturing"", ""url"": null, ""job_url"": ""https://www.arbeitnow.ch/jobs/companies/celonis/remote-strategic-account-executive-manufacturing-437379"", ""audience_reject_reasons"": [""not_eu"", ""not_data_ai_field"", ""not_fresher_ws_thesis"", ""ambiguous_needs_review""]}"
2026-09-30T21:23:46.104923+00:00,sem_celonis_strategic-account-executive-manufacturing_remote-switzerland,Strategic Account Executive - Manufacturing,Celonis,"Remote, Switzerland",direct,other_tech,mid,"not_eu,not_data_ai_field,not_fresher_ws_thesis,ambiguous_needs_review","{""job_id"": ""sem_celonis_strategic-account-executive-manufacturing_remote-switzerland"", ""title"": ""Strategic Account Executive - Manufacturing"", ""url"": null, ""job_url"": ""https://job-boards.greenhouse.io/celonis/jobs/8002500003?gh_jid=8002500003"", ""audience_reject_reasons"": [""not_eu"", ""not_data_ai_field"", ""not_fresher_ws_thesis"", ""ambiguous_needs_review""]}"
2026-09-30T21:23:46.104923+00:00,sem_celonis_strategic-account-executive-manufacturing_z-rich,Strategic Account Executive - Manufacturing,celonis,Zürich,arbeitnow,other_tech,mid,"not_eu,not_data_ai_field,not_fresher_ws_thesis,ambiguous_needs_review","{""job_id"": ""sem_celonis_strategic-account-executive-manufacturing_z-rich"", ""title"": ""Strategic Account Executive - Manufacturing"", ""url"": null, ""job_url"": ""https://www.arbeitnow.ch/jobs/companies/celonis/strategic-account-executive-manufacturing-zurich-89004"", ""audience_reject_reasons"": [""not_eu"", ""not_data_ai_field"", ""not_fresher_ws_thesis"", ""ambiguous_needs_review""]}"
2026-09-30T21:23:46.104923+00:00,sem_celonis_strategic-account-executive-manufacturing_z-rich-switzerland,Strategic Account Executive - Manufacturing,Celonis,"Zürich, Switzerland",direct,other_tech,mid,"not_eu,not_data_ai_field,not_fresher_ws_thesis,ambiguous_needs_review","{""job_id"": ""sem_celonis_strategic-account-executive-manufacturing_z-rich-switzerland"", ""title"": ""Strategic Account Executive - Manufacturing"", ""url"": null, ""job_url"": ""https://job-boards.greenhouse.io/celonis/jobs/7988891003?gh_jid=7988891003"", ""audience_reject_reasons"": [""not_eu"", ""not_data_ai_field"", ""not_fresher_ws_thesis"", ""ambiguous_needs_review""]}"
2026-09-30T21:23:46.104923+00:00,sem_celonis_working-student-external-communications_munich-germany,Working Student External Communications,Celonis,"Munich, Germany",direct,other_tech,working_student,"not_data_ai_field,ambiguous_needs_review","{""job_id"": ""sem_celonis_working-student-external-communications_munich-germany"", ""title"": ""Working Student External Communications"", ""url"": null, ""job_url"": ""https://job-boards.greenhouse.io/celonis/jobs/8005144003?gh_jid=8005144003"", ""audience_reject_reasons"": [""not_data_ai_field"", ""ambiguous_needs_review""]}"
2026-09-30T21:23:46.104923+00:00,sem_consult-pepper_abacus-support-specialist_ch-ch040,Abacus-Support Specialist,Consult & Pepper AG,CH (CH040),eures,other_tech,mid,"not_eu,not_data_ai_field,not_fresher_ws_thesis,ambiguous_needs_review","{""job_id"": ""sem_consult-pepper_abacus-support-specialist_ch-ch040"", ""title"": ""Abacus-Support Specialist"", ""url"": null, ""job_url"": ""https://europa.eu/eures/portal/jv-se/jv-details/NmM2NGE5ZTktNjhhNS00ZDg3LTgwOTUtNDVmMzliMjVlMWRiIDYx?jvDisplayLanguage=en&lang=en"", ""audience_reject_reasons"": [""not_eu"", ""not_data_ai_field"", ""not_fresher_ws_thesis"", ""ambiguous_needs_review""]}"
2026-09-30T21:23:46.104923+00:00,sem_consult-pepper_erp-consultant_ch-ch061,ERP-Consultant,Consult & Pepper AG,CH (CH061),eures,other_tech,mid,"not_eu,not_data_ai_field,not_fresher_ws_thesis,ambiguous_needs_review","{""job_id"": ""sem_consult-pepper_erp-consultant_ch-ch061"", ""title"": ""ERP-Consultant"", ""url"": null, ""job_url"": ""https://europa.eu/eures/portal/jv-se/jv-details/ZjdjY2M3ZmQtMTMxZC00YzlhLTkxZmEtYTVmYTE2ZTMzZGZiIDYx?jvDisplayLanguage=en&lang=en"", ""audience_reject_reasons"": [""not_eu"", ""not_data_ai_field"", ""not_fresher_ws_thesis"", ""ambiguous_needs_review""]}"
2026-09-30T21:23:46.104923+00:00,sem_consult-pepper_junior-wirtschaftsinformatiker-in_ch-ch055,Junior Wirtschaftsinformatiker :in,Consult & Pepper AG,CH (CH055),eures,other_tech,junior,"not_eu,not_data_ai_field,ambiguous_needs_review","{""job_id"": ""sem_consult-pepper_junior-wirtschaftsinformatiker-in_ch-ch055"", ""title"": ""Junior Wirtschaftsinformatiker :in"", ""url"": null, ""job_url"": ""https://europa.eu/eures/portal/jv-se/jv-details/ZDFiNjI0MWYtNTgxOS00ZGFiLTg5YTItNDEyNDg0Njc5NGM3IDYx?jvDisplayLanguage=en&lang=en"", ""audience_reject_reasons"": [""not_eu"", ""not_data_ai_field"", ""ambiguous_needs_review""]}"
2026-09-30T21:23:46.104923+00:00,sem_coopers-group-hauptsitz_ingenieur-f-r-inbetriebnahme-und-qualifizierung_ch-ch032,Ingenieur für Inbetriebnahme und Qualifizierung,"Coopers Group AG, Hauptsitz",CH (CH032),eures,other_tech,mid,"not_eu,not_data_ai_field,not_fresher_ws_thesis,ambiguous_needs_review","{""job_id"": ""sem_coopers-group-hauptsitz_ingenieur-f-r-inbetriebnahme-und-qualifizierung_ch-ch032"", ""title"": ""Ingenieur f\u00fcr Inbetriebnahme und Qualifizierung"", ""url"": null, ""job_url"": ""https://europa.eu/eures/portal/jv-se/jv-details/ODc1ODk5ZjktYTRlOS00ODRmLTk1MWYtZTYzNzdlMzJhZTdkIDYx?jvDisplayLanguage=en&lang=en"", ""audience_reject_reasons"": [""not_eu"", ""not_data_ai_field"", ""not_fresher_ws_thesis"", ""ambiguous_needs_review""]}"
2026-09-30T21:23:46.104923+00:00,sem_datadog_enterprise-account-executive-denmark_copenhagen-denmark,Enterprise Account Executive - Denmark,Datadog,"Copenhagen, Denmark",direct,other_tech,mid,"not_data_ai_field,not_fresher_ws_thesis,ambiguous_needs_review","{""job_id"": ""sem_datadog_enterprise-account-executive-denmark_copenhagen-denmark"", ""title"": ""Enterprise Account Executive - Denmark"", ""url"": null, ""job_url"": ""https://careers.datadoghq.com/detail/6677658/?gh_jid=6677658"", ""audience_reject_reasons"": [""not_data_ai_field"", ""not_fresher_ws_thesis"", ""ambiguous_needs_review""]}"
2026-09-30T21:23:46.104923+00:00,sem_datadog_enterprise-account-executive-uki-public-sector_london-united-kingdom,Enterprise Account Executive (UKI) - Public Sector,Datadog,"London, United Kingdom",direct,other_tech,mid,"not_eu,not_data_ai_field,not_fresher_ws_thesis,ambiguous_needs_review","{""job_id"": ""sem_datadog_enterprise-account-executive-uki-public-sector_london-united-kingdom"", ""title"": ""Enterprise Account Executive (UKI) - Public Sector"", ""url"": null, ""job_url"": ""https://careers.datadoghq.com/detail/7599334/?gh_jid=7599334"", ""audience_reject_reasons"": [""not_eu"", ""not_data_ai_field"", ""not_fresher_ws_thesis"", ""ambiguous_needs_review""]}"
2026-09-30T21:23:46.104923+00:00,sem_datadog_enterprise-account-executive-uki_london-united-kingdom,Enterprise Account Executive - UKI,Datadog,"London, United Kingdom",direct,other_tech,mid,"not_eu,not_data_ai_field,not_fresher_ws_thesis,ambiguous_needs_review","{""job_id"": ""sem_datadog_enterprise-account-executive-uki_london-united-kingdom"", ""title"": ""Enterprise Account Executive - UKI"", ""url"": null, ""job_url"": ""https://careers.datadoghq.com/detail/6836442/?gh_jid=6836442"", ""audience_reject_reasons"": [""not_eu"", ""not_data_ai_field"", ""not_fresher_ws_thesis"", ""ambiguous_needs_review""]}"
2026-09-30T21:23:46.104923+00:00,sem_datadog_enterprise-sales-executive-benelux_amsterdam-the-netherlands,Enterprise Sales Executive (Benelux),Datadog,"Amsterdam, The Netherlands",direct,other_tech,mid,"not_data_ai_field,not_fresher_ws_thesis,ambiguous_needs_review","{""job_id"": ""sem_datadog_enterprise-sales-executive-benelux_amsterdam-the-netherlands"", ""title"": ""Enterprise Sales Executive (Benelux)"", ""url"": null, ""job_url"": ""https://careers.datadoghq.com/detail/6185452/?gh_jid=6185452"", ""audience_reject_reasons"": [""not_data_ai_field"", ""not_fresher_ws_thesis"", ""ambiguous_needs_review""]}"
2026-09-30T21:23:46.104923+00:00,sem_datadog_enterprise-sales-executive-sweden_stockholm-sweden,Enterprise Sales Executive (Sweden),Datadog,"Stockholm, Sweden",direct,other_tech,mid,"not_data_ai_field,not_fresher_ws_thesis,ambiguous_needs_review","{""job_id"": ""sem_datadog_enterprise-sales-executive-sweden_stockholm-sweden"", ""title"": ""Enterprise Sales Executive (Sweden)"", ""url"": null, ""job_url"": ""https://careers.datadoghq.com/detail/5925905/?gh_jid=5925905"", ""audience_reject_reasons"": [""not_data_ai_field"", ""not_fresher_ws_thesis"", ""ambiguous_needs_review""]}"
2026-09-30T21:23:46.104923+00:00,sem_datadog_key-accounts-executive-emea_germany-remote-london-united-kingdom,Key Accounts Executive - EMEA,Datadog,"Germany, Remote; London, United Kingdom",direct,other_tech,mid,"not_data_ai_field,not_fresher_ws_thesis,ambiguous_needs_review","{""job_id"": ""sem_datadog_key-accounts-executive-emea_germany-remote-london-united-kingdom"", ""title"": ""Key Accounts Executive - EMEA"", ""url"": null, ""job_url"": ""https://careers.datadoghq.com/detail/6485604/?gh_jid=6485604"", ""audience_reject_reasons"": [""not_data_ai_field"", ""not_fresher_ws_thesis"", ""ambiguous_needs_review""]}"
2026-09-30T21:23:46.104923+00:00,sem_datadog_manager-i-engineering-husky_paris-france,"Manager I, Engineering - Husky",Datadog,"Paris, France",direct,software_engineering,senior,"not_data_ai_field,not_fresher_ws_thesis,ambiguous_needs_review","{""job_id"": ""sem_datadog_manager-i-engineering-husky_paris-france"", ""title"": ""Manager I, Engineering - Husky"", ""url"": null, ""job_url"": ""https://careers.datadoghq.com/detail/7959705/?gh_jid=7959705"", ""audience_reject_reasons"": [""not_data_ai_field"", ""not_fresher_ws_thesis"", ""ambiguous_needs_review""]}"
2026-09-30T21:23:46.104923+00:00,sem_datadog_manager-i-engineering-orgstore-blueprint_madrid-spain,"Manager I, Engineering - OrgStore Blueprint",Datadog,"Madrid, Spain",direct,software_engineering,senior,"not_data_ai_field,not_fresher_ws_thesis,ambiguous_needs_review","{""job_id"": ""sem_datadog_manager-i-engineering-orgstore-blueprint_madrid-spain"", ""title"": ""Manager I, Engineering - OrgStore Blueprint"", ""url"": null, ""job_url"": ""https://careers.datadoghq.com/detail/7586019/?gh_jid=7586019"", ""audience_reject_reasons"": [""not_data_ai_field"", ""not_fresher_ws_thesis"", ""ambiguous_needs_review""]}"
2026-09-30T21:23:46.104923+00:00,sem_datadog_manager-i-engineering-security-libraries_paris-france,"Manager I, Engineering - Security Libraries",Datadog,"Paris, France",direct,software_engineering,senior,"not_data_ai_field,not_fresher_ws_thesis,ambiguous_needs_review","{""job_id"": ""sem_datadog_manager-i-engineering-security-libraries_paris-france"", ""title"": ""Manager I, Engineering - Security Libraries"", ""url"": null, ""job_url"": ""https://careers.datadoghq.com/detail/8094219/?gh_jid=8094219"", ""audience_reject_reasons"": [""not_data_ai_field"", ""not_fresher_ws_thesis"", ""ambiguous_needs_review""]}"
2026-09-30T21:23:46.104923+00:00,sem_datadog_people-solutions-coordinator-paris_paris-france,People Solutions Coordinator - Paris,Datadog,"Paris, France",direct,other_tech,mid,"not_data_ai_field,not_fresher_ws_thesis,ambiguous_needs_review","{""job_id"": ""sem_datadog_people-solutions-coordinator-paris_paris-france"", ""title"": ""People Solutions Coordinator - Paris"", ""url"": null, ""job_url"": ""https://careers.datadoghq.com/detail/8211563/?gh_jid=8211563"", ""audience_reject_reasons"": [""not_data_ai_field"", ""not_fresher_ws_thesis"", ""ambiguous_needs_review""]}"
2026-09-30T21:23:46.104923+00:00,sem_datadog_program-manager-community-content-and-events-emea_paris-france,Program Manager - Community Content and Events (EMEA),Datadog,"Paris, France",direct,other_tech,senior,"not_data_ai_field,not_fresher_ws_thesis,ambiguous_needs_review","{""job_id"": ""sem_datadog_program-manager-community-content-and-events-emea_paris-france"", ""title"": ""Program Manager - Community Content and Events (EMEA)"", ""url"": null, ""job_url"": ""https://careers.datadoghq.com/detail/8091868/?gh_jid=8091868"", ""audience_reject_reasons"": [""not_data_ai_field"", ""not_fresher_ws_thesis"", ""ambiguous_needs_review""]}"
2026-09-30T21:23:46.104923+00:00,sem_datadog_sales-development-representative-africa_dublin-ireland,Sales Development Representative (Africa),Datadog,"Dublin, Ireland",direct,other_tech,mid,"not_data_ai_field,not_fresher_ws_thesis,ambiguous_needs_review","{""job_id"": ""sem_datadog_sales-development-representative-africa_dublin-ireland"", ""title"": ""Sales Development Representative (Africa)"", ""url"": null, ""job_url"": ""https://careers.datadoghq.com/detail/8152975/?gh_jid=8152975"", ""audience_reject_reasons"": [""not_data_ai_field"", ""not_fresher_ws_thesis"", ""ambiguous_needs_review""]}"
2026-09-30T21:23:46.104923+00:00,sem_datadog_sales-development-representative-dach_amsterdam-the-netherlands,Sales Development Representative (DACH),Datadog,"Amsterdam, The Netherlands",direct,other_tech,mid,"not_data_ai_field,not_fresher_ws_thesis,ambiguous_needs_review","{""job_id"": ""sem_datadog_sales-development-representative-dach_amsterdam-the-netherlands"", ""title"": ""Sales Development Representative (DACH)"", ""url"": null, ""job_url"": ""https://careers.datadoghq.com/detail/6307160/?gh_jid=6307160"", ""audience_reject_reasons"": [""not_data_ai_field"", ""not_fresher_ws_thesis"", ""ambiguous_needs_review""]}"
2026-09-30T21:23:46.104923+00:00,sem_datadog_sales-development-representative-france_dublin-ireland,Sales Development Representative (France),Datadog,"Dublin, Ireland",direct,other_tech,mid,"not_data_ai_field,not_fresher_ws_thesis,ambiguous_needs_review","{""job_id"": ""sem_datadog_sales-development-representative-france_dublin-ireland"", ""title"": ""Sales Development Representative (France)"", ""url"": null, ""job_url"": ""https://careers.datadoghq.com/detail/7034798/?gh_jid=7034798"", ""audience_reject_reasons"": [""not_data_ai_field"", ""not_fresher_ws_thesis"", ""ambiguous_needs_review""]}"
2026-09-30T21:23:46.104923+00:00,sem_datadog_sales-development-representative-uki_dublin-ireland,Sales Development Representative (UKI),Datadog,"Dublin, Ireland",direct,other_tech,mid,"not_data_ai_field,not_fresher_ws_thesis,ambiguous_needs_review","{""job_id"": ""sem_datadog_sales-development-representative-uki_dublin-ireland"", ""title"": ""Sales Development Representative (UKI)"", ""url"": null, ""job_url"": ""https://careers.datadoghq.com/detail/7016097/?gh_jid=7016097"", ""audience_reject_reasons"": [""not_data_ai_field"", ""not_fresher_ws_thesis"", ""ambiguous_needs_review""]}"
2026-09-30T21:23:46.104923+00:00,sem_datadog_senior-partner-manager-channels-uki_london-united-kingdom,Senior Partner Manager - Channels (UKI),Datadog,"London, United Kingdom",direct,other_tech,senior,"not_eu,not_data_ai_field,not_fresher_ws_thesis,ambiguous_needs_review","{""job_id"": ""sem_datadog_senior-partner-manager-channels-uki_london-united-kingdom"", ""title"": ""Senior Partner Manager - Channels (UKI)"", ""url"": null, ""job_url"": ""https://careers.datadoghq.com/detail/8082007/?gh_jid=8082007"", ""audience_reject_reasons"": [""not_eu"", ""not_data_ai_field"", ""not_fresher_ws_thesis"", ""ambiguous_needs_review""]}"
2026-09-30T21:23:46.104923+00:00,sem_datadog_strategic-account-executive-dach_austria-remote-germany-remote-poland-remote,Strategic Account Executive (DACH),Datadog,"Austria, Remote ; Germany, Remote; Poland, Remote",direct,other_tech,mid,"not_data_ai_field,not_fresher_ws_thesis,ambiguous_needs_review","{""job_id"": ""sem_datadog_strategic-account-executive-dach_austria-remote-germany-remote-poland-remote"", ""title"": ""Strategic Account Executive (DACH)"", ""url"": null, ""job_url"": ""https://careers.datadoghq.com/detail/5511968/?gh_jid=5511968"", ""audience_reject_reasons"": [""not_data_ai_field"", ""not_fresher_ws_thesis"", ""ambiguous_needs_review""]}"
2026-09-30T21:23:46.104923+00:00,sem_datadog_strategic-account-executive-paris_paris-france,Strategic Account Executive - Paris,Datadog,"Paris, France",direct,other_tech,mid,"not_data_ai_field,not_fresher_ws_thesis,ambiguous_needs_review","{""job_id"": ""sem_datadog_strategic-account-executive-paris_paris-france"", ""title"": ""Strategic Account Executive - Paris"", ""url"": null, ""job_url"": ""https://careers.datadoghq.com/detail/7101117/?gh_jid=7101117"", ""audience_reject_reasons"": [""not_data_ai_field"", ""not_fresher_ws_thesis"", ""ambiguous_needs_review""]}"
2026-09-30T21:23:46.104923+00:00,sem_datadog_strategic-account-executive-rome-italy_rome-italy,Strategic Account Executive (Rome - Italy),Datadog,"Rome, Italy",direct,other_tech,mid,"not_data_ai_field,not_fresher_ws_thesis,ambiguous_needs_review","{""job_id"": ""sem_datadog_strategic-account-executive-rome-italy_rome-italy"", ""title"": ""Strategic Account Executive (Rome - Italy)"", ""url"": null, ""job_url"": ""https://careers.datadoghq.com/detail/5742916/?gh_jid=5742916"", ""audience_reject_reasons"": [""not_data_ai_field"", ""not_fresher_ws_thesis"", ""ambiguous_needs_review""]}"
2026-09-30T21:23:46.104923+00:00,sem_datadog_strategic-account-executive-uki-public-sector_london-united-kingdom,Strategic Account Executive (UKI) - Public Sector,Datadog,"London, United Kingdom",direct,other_tech,mid,"not_eu,not_data_ai_field,not_fresher_ws_thesis,ambiguous_needs_review","{""job_id"": ""sem_datadog_strategic-account-executive-uki-public-sector_london-united-kingdom"", ""title"": ""Strategic Account Executive (UKI) - Public Sector"", ""url"": null, ""job_url"": ""https://careers.datadoghq.com/detail/7591735/?gh_jid=7591735"", ""audience_reject_reasons"": [""not_eu"", ""not_data_ai_field"", ""not_fresher_ws_thesis"", ""ambiguous_needs_review""]}"
2026-09-30T21:23:46.104923+00:00,sem_datadog_strategic-account-executive-uki_london-united-kingdom,Strategic Account Executive (UKI),Datadog,"London, United Kingdom",direct,other_tech,mid,"not_eu,not_data_ai_field,not_fresher_ws_thesis,ambiguous_needs_review","{""job_id"": ""sem_datadog_strategic-account-executive-uki_london-united-kingdom"", ""title"": ""Strategic Account Executive (UKI)"", ""url"": null, ""job_url"": ""https://careers.datadoghq.com/detail/5622381/?gh_jid=5622381"", ""audience_reject_reasons"": [""not_eu"", ""not_data_ai_field"", ""not_fresher_ws_thesis"", ""ambiguous_needs_review""]}"
2026-09-30T21:23:46.104923+00:00,sem_deconinck-ingy_logopedist-e_be-be212,Logopedist(e),"Deconinck, Ingy",BE (BE212),eures,other_tech,mid,"not_data_ai_field,not_fresher_ws_thesis,ambiguous_needs_review","{""job_id"": ""sem_deconinck-ingy_logopedist-e_be-be212"", ""title"": ""Logopedist(e)"", ""url"": null, ""job_url"": ""https://europa.eu/eures/portal/jv-se/jv-details/ZDg5MmM3M2QtYjhhZC00MDg1LWFhMTAtNWZmNmU3M2U4NmNlIDM?jvDisplayLanguage=nl&lang=nl"", ""audience_reject_reasons"": [""not_data_ai_field"", ""not_fresher_ws_thesis"", ""ambiguous_needs_review""]}"
2026-09-30T21:23:46.104923+00:00,sem_deskbird_working-student-marketing-all-genders_hybrid-berlin-germany,Working Student Marketing (all genders),Deskbird,"Hybrid - Berlin, Germany",arbeitnow,other_tech,working_student,"not_data_ai_field,ambiguous_needs_review","{""job_id"": ""sem_deskbird_working-student-marketing-all-genders_hybrid-berlin-germany"", ""title"": ""Working Student Marketing (all genders)"", ""url"": null, ""job_url"": ""https://www.arbeitnow.com/jobs/companies/deskbird/working-student-marketing-all-genders-hybrid-berlin-germany-308768"", ""audience_reject_reasons"": [""not_data_ai_field"", ""ambiguous_needs_review""]}"
2026-09-30T21:23:46.104923+00:00,sem_destinusgroup_engineering-intern-traineeship_z-rich-switzerland,Engineering Intern / Traineeship,Destinusgroup,"Zürich, Switzerland",arbeitnow,other_tech,internship,"not_eu,not_data_ai_field,ambiguous_needs_review","{""job_id"": ""sem_destinusgroup_engineering-intern-traineeship_z-rich-switzerland"", ""title"": ""Engineering Intern / Traineeship"", ""url"": null, ""job_url"": ""https://www.arbeitnow.ch/jobs/companies/destinusgroup/engineering-intern-traineeship-zurich-149056"", ""audience_reject_reasons"": [""not_eu"", ""not_data_ai_field"", ""ambiguous_needs_review""]}"
2026-09-30T21:23:46.104923+00:00,sem_digital-trendteam_praktikum-hr-management-employer-branding-in-jungem-start-up_mainz,Praktikum HR-Management & Employer Branding (m/w/d) in jungem Start-Up,Digital Trendteam,Mainz,arbeitnow,other_tech,internship,"not_data_ai_field,ambiguous_needs_review","{""job_id"": ""sem_digital-trendteam_praktikum-hr-management-employer-branding-in-jungem-start-up_mainz"", ""title"": ""Praktikum HR-Management & Employer Branding (m/w/d) in jungem Start-Up"", ""url"": null, ""job_url"": ""https://www.arbeitnow.com/jobs/companies/digital-trendteam/praktikum-hr-management-employer-branding-in-jungem-start-up-mainz-68766"", ""audience_reject_reasons"": [""not_data_ai_field"", ""ambiguous_needs_review""]}"
2026-09-30T21:23:46.104923+00:00,sem_diligentcorporation_enterprise-account-manager_z-rich-z-rich,Enterprise Account Manager,diligentcorporation,"Zürich, Zürich",arbeitnow,other_tech,mid,"not_eu,not_data_ai_field,not_fresher_ws_thesis,ambiguous_needs_review","{""job_id"": ""sem_diligentcorporation_enterprise-account-manager_z-rich-z-rich"", ""title"": ""Enterprise Account Manager"", ""url"": null, ""job_url"": ""https://www.arbeitnow.ch/jobs/companies/diligentcorporation/enterprise-account-manager-zurich-zurich-153388"", ""audience_reject_reasons"": [""not_eu"", ""not_data_ai_field"", ""not_fresher_ws_thesis"", ""ambiguous_needs_review""]}"
2026-09-30T21:23:46.104923+00:00,sem_doctolib-gh_customer-success-manager-x-f-m_berlin-berlin-germany,Customer Success Manager (x/f/m),Doctolib GH,"Berlin, Berlin, Germany",direct,other_tech,senior,"not_data_ai_field,not_fresher_ws_thesis,ambiguous_needs_review","{""job_id"": ""sem_doctolib-gh_customer-success-manager-x-f-m_berlin-berlin-germany"", ""title"": ""Customer Success Manager (x/f/m)"", ""url"": null, ""job_url"": ""https://job-boards.greenhouse.io/doctolib/jobs/7648750003"", ""audience_reject_reasons"": [""not_data_ai_field"", ""not_fresher_ws_thesis"", ""ambiguous_needs_review""]}"
2026-09-30T21:23:46.104923+00:00,sem_doctolib-gh_intern-talent-acquisition-coordinator-x-f-m_berlin-berlin-germany,Intern Talent Acquisition Coordinator (x/f/m),Doctolib GH,"Berlin, Berlin, Germany",direct,other_tech,internship,"not_data_ai_field,ambiguous_needs_review","{""job_id"": ""sem_doctolib-gh_intern-talent-acquisition-coordinator-x-f-m_berlin-berlin-germany"", ""title"": ""Intern Talent Acquisition Coordinator (x/f/m)"", ""url"": null, ""job_url"": ""https://job-boards.greenhouse.io/doctolib/jobs/8008618003"", ""audience_reject_reasons"": [""not_data_ai_field"", ""ambiguous_needs_review""]}"
2026-09-30T21:23:46.104923+00:00,sem_doctolib-gh_key-account-success-manager-x-f-m_berlin-berlin-germany,(Senior) Key Account Success Manager (x/f/m),Doctolib GH,"Berlin, Berlin, Germany",direct,other_tech,internship,"not_data_ai_field,ambiguous_needs_review","{""job_id"": ""sem_doctolib-gh_key-account-success-manager-x-f-m_berlin-berlin-germany"", ""title"": ""(Senior) Key Account Success Manager (x/f/m)"", ""url"": null, ""job_url"": ""https://job-boards.greenhouse.io/doctolib/jobs/8003185003"", ""audience_reject_reasons"": [""not_data_ai_field"", ""ambiguous_needs_review""]}"
2026-09-30T21:23:46.104923+00:00,sem_doctolib-gh_key-account-success-manager-x-f-m_k-ln,(Senior) Key Account Success Manager (x/f/m),Doctolib GH,Köln,direct,other_tech,internship,"not_data_ai_field,ambiguous_needs_review","{""job_id"": ""sem_doctolib-gh_key-account-success-manager-x-f-m_k-ln"", ""title"": ""(Senior) Key Account Success Manager (x/f/m)"", ""url"": null, ""job_url"": ""https://job-boards.greenhouse.io/doctolib/jobs/8003371003"", ""audience_reject_reasons"": [""not_data_ai_field"", ""ambiguous_needs_review""]}"
2026-09-30T21:23:46.104923+00:00,sem_doctolib-gh_kundenservicemitarbeiter-x-f-m_berlin-berlin-germany,Kundenservicemitarbeiter (x/f/m),Doctolib GH,"Berlin, Berlin, Germany",direct,other_tech,senior,"not_data_ai_field,not_fresher_ws_thesis,ambiguous_needs_review","{""job_id"": ""sem_doctolib-gh_kundenservicemitarbeiter-x-f-m_berlin-berlin-germany"", ""title"": ""Kundenservicemitarbeiter (x/f/m)"", ""url"": null, ""job_url"": ""https://job-boards.greenhouse.io/doctolib/jobs/7999039003"", ""audience_reject_reasons"": [""not_data_ai_field"", ""not_fresher_ws_thesis"", ""ambiguous_needs_review""]}"
2026-09-30T21:23:46.104923+00:00,sem_doctolib-gh_mitarbeiter-im-kundenservice-x-f-m_berlin-berlin-germany,Mitarbeiter im Kundenservice (x/f/m),Doctolib GH,"Berlin, Berlin, Germany",direct,other_tech,senior,"not_data_ai_field,not_fresher_ws_thesis,ambiguous_needs_review","{""job_id"": ""sem_doctolib-gh_mitarbeiter-im-kundenservice-x-f-m_berlin-berlin-germany"", ""title"": ""Mitarbeiter im Kundenservice (x/f/m)"", ""url"": null, ""job_url"": ""https://job-boards.greenhouse.io/doctolib/jobs/7999037003"", ""audience_reject_reasons"": [""not_data_ai_field"", ""not_fresher_ws_thesis"", ""ambiguous_needs_review""]}"
2026-09-30T21:23:46.104923+00:00,sem_doctolib-gh_product-support-consultant-x-f-m_berlin-berlin-germany,Product Support Consultant (x/f/m),Doctolib GH,"Berlin, Berlin, Germany",direct,other_tech,senior,"not_data_ai_field,not_fresher_ws_thesis,ambiguous_needs_review","{""job_id"": ""sem_doctolib-gh_product-support-consultant-x-f-m_berlin-berlin-germany"", ""title"": ""Product Support Consultant (x/f/m)"", ""url"": null, ""job_url"": ""https://job-boards.greenhouse.io/doctolib/jobs/7885633003"", ""audience_reject_reasons"": [""not_data_ai_field"", ""not_fresher_ws_thesis"", ""ambiguous_needs_review""]}"
2026-09-30T21:23:46.104923+00:00,sem_doctolib-gh_senior-customer-experience-manager-x-f-m_berlin-berlin-germany,Senior Customer Experience Manager (x/f/m),Doctolib GH,"Berlin, Berlin, Germany",direct,other_tech,senior,"not_data_ai_field,not_fresher_ws_thesis,ambiguous_needs_review","{""job_id"": ""sem_doctolib-gh_senior-customer-experience-manager-x-f-m_berlin-berlin-germany"", ""title"": ""Senior Customer Experience Manager (x/f/m)"", ""url"": null, ""job_url"": ""https://job-boards.greenhouse.io/doctolib/jobs/7885688003"", ""audience_reject_reasons"": [""not_data_ai_field"", ""not_fresher_ws_thesis"", ""ambiguous_needs_review""]}"
2026-09-30T21:23:46.104923+00:00,sem_doctolib-gh_senior-customer-success-manager-x-f-m_berlin-berlin-germany,Senior Customer Success Manager (x/f/m),Doctolib GH,"Berlin, Berlin, Germany",direct,other_tech,senior,"not_data_ai_field,not_fresher_ws_thesis,ambiguous_needs_review","{""job_id"": ""sem_doctolib-gh_senior-customer-success-manager-x-f-m_berlin-berlin-germany"", ""title"": ""Senior Customer Success Manager (x/f/m)"", ""url"": null, ""job_url"": ""https://job-boards.greenhouse.io/doctolib/jobs/7672013003"", ""audience_reject_reasons"": [""not_data_ai_field"", ""not_fresher_ws_thesis"", ""ambiguous_needs_review""]}"
2026-09-30T21:23:46.104923+00:00,sem_doctolib-gh_stage-charg-d-affaires-publiques-x-f-m-janvier-2027_paris-paris-france,Stage - Chargé d'Affaires Publiques (x/f/m) - janvier 2027,Doctolib GH,"Paris, Paris, France",direct,other_tech,mid,"not_data_ai_field,not_fresher_ws_thesis,ambiguous_needs_review","{""job_id"": ""sem_doctolib-gh_stage-charg-d-affaires-publiques-x-f-m-janvier-2027_paris-paris-france"", ""title"": ""Stage - Charg\u00e9 d'Affaires Publiques (x/f/m) - janvier 2027"", ""url"": null, ""job_url"": ""https://job-boards.greenhouse.io/doctolib/jobs/7997070003"", ""audience_reject_reasons"": [""not_data_ai_field"", ""not_fresher_ws_thesis"", ""ambiguous_needs_review""]}"
2026-09-30T21:23:46.104923+00:00,sem_doctolib-gh_stage-consolidation-et-contr-le-financier-x-f-m-janvier-2027_paris-paris-france,Stage - Consolidation et Contrôle financier (x/f/m) - janvier 2027,Doctolib GH,"Paris, Paris, France",direct,sap_erp,mid,"not_data_ai_field,not_fresher_ws_thesis,ambiguous_needs_review","{""job_id"": ""sem_doctolib-gh_stage-consolidation-et-contr-le-financier-x-f-m-janvier-2027_paris-paris-france"", ""title"": ""Stage - Consolidation et Contr\u00f4le financier (x/f/m) - janvier 2027"", ""url"": null, ""job_url"": ""https://job-boards.greenhouse.io/doctolib/jobs/7995586003"", ""audience_reject_reasons"": [""not_data_ai_field"", ""not_fresher_ws_thesis"", ""ambiguous_needs_review""]}"
2026-09-30T21:23:46.104923+00:00,sem_doctolib-gh_stage-seo-contenu-recherche-ia-x-f-m-novembre-2026_paris-paris-france,Stage - SEO : Contenu & recherche IA (x/f/m) - novembre 2026,Doctolib GH,"Paris, Paris, France",direct,other_tech,mid,"not_data_ai_field,not_fresher_ws_thesis,ambiguous_needs_review","{""job_id"": ""sem_doctolib-gh_stage-seo-contenu-recherche-ia-x-f-m-novembre-2026_paris-paris-france"", ""title"": ""Stage - SEO : Contenu & recherche IA (x/f/m) - novembre 2026"", ""url"": null, ""job_url"": ""https://job-boards.greenhouse.io/doctolib/jobs/8002218003"", ""audience_reject_reasons"": [""not_data_ai_field"", ""not_fresher_ws_thesis"", ""ambiguous_needs_review""]}"
2026-09-30T21:23:46.104923+00:00,sem_doctolib-gh_stage-talent-acquisition-coordinator-x-f-m-janvier-2027_paris-paris-france,Stage - Talent Acquisition Coordinator (x/f/m) - janvier 2027,Doctolib GH,"Paris, Paris, France",direct,other_tech,mid,"not_data_ai_field,not_fresher_ws_thesis,ambiguous_needs_review","{""job_id"": ""sem_doctolib-gh_stage-talent-acquisition-coordinator-x-f-m-janvier-2027_paris-paris-france"", ""title"": ""Stage - Talent Acquisition Coordinator (x/f/m) - janvier 2027"", ""url"": null, ""job_url"": ""https://job-boards.greenhouse.io/doctolib/jobs/7998167003"", ""audience_reject_reasons"": [""not_data_ai_field"", ""not_fresher_ws_thesis"", ""ambiguous_needs_review""]}"
2026-09-30T21:23:46.104923+00:00,sem_doctolib_intern-talent-acquisition-coordinator-x-f-m_berlin-berlin,Intern Talent Acquisition Coordinator (x/f/m),Doctolib,"Berlin, Berlin",arbeitnow,other_tech,internship,"not_data_ai_field,ambiguous_needs_review","{""job_id"": ""sem_doctolib_intern-talent-acquisition-coordinator-x-f-m_berlin-berlin"", ""title"": ""Intern Talent Acquisition Coordinator (x/f/m)"", ""url"": null, ""job_url"": ""https://www.arbeitnow.com/jobs/companies/doctolib/intern-talent-acquisition-coordinator-berlin-berlin-306241"", ""audience_reject_reasons"": [""not_data_ai_field"", ""ambiguous_needs_review""]}"
2026-09-30T21:23:46.104923+00:00,sem_docuware_strategic-account-executive_germering-germany,Strategic Account Executive (m/f/d),DocuWare,Germering / Germany,arbeitnow,other_tech,mid,"not_data_ai_field,not_fresher_ws_thesis,ambiguous_needs_review","{""job_id"": ""sem_docuware_strategic-account-executive_germering-germany"", ""title"": ""Strategic Account Executive (m/f/d)"", ""url"": null, ""job_url"": ""https://www.arbeitnow.com/jobs/companies/docuware/strategic-account-executive-germering-germany-451904"", ""audience_reject_reasons"": [""not_data_ai_field"", ""not_fresher_ws_thesis"", ""ambiguous_needs_review""]}"
2026-09-30T21:23:46.104923+00:00,sem_docuware_training-specialist_germering-germany,Training Specialist (m/f/d),DocuWare,Germering / Germany,arbeitnow,other_tech,mid,"not_data_ai_field,not_fresher_ws_thesis,ambiguous_needs_review","{""job_id"": ""sem_docuware_training-specialist_germering-germany"", ""title"": ""Training Specialist (m/f/d)"", ""url"": null, ""job_url"": ""https://www.arbeitnow.com/jobs/companies/docuware/training-specialist-germering-germany-138462"", ""audience_reject_reasons"": [""not_data_ai_field"", ""not_fresher_ws_thesis"", ""ambiguous_needs_review""]}"
2026-09-30T21:23:46.104923+00:00,sem_edtelligent_manager-finance-operations_munich,Manager Finance & Operations (m/w/d),EDTELLIGENT,Munich,arbeitnow,other_tech,mid,"not_data_ai_field,not_fresher_ws_thesis,ambiguous_needs_review","{""job_id"": ""sem_edtelligent_manager-finance-operations_munich"", ""title"": ""Manager Finance & Operations (m/w/d)"", ""url"": null, ""job_url"": ""https://www.arbeitnow.com/jobs/companies/edtelligent/manager-finance-operations-munich-155617"", ""audience_reject_reasons"": [""not_data_ai_field"", ""not_fresher_ws_thesis"", ""ambiguous_needs_review""]}"
2026-09-30T21:23:46.104923+00:00,sem_elastic_marketing-program-manager-france_paris-france,"Marketing Program Manager, France",Elastic,"Paris, France",direct,other_tech,senior,"not_data_ai_field,not_fresher_ws_thesis,ambiguous_needs_review","{""job_id"": ""sem_elastic_marketing-program-manager-france_paris-france"", ""title"": ""Marketing Program Manager, France"", ""url"": null, ""job_url"": ""https://jobs.elastic.co/jobs?gh_jid=8089443&gh_jid=8089443"", ""audience_reject_reasons"": [""not_data_ai_field"", ""not_fresher_ws_thesis"", ""ambiguous_needs_review""]}"
2026-09-30T21:23:46.104923+00:00,sem_elastic_public-sector-account-executive-defence_united-kingdom,Public Sector Account Executive - Defence,Elastic,United Kingdom,direct,other_tech,senior,"not_eu,not_data_ai_field,not_fresher_ws_thesis,ambiguous_needs_review","{""job_id"": ""sem_elastic_public-sector-account-executive-defence_united-kingdom"", ""title"": ""Public Sector Account Executive - Defence"", ""url"": null, ""job_url"": ""https://jobs.elastic.co/jobs?gh_jid=8143969&gh_jid=8143969"", ""audience_reject_reasons"": [""not_eu"", ""not_data_ai_field"", ""not_fresher_ws_thesis"", ""ambiguous_needs_review""]}"
2026-09-30T21:23:46.104923+00:00,sem_elastic_public-sector-account-executive-dwp_united-kingdom,Public Sector Account Executive (DWP),Elastic,United Kingdom,direct,other_tech,senior,"not_eu,not_data_ai_field,not_fresher_ws_thesis,ambiguous_needs_review","{""job_id"": ""sem_elastic_public-sector-account-executive-dwp_united-kingdom"", ""title"": ""Public Sector Account Executive (DWP)"", ""url"": null, ""job_url"": ""https://jobs.elastic.co/jobs?gh_jid=7728182&gh_jid=7728182"", ""audience_reject_reasons"": [""not_eu"", ""not_data_ai_field"", ""not_fresher_ws_thesis"", ""ambiguous_needs_review""]}"
2026-09-30T21:23:46.104923+00:00,sem_elastic_public-sector-partner-manager_united-kingdom,Public Sector Partner Manager,Elastic,United Kingdom,direct,other_tech,senior,"not_eu,not_data_ai_field,not_fresher_ws_thesis,ambiguous_needs_review","{""job_id"": ""sem_elastic_public-sector-partner-manager_united-kingdom"", ""title"": ""Public Sector Partner Manager"", ""url"": null, ""job_url"": ""https://jobs.elastic.co/jobs?gh_jid=8026175&gh_jid=8026175"", ""audience_reject_reasons"": [""not_eu"", ""not_data_ai_field"", ""not_fresher_ws_thesis"", ""ambiguous_needs_review""]}"
2026-09-30T21:23:46.104923+00:00,sem_elastic_regional-vice-president_london-united-kingdom,Regional Vice President,Elastic,"London, United Kingdom",direct,other_tech,senior,"not_eu,not_data_ai_field,not_fresher_ws_thesis,ambiguous_needs_review","{""job_id"": ""sem_elastic_regional-vice-president_london-united-kingdom"", ""title"": ""Regional Vice President"", ""url"": null, ""job_url"": ""https://jobs.elastic.co/jobs?gh_jid=8103077&gh_jid=8103077"", ""audience_reject_reasons"": [""not_eu"", ""not_data_ai_field"", ""not_fresher_ws_thesis"", ""ambiguous_needs_review""]}"
2026-09-30T21:23:46.104923+00:00,sem_elastic_sales-development-representative-african-region-english-speaking_barcelona-spain,"Sales Development Representative (African region, English speaking)",Elastic,"Barcelona, Spain",direct,data_engineering,mid,"not_fresher_ws_thesis,ambiguous_needs_review","{""job_id"": ""sem_elastic_sales-development-representative-african-region-english-speaking_barcelona-spain"", ""title"": ""Sales Development Representative (African region, English speaking)"", ""url"": null, ""job_url"": ""https://jobs.elastic.co/jobs?gh_jid=8129741&gh_jid=8129741"", ""audience_reject_reasons"": [""not_fresher_ws_thesis"", ""ambiguous_needs_review""]}"
2026-09-30T21:23:46.104923+00:00,sem_elastic_sales-development-representative-barcelona-hybrid_barcelona-spain,Sales Development Representative - Barcelona (Hybrid),Elastic,"Barcelona, Spain",direct,data_engineering,mid,"not_fresher_ws_thesis,ambiguous_needs_review","{""job_id"": ""sem_elastic_sales-development-representative-barcelona-hybrid_barcelona-spain"", ""title"": ""Sales Development Representative - Barcelona (Hybrid)"", ""url"": null, ""job_url"": ""https://jobs.elastic.co/jobs?gh_jid=8055111&gh_jid=8055111"", ""audience_reject_reasons"": [""not_fresher_ws_thesis"", ""ambiguous_needs_review""]}"
2026-09-30T21:23:46.104923+00:00,sem_elastic_sales-development-representative-french-speaking_barcelona-spain,Sales Development Representative (French speaking),Elastic,"Barcelona, Spain",direct,data_engineering,mid,"not_fresher_ws_thesis,ambiguous_needs_review","{""job_id"": ""sem_elastic_sales-development-representative-french-speaking_barcelona-spain"", ""title"": ""Sales Development Representative (French speaking)"", ""url"": null, ""job_url"": ""https://jobs.elastic.co/jobs?gh_jid=8067052&gh_jid=8067052"", ""audience_reject_reasons"": [""not_fresher_ws_thesis"", ""ambiguous_needs_review""]}"
2026-09-30T21:23:46.104923+00:00,sem_elastic_sales-development-representative-german-speaking_barcelona-spain,Sales Development Representative (German speaking),Elastic,"Barcelona, Spain",direct,data_engineering,mid,"not_fresher_ws_thesis,ambiguous_needs_review","{""job_id"": ""sem_elastic_sales-development-representative-german-speaking_barcelona-spain"", ""title"": ""Sales Development Representative (German speaking)"", ""url"": null, ""job_url"": ""https://jobs.elastic.co/jobs?gh_jid=8067017&gh_jid=8067017"", ""audience_reject_reasons"": [""not_fresher_ws_thesis"", ""ambiguous_needs_review""]}"
2026-09-30T21:23:46.104923+00:00,sem_elastic_sales-development-representative-swedish-or-danish-speaking_barcelona-spain,Sales Development Representative (Swedish or Danish speaking),Elastic,"Barcelona, Spain",direct,data_engineering,mid,"not_fresher_ws_thesis,ambiguous_needs_review","{""job_id"": ""sem_elastic_sales-development-representative-swedish-or-danish-speaking_barcelona-spain"", ""title"": ""Sales Development Representative (Swedish or Danish speaking)"", ""url"": null, ""job_url"": ""https://jobs.elastic.co/jobs?gh_jid=8121463&gh_jid=8121463"", ""audience_reject_reasons"": [""not_fresher_ws_thesis"", ""ambiguous_needs_review""]}"
2026-09-30T21:23:46.104923+00:00,sem_elastic_senior-sdr-enablement-specialist_barcelona-spain,Senior SDR Enablement Specialist,Elastic,"Barcelona, Spain",direct,other_tech,senior,"not_data_ai_field,not_fresher_ws_thesis,ambiguous_needs_review","{""job_id"": ""sem_elastic_senior-sdr-enablement-specialist_barcelona-spain"", ""title"": ""Senior SDR Enablement Specialist"", ""url"": null, ""job_url"": ""https://jobs.elastic.co/jobs?gh_jid=8187443&gh_jid=8187443"", ""audience_reject_reasons"": [""not_data_ai_field"", ""not_fresher_ws_thesis"", ""ambiguous_needs_review""]}"
2026-09-30T21:23:46.104923+00:00,sem_elastic_uk-commercial-counsel-public-sector_united-kingdom,UK Commercial Counsel Public Sector,Elastic,United Kingdom,direct,other_tech,mid,"not_eu,not_data_ai_field,not_fresher_ws_thesis,ambiguous_needs_review","{""job_id"": ""sem_elastic_uk-commercial-counsel-public-sector_united-kingdom"", ""title"": ""UK Commercial Counsel Public Sector"", ""url"": null, ""job_url"": ""https://jobs.elastic.co/jobs?gh_jid=8044321&gh_jid=8044321"", ""audience_reject_reasons"": [""not_eu"", ""not_data_ai_field"", ""not_fresher_ws_thesis"", ""ambiguous_needs_review""]}"
2026-09-30T21:23:46.104923+00:00,sem_ember_graduate-internship-operations-team_edinburgh-scotland-united-kingdom,"Graduate Internship, Operations Team",Ember,"Edinburgh, Scotland, United Kingdom",arbeitnow,software_engineering,internship,"not_eu,not_data_ai_field,ambiguous_needs_review","{""job_id"": ""sem_ember_graduate-internship-operations-team_edinburgh-scotland-united-kingdom"", ""title"": ""Graduate Internship, Operations Team"", ""url"": null, ""job_url"": ""https://www.arbeitnow.co.uk/jobs/companies/ember/graduate-internship-operations-team-edinburgh-357625"", ""audience_reject_reasons"": [""not_eu"", ""not_data_ai_field"", ""ambiguous_needs_review""]}"
2026-09-30T21:23:46.104923+00:00,sem_enginity_procesingenieur_be-be242,Procesingenieur,Enginity,BE (BE242),eures,product_management,mid,"not_data_ai_field,not_fresher_ws_thesis,ambiguous_needs_review","{""job_id"": ""sem_enginity_procesingenieur_be-be242"", ""title"": ""Procesingenieur"", ""url"": null, ""job_url"": ""https://europa.eu/eures/portal/jv-se/jv-details/NzE2YjUxM2EtZGE1Mi00YjdmLTk3YmYtNzFiYTk0NjE4ZDdlIDM?jvDisplayLanguage=nl&lang=nl"", ""audience_reject_reasons"": [""not_data_ai_field"", ""not_fresher_ws_thesis"", ""ambiguous_needs_review""]}"
2026-09-30T21:23:46.104923+00:00,sem_fireblocks_director-of-operations-payments-emea_z-rich,"Director of Operations, Payments EMEA",Fireblocks,Zürich,arbeitnow,other_tech,mid,"not_eu,not_data_ai_field,not_fresher_ws_thesis,ambiguous_needs_review","{""job_id"": ""sem_fireblocks_director-of-operations-payments-emea_z-rich"", ""title"": ""Director of Operations, Payments EMEA"", ""url"": null, ""job_url"": ""https://www.arbeitnow.ch/jobs/companies/fireblocks/director-of-operations-payments-emea-zurich-216973"", ""audience_reject_reasons"": [""not_eu"", ""not_data_ai_field"", ""not_fresher_ws_thesis"", ""ambiguous_needs_review""]}"
2026-09-30T21:23:46.104923+00:00,sem_flix_accounts-payable-accountant_sofia,Accounts Payable Accountant (m/f/d),Flix,Sofia,direct,data_engineering,senior,"not_fresher_ws_thesis,ambiguous_needs_review","{""job_id"": ""sem_flix_accounts-payable-accountant_sofia"", ""title"": ""Accounts Payable Accountant (m/f/d)"", ""url"": null, ""job_url"": ""https://flix.careers/job/8814395002?gh_jid=8814395002"", ""audience_reject_reasons"": [""not_fresher_ws_thesis"", ""ambiguous_needs_review""]}"
2026-09-30T21:23:46.104923+00:00,sem_flix_agent-shops-and-stations-leeds-on-site_leeds,"Agent Shops and Stations (Leeds, On-site)",Flix,Leeds,direct,data_engineering,senior,"not_eu,not_fresher_ws_thesis,ambiguous_needs_review","{""job_id"": ""sem_flix_agent-shops-and-stations-leeds-on-site_leeds"", ""title"": ""Agent Shops and Stations (Leeds, On-site)"", ""url"": null, ""job_url"": ""https://flix.careers/job/8785826002?gh_jid=8785826002"", ""audience_reject_reasons"": [""not_eu"", ""not_fresher_ws_thesis"", ""ambiguous_needs_review""]}"
2026-09-30T21:23:46.104923+00:00,sem_flix_ausbildung-zugf-hrer-in-ab-01-01-2027-frankfurt_frankfurt,Ausbildung Zugführer:in (m/w/d) ab 01.01.2027 / Frankfurt,Flix,Frankfurt,direct,other_tech,mid,"not_data_ai_field,not_fresher_ws_thesis,ambiguous_needs_review","{""job_id"": ""sem_flix_ausbildung-zugf-hrer-in-ab-01-01-2027-frankfurt_frankfurt"", ""title"": ""Ausbildung Zugf\u00fchrer:in (m/w/d) ab 01.01.2027 / Frankfurt"", ""url"": null, ""job_url"": ""https://flix.careers/job/8760330002?gh_jid=8760330002"", ""audience_reject_reasons"": [""not_data_ai_field"", ""not_fresher_ws_thesis"", ""ambiguous_needs_review""]}"
2026-09-30T21:23:46.104923+00:00,sem_flix_bus-station-infrastructure-intern_milan,Bus Station & Infrastructure Intern (m/f/d),Flix,Milan,direct,data_engineering,internship,ambiguous_needs_review,"{""job_id"": ""sem_flix_bus-station-infrastructure-intern_milan"", ""title"": ""Bus Station & Infrastructure Intern (m/f/d)"", ""url"": null, ""job_url"": ""https://flix.careers/job/8682503002?gh_jid=8682503002"", ""audience_reject_reasons"": [""ambiguous_needs_review""]}"
2026-09-30T21:23:46.104923+00:00,sem_flix_customer-care-and-qa-expert-with-italian-french-maternity-cover_sofia,Customer Care and QA Expert with Italian/French - Maternity Cover (m/f/d),Flix,Sofia,direct,data_engineering,senior,"not_fresher_ws_thesis,ambiguous_needs_review","{""job_id"": ""sem_flix_customer-care-and-qa-expert-with-italian-french-maternity-cover_sofia"", ""title"": ""Customer Care and QA Expert with Italian/French - Maternity Cover (m/f/d)"", ""url"": null, ""job_url"": ""https://flix.careers/job/8732369002?gh_jid=8732369002"", ""audience_reject_reasons"": [""not_fresher_ws_thesis"", ""ambiguous_needs_review""]}"
2026-09-30T21:23:46.104923+00:00,sem_flix_datenschutzbeauftragter_munich,Datenschutzbeauftragter (m/w/d),Flix,Munich,direct,other_tech,mid,"not_data_ai_field,not_fresher_ws_thesis,ambiguous_needs_review","{""job_id"": ""sem_flix_datenschutzbeauftragter_munich"", ""title"": ""Datenschutzbeauftragter (m/w/d)"", ""url"": null, ""job_url"": ""https://flix.careers/job/8658163002?gh_jid=8658163002"", ""audience_reject_reasons"": [""not_data_ai_field"", ""not_fresher_ws_thesis"", ""ambiguous_needs_review""]}"
2026-09-30T21:23:46.104923+00:00,sem_flix_disponent-im-bahnbetrieb_berlin,Disponent im Bahnbetrieb (m/w/d),Flix,Berlin,direct,other_tech,mid,"not_data_ai_field,not_fresher_ws_thesis,ambiguous_needs_review","{""job_id"": ""sem_flix_disponent-im-bahnbetrieb_berlin"", ""title"": ""Disponent im Bahnbetrieb (m/w/d)"", ""url"": null, ""job_url"": ""https://flix.careers/job/8542917002?gh_jid=8542917002"", ""audience_reject_reasons"": [""not_data_ai_field"", ""not_fresher_ws_thesis"", ""ambiguous_needs_review""]}"
2026-09-30T21:23:46.104923+00:00,sem_flix_disponent-im-zugverkehr_berlin,Disponent im Zugverkehr (m/w/d),Flix,Berlin,direct,other_tech,mid,"not_data_ai_field,not_fresher_ws_thesis,ambiguous_needs_review","{""job_id"": ""sem_flix_disponent-im-zugverkehr_berlin"", ""title"": ""Disponent im Zugverkehr (m/w/d)"", ""url"": null, ""job_url"": ""https://flix.careers/job/8542938002?gh_jid=8542938002"", ""audience_reject_reasons"": [""not_data_ai_field"", ""not_fresher_ws_thesis"", ""ambiguous_needs_review""]}"
2026-09-30T21:23:46.104923+00:00,sem_flix_expert-bordtechnologie-konnektivit-t_berlin,Expert Bordtechnologie & Konnektivität (m/w/d),Flix,Berlin,direct,other_tech,mid,"not_data_ai_field,not_fresher_ws_thesis,ambiguous_needs_review","{""job_id"": ""sem_flix_expert-bordtechnologie-konnektivit-t_berlin"", ""title"": ""Expert Bordtechnologie & Konnektivit\u00e4t (m/w/d)"", ""url"": null, ""job_url"": ""https://flix.careers/job/8729129002?gh_jid=8729129002"", ""audience_reject_reasons"": [""not_data_ai_field"", ""not_fresher_ws_thesis"", ""ambiguous_needs_review""]}"
2026-09-30T21:23:46.104923+00:00,sem_flix_expert-onboard-technology_berlin,Expert Onboard Technology (m/w/d),Flix,Berlin,direct,other_tech,mid,"not_data_ai_field,not_fresher_ws_thesis,ambiguous_needs_review","{""job_id"": ""sem_flix_expert-onboard-technology_berlin"", ""title"": ""Expert Onboard Technology (m/w/d)"", ""url"": null, ""job_url"": ""https://flix.careers/job/8836363002?gh_jid=8836363002"", ""audience_reject_reasons"": [""not_data_ai_field"", ""not_fresher_ws_thesis"", ""ambiguous_needs_review""]}"
2026-09-30T21:23:46.104923+00:00,sem_flix_facilities-manager_munich,Facilities Manager (m/f/d),Flix,Munich,direct,data_engineering,senior,"not_fresher_ws_thesis,ambiguous_needs_review","{""job_id"": ""sem_flix_facilities-manager_munich"", ""title"": ""Facilities Manager (m/f/d)"", ""url"": null, ""job_url"": ""https://flix.careers/job/8836496002?gh_jid=8836496002"", ""audience_reject_reasons"": [""not_fresher_ws_thesis"", ""ambiguous_needs_review""]}"
2026-09-30T21:23:46.104923+00:00,sem_flix_hr-business-partner_warsaw,HR Business Partner (m/f/d),Flix,Warsaw,direct,data_engineering,senior,"not_fresher_ws_thesis,ambiguous_needs_review","{""job_id"": ""sem_flix_hr-business-partner_warsaw"", ""title"": ""HR Business Partner (m/f/d)"", ""url"": null, ""job_url"": ""https://flix.careers/job/8836787002?gh_jid=8836787002"", ""audience_reject_reasons"": [""not_fresher_ws_thesis"", ""ambiguous_needs_review""]}"
2026-09-30T21:23:46.104923+00:00,sem_flix_hr-specialist-hrbp_warsaw,HR Specialist - HRBP (m/f/d),Flix,Warsaw,direct,data_engineering,senior,"not_fresher_ws_thesis,ambiguous_needs_review","{""job_id"": ""sem_flix_hr-specialist-hrbp_warsaw"", ""title"": ""HR Specialist - HRBP (m/f/d)"", ""url"": null, ""job_url"": ""https://flix.careers/job/8836797002?gh_jid=8836797002"", ""audience_reject_reasons"": [""not_fresher_ws_thesis"", ""ambiguous_needs_review""]}"
2026-09-30T21:23:46.104923+00:00,sem_flix_ivu-expert-flixtrain_berlin,IVU Expert FlixTrain (m/w/d),Flix,Berlin,direct,other_tech,mid,"not_data_ai_field,not_fresher_ws_thesis,ambiguous_needs_review","{""job_id"": ""sem_flix_ivu-expert-flixtrain_berlin"", ""title"": ""IVU Expert FlixTrain (m/w/d)"", ""url"": null, ""job_url"": ""https://flix.careers/job/8682777002?gh_jid=8682777002"", ""audience_reject_reasons"": [""not_data_ai_field"", ""not_fresher_ws_thesis"", ""ambiguous_needs_review""]}"
2026-09-30T21:23:46.104923+00:00,sem_flix_junior-authorization-manager_bucharest,Junior Authorization Manager (m/f/d),Flix,Bucharest,direct,data_engineering,junior,ambiguous_needs_review,"{""job_id"": ""sem_flix_junior-authorization-manager_bucharest"", ""title"": ""Junior Authorization Manager (m/f/d)"", ""url"": null, ""job_url"": ""https://flix.careers/job/8695504002?gh_jid=8695504002"", ""audience_reject_reasons"": [""ambiguous_needs_review""]}"
2026-09-30T21:23:46.104923+00:00,sem_flix_junior-technical-operations-manager-ai-automation_warsaw,Junior Technical Operations Manager – AI & Automation (m/f/d),Flix,Warsaw,direct,data_engineering,junior,ambiguous_needs_review,"{""job_id"": ""sem_flix_junior-technical-operations-manager-ai-automation_warsaw"", ""title"": ""Junior Technical Operations Manager \u2013 AI & Automation (m/f/d)"", ""url"": null, ""job_url"": ""https://flix.careers/job/8764274002?gh_jid=8764274002"", ""audience_reject_reasons"": [""ambiguous_needs_review""]}"
2026-09-30T21:23:46.104923+00:00,sem_flix_legal-counsel_zagreb,Legal Counsel (m/f/d),Flix,Zagreb,direct,data_engineering,senior,"not_fresher_ws_thesis,ambiguous_needs_review","{""job_id"": ""sem_flix_legal-counsel_zagreb"", ""title"": ""Legal Counsel (m/f/d)"", ""url"": null, ""job_url"": ""https://flix.careers/job/8694238002?gh_jid=8694238002"", ""audience_reject_reasons"": [""not_fresher_ws_thesis"", ""ambiguous_needs_review""]}"
2026-09-30T21:23:46.104923+00:00,sem_flix_lokf-hrer_berlin,Lokführer (m/w/d),Flix,Berlin,direct,other_tech,mid,"not_data_ai_field,not_fresher_ws_thesis,ambiguous_needs_review","{""job_id"": ""sem_flix_lokf-hrer_berlin"", ""title"": ""Lokf\u00fchrer (m/w/d)"", ""url"": null, ""job_url"": ""https://flix.careers/job/8073975002?gh_jid=8073975002"", ""audience_reject_reasons"": [""not_data_ai_field"", ""not_fresher_ws_thesis"", ""ambiguous_needs_review""]}"
2026-09-30T21:23:46.104923+00:00,sem_flix_lokf-hrer_frankfurt,Lokführer (m/w/d),Flix,Frankfurt,direct,other_tech,mid,"not_data_ai_field,not_fresher_ws_thesis,ambiguous_needs_review","{""job_id"": ""sem_flix_lokf-hrer_frankfurt"", ""title"": ""Lokf\u00fchrer (m/w/d)"", ""url"": null, ""job_url"": ""https://flix.careers/job/8080495002?gh_jid=8080495002"", ""audience_reject_reasons"": [""not_data_ai_field"", ""not_fresher_ws_thesis"", ""ambiguous_needs_review""]}"
2026-09-30T21:23:46.104923+00:00,sem_flix_lokf-hrer_hamburg,Lokführer (m/w/d),Flix,Hamburg,direct,other_tech,mid,"not_data_ai_field,not_fresher_ws_thesis,ambiguous_needs_review","{""job_id"": ""sem_flix_lokf-hrer_hamburg"", ""title"": ""Lokf\u00fchrer (m/w/d)"", ""url"": null, ""job_url"": ""https://flix.careers/job/8222203002?gh_jid=8222203002"", ""audience_reject_reasons"": [""not_data_ai_field"", ""not_fresher_ws_thesis"", ""ambiguous_needs_review""]}"
2026-09-30T21:23:46.104923+00:00,sem_flix_lokf-hrer_leipzig,Lokführer (m/w/d),Flix,Leipzig,direct,other_tech,mid,"not_data_ai_field,not_fresher_ws_thesis,ambiguous_needs_review","{""job_id"": ""sem_flix_lokf-hrer_leipzig"", ""title"": ""Lokf\u00fchrer (m/w/d)"", ""url"": null, ""job_url"": ""https://flix.careers/job/8467519002?gh_jid=8467519002"", ""audience_reject_reasons"": [""not_data_ai_field"", ""not_fresher_ws_thesis"", ""ambiguous_needs_review""]}"
2026-09-30T21:23:46.104923+00:00,sem_flix_lokf-hrer_stuttgart,Lokführer (m/w/d),Flix,Stuttgart,direct,other_tech,mid,"not_data_ai_field,not_fresher_ws_thesis,ambiguous_needs_review","{""job_id"": ""sem_flix_lokf-hrer_stuttgart"", ""title"": ""Lokf\u00fchrer (m/w/d)"", ""url"": null, ""job_url"": ""https://flix.careers/job/8565932002?gh_jid=8565932002"", ""audience_reject_reasons"": [""not_data_ai_field"", ""not_fresher_ws_thesis"", ""ambiguous_needs_review""]}"
2026-09-30T21:23:46.104923+00:00,sem_flix_manager-paralegal-maternity-cover-mf-d_munich,Manager Paralegal (Maternity Cover) (mf/d/),Flix,Munich,direct,data_engineering,senior,"not_fresher_ws_thesis,ambiguous_needs_review","{""job_id"": ""sem_flix_manager-paralegal-maternity-cover-mf-d_munich"", ""title"": ""Manager Paralegal (Maternity Cover) (mf/d/)"", ""url"": null, ""job_url"": ""https://flix.careers/job/8737638002?gh_jid=8737638002"", ""audience_reject_reasons"": [""not_fresher_ws_thesis"", ""ambiguous_needs_review""]}"
2026-09-30T21:23:46.104923+00:00,sem_flix_manager-social-media-marketing_berlin,Manager Social Media Marketing (m/w/d),Flix,Berlin,direct,other_tech,mid,"not_data_ai_field,not_fresher_ws_thesis,ambiguous_needs_review","{""job_id"": ""sem_flix_manager-social-media-marketing_berlin"", ""title"": ""Manager Social Media Marketing (m/w/d)"", ""url"": null, ""job_url"": ""https://flix.careers/job/8693043002?gh_jid=8693043002"", ""audience_reject_reasons"": [""not_data_ai_field"", ""not_fresher_ws_thesis"", ""ambiguous_needs_review""]}"
2026-09-30T21:23:46.104923+00:00,sem_flix_mitarbeiter-in-leitstelle-flixtrain_berlin,Mitarbeiter:in Leitstelle FlixTrain (m/w/d),Flix,Berlin,direct,other_tech,mid,"not_data_ai_field,not_fresher_ws_thesis,ambiguous_needs_review","{""job_id"": ""sem_flix_mitarbeiter-in-leitstelle-flixtrain_berlin"", ""title"": ""Mitarbeiter:in Leitstelle FlixTrain (m/w/d)"", ""url"": null, ""job_url"": ""https://flix.careers/job/8542949002?gh_jid=8542949002"", ""audience_reject_reasons"": [""not_data_ai_field"", ""not_fresher_ws_thesis"", ""ambiguous_needs_review""]}"
2026-09-30T21:23:46.104923+00:00,sem_flix_operational-accountant-europe-west-region_sofia,Operational Accountant (Europe West Region) (m/f/d),Flix,Sofia,direct,data_engineering,senior,"not_fresher_ws_thesis,ambiguous_needs_review","{""job_id"": ""sem_flix_operational-accountant-europe-west-region_sofia"", ""title"": ""Operational Accountant (Europe West Region) (m/f/d)"", ""url"": null, ""job_url"": ""https://flix.careers/job/8634141002?gh_jid=8634141002"", ""audience_reject_reasons"": [""not_fresher_ws_thesis"", ""ambiguous_needs_review""]}"
2026-09-30T21:23:46.104923+00:00,sem_flix_operational-accountant-europe-west-region_warsaw,Operational Accountant (Europe West Region) (m/f/d),Flix,Warsaw,direct,data_engineering,senior,"not_fresher_ws_thesis,ambiguous_needs_review","{""job_id"": ""sem_flix_operational-accountant-europe-west-region_warsaw"", ""title"": ""Operational Accountant (Europe West Region) (m/f/d)"", ""url"": null, ""job_url"": ""https://flix.careers/job/8711609002?gh_jid=8711609002"", ""audience_reject_reasons"": [""not_fresher_ws_thesis"", ""ambiguous_needs_review""]}"
2026-09-30T21:23:46.104923+00:00,sem_flix_operational-accountant-french-speaker_sofia,Operational Accountant - French Speaker (m/f/d),Flix,Sofia,direct,data_engineering,senior,"not_fresher_ws_thesis,ambiguous_needs_review","{""job_id"": ""sem_flix_operational-accountant-french-speaker_sofia"", ""title"": ""Operational Accountant - French Speaker (m/f/d)"", ""url"": null, ""job_url"": ""https://flix.careers/job/8783717002?gh_jid=8783717002"", ""audience_reject_reasons"": [""not_fresher_ws_thesis"", ""ambiguous_needs_review""]}"
2026-09-30T21:23:46.104923+00:00,sem_flix_operational-accountant-french-speaker_warsaw,Operational Accountant - French Speaker (m/f/d),Flix,Warsaw,direct,data_engineering,senior,"not_fresher_ws_thesis,ambiguous_needs_review","{""job_id"": ""sem_flix_operational-accountant-french-speaker_warsaw"", ""title"": ""Operational Accountant - French Speaker (m/f/d)"", ""url"": null, ""job_url"": ""https://flix.careers/job/8783714002?gh_jid=8783714002"", ""audience_reject_reasons"": [""not_fresher_ws_thesis"", ""ambiguous_needs_review""]}"
2026-09-30T21:23:46.104923+00:00,sem_flix_operational-accountant-portuguese-speaker_warsaw,Operational Accountant - Portuguese Speaker (m/f/d),Flix,Warsaw,direct,data_engineering,senior,"not_fresher_ws_thesis,ambiguous_needs_review","{""job_id"": ""sem_flix_operational-accountant-portuguese-speaker_warsaw"", ""title"": ""Operational Accountant - Portuguese Speaker (m/f/d)"", ""url"": null, ""job_url"": ""https://flix.careers/job/8783715002?gh_jid=8783715002"", ""audience_reject_reasons"": [""not_fresher_ws_thesis"", ""ambiguous_needs_review""]}"
2026-09-30T21:23:46.104923+00:00,sem_flix_qualifizierte-r-zugchef-in-flixtrain_berlin,Qualifizierte:r Zugchef:in (m/w/d) FlixTrain,Flix,Berlin,direct,other_tech,mid,"not_data_ai_field,not_fresher_ws_thesis,ambiguous_needs_review","{""job_id"": ""sem_flix_qualifizierte-r-zugchef-in-flixtrain_berlin"", ""title"": ""Qualifizierte:r Zugchef:in (m/w/d) FlixTrain"", ""url"": null, ""job_url"": ""https://flix.careers/job/7956829002?gh_jid=7956829002"", ""audience_reject_reasons"": [""not_data_ai_field"", ""not_fresher_ws_thesis"", ""ambiguous_needs_review""]}"
2026-09-30T21:23:46.104923+00:00,sem_flix_qualifizierte-r-zugchef-in-flixtrain_hamburg,Qualifizierte:r Zugchef:in (m/w/d) FlixTrain,Flix,Hamburg,direct,other_tech,mid,"not_data_ai_field,not_fresher_ws_thesis,ambiguous_needs_review","{""job_id"": ""sem_flix_qualifizierte-r-zugchef-in-flixtrain_hamburg"", ""title"": ""Qualifizierte:r Zugchef:in (m/w/d) FlixTrain"", ""url"": null, ""job_url"": ""https://flix.careers/job/8115059002?gh_jid=8115059002"", ""audience_reject_reasons"": [""not_data_ai_field"", ""not_fresher_ws_thesis"", ""ambiguous_needs_review""]}"
2026-09-30T21:23:46.104923+00:00,sem_flix_qualifizierte-r-zugchef-in-flixtrain_leipzig,Qualifizierte:r Zugchef:in (m/w/d) FlixTrain,Flix,Leipzig,direct,other_tech,mid,"not_data_ai_field,not_fresher_ws_thesis,ambiguous_needs_review","{""job_id"": ""sem_flix_qualifizierte-r-zugchef-in-flixtrain_leipzig"", ""title"": ""Qualifizierte:r Zugchef:in (m/w/d) FlixTrain"", ""url"": null, ""job_url"": ""https://flix.careers/job/8115061002?gh_jid=8115061002"", ""audience_reject_reasons"": [""not_data_ai_field"", ""not_fresher_ws_thesis"", ""ambiguous_needs_review""]}"
2026-09-30T21:23:46.104923+00:00,sem_flix_quereinstieg-zugchef-in-ab-01-01-2027-frankfurt_frankfurt,Quereinstieg Zugchef:in (m/w/d) ab 01.01.2027 / Frankfurt,Flix,Frankfurt,direct,other_tech,mid,"not_data_ai_field,not_fresher_ws_thesis,ambiguous_needs_review","{""job_id"": ""sem_flix_quereinstieg-zugchef-in-ab-01-01-2027-frankfurt_frankfurt"", ""title"": ""Quereinstieg Zugchef:in (m/w/d) ab 01.01.2027 / Frankfurt"", ""url"": null, ""job_url"": ""https://flix.careers/job/8070076002?gh_jid=8070076002"", ""audience_reject_reasons"": [""not_data_ai_field"", ""not_fresher_ws_thesis"", ""ambiguous_needs_review""]}"
2026-09-30T21:23:46.104923+00:00,sem_flix_regional-operations-manager_warsaw,Regional Operations Manager (m/f/d),Flix,Warsaw,direct,data_engineering,senior,"not_fresher_ws_thesis,ambiguous_needs_review","{""job_id"": ""sem_flix_regional-operations-manager_warsaw"", ""title"": ""Regional Operations Manager (m/f/d)"", ""url"": null, ""job_url"": ""https://flix.careers/job/8729144002?gh_jid=8729144002"", ""audience_reject_reasons"": [""not_fresher_ws_thesis"", ""ambiguous_needs_review""]}"
2026-09-30T21:23:46.104923+00:00,sem_flix_regional-people-partner-europe-east_warsaw,Regional People Partner - Europe East (m/f/d),Flix,Warsaw,direct,data_engineering,senior,"not_fresher_ws_thesis,ambiguous_needs_review","{""job_id"": ""sem_flix_regional-people-partner-europe-east_warsaw"", ""title"": ""Regional People Partner - Europe East (m/f/d)"", ""url"": null, ""job_url"": ""https://flix.careers/job/8836794002?gh_jid=8836794002"", ""audience_reject_reasons"": [""not_fresher_ws_thesis"", ""ambiguous_needs_review""]}"
2026-09-30T21:23:46.104923+00:00,sem_flix_senior-disponent-flixtrain_berlin,Senior Disponent (m/w/d) FlixTrain,Flix,Berlin,direct,other_tech,senior,"not_data_ai_field,not_fresher_ws_thesis,ambiguous_needs_review","{""job_id"": ""sem_flix_senior-disponent-flixtrain_berlin"", ""title"": ""Senior Disponent (m/w/d) FlixTrain"", ""url"": null, ""job_url"": ""https://flix.careers/job/8543010002?gh_jid=8543010002"", ""audience_reject_reasons"": [""not_data_ai_field"", ""not_fresher_ws_thesis"", ""ambiguous_needs_review""]}"
2026-09-30T21:23:46.104923+00:00,sem_flix_senior-hr-manager-hrbp_sofia,Senior HR Manager/HRBP (m/f/d),Flix,Sofia,direct,data_engineering,senior,"not_fresher_ws_thesis,ambiguous_needs_review","{""job_id"": ""sem_flix_senior-hr-manager-hrbp_sofia"", ""title"": ""Senior HR Manager/HRBP (m/f/d)"", ""url"": null, ""job_url"": ""https://flix.careers/job/8795396002?gh_jid=8795396002"", ""audience_reject_reasons"": [""not_fresher_ws_thesis"", ""ambiguous_needs_review""]}"
2026-09-30T21:23:46.104923+00:00,sem_flix_senior-manager-regulatory-legal-affairs_berlin,Senior Manager Regulatory & Legal Affairs,Flix,Berlin,direct,other_tech,senior,"not_data_ai_field,not_fresher_ws_thesis,ambiguous_needs_review","{""job_id"": ""sem_flix_senior-manager-regulatory-legal-affairs_berlin"", ""title"": ""Senior Manager Regulatory & Legal Affairs"", ""url"": null, ""job_url"": ""https://flix.careers/job/8827011002?gh_jid=8827011002"", ""audience_reject_reasons"": [""not_data_ai_field"", ""not_fresher_ws_thesis"", ""ambiguous_needs_review""]}"
2026-09-30T21:23:46.104923+00:00,sem_flix_senior-regional-operations-specialist_madrid,Senior Regional Operations Specialist,Flix,Madrid,direct,data_engineering,senior,"not_fresher_ws_thesis,ambiguous_needs_review","{""job_id"": ""sem_flix_senior-regional-operations-specialist_madrid"", ""title"": ""Senior Regional Operations Specialist"", ""url"": null, ""job_url"": ""https://flix.careers/job/8805686002?gh_jid=8805686002"", ""audience_reject_reasons"": [""not_fresher_ws_thesis"", ""ambiguous_needs_review""]}"
2026-09-30T21:23:46.104923+00:00,sem_flix_senior-specialist-finance-project-management_sofia,Senior Specialist - Finance Project Management (m/f/d),Flix,Sofia,direct,data_engineering,senior,"not_fresher_ws_thesis,ambiguous_needs_review","{""job_id"": ""sem_flix_senior-specialist-finance-project-management_sofia"", ""title"": ""Senior Specialist - Finance Project Management (m/f/d)"", ""url"": null, ""job_url"": ""https://flix.careers/job/8851748002?gh_jid=8851748002"", ""audience_reject_reasons"": [""not_fresher_ws_thesis"", ""ambiguous_needs_review""]}"
2026-09-30T21:23:46.104923+00:00,sem_flix_senior-zendesk-administrator_lisbon,Senior Zendesk Administrator (m/f/d),Flix,Lisbon,direct,data_engineering,senior,"not_fresher_ws_thesis,ambiguous_needs_review","{""job_id"": ""sem_flix_senior-zendesk-administrator_lisbon"", ""title"": ""Senior Zendesk Administrator (m/f/d)"", ""url"": null, ""job_url"": ""https://flix.careers/job/8772969002?gh_jid=8772969002"", ""audience_reject_reasons"": [""not_fresher_ws_thesis"", ""ambiguous_needs_review""]}"
2026-09-30T21:23:46.104923+00:00,sem_flix_senior-zendesk-administrator_sofia,Senior Zendesk Administrator (m/f/d),Flix,Sofia,direct,data_engineering,senior,"not_fresher_ws_thesis,ambiguous_needs_review","{""job_id"": ""sem_flix_senior-zendesk-administrator_sofia"", ""title"": ""Senior Zendesk Administrator (m/f/d)"", ""url"": null, ""job_url"": ""https://flix.careers/job/8788963002?gh_jid=8788963002"", ""audience_reject_reasons"": [""not_fresher_ws_thesis"", ""ambiguous_needs_review""]}"
2026-09-30T21:23:46.104923+00:00,sem_flix_shop-employee-flixbus-shop-paris-bercy_paris,Shop Employee - FlixBus Shop Paris-Bercy (m/f/d),Flix,Paris,direct,data_engineering,senior,"not_fresher_ws_thesis,ambiguous_needs_review","{""job_id"": ""sem_flix_shop-employee-flixbus-shop-paris-bercy_paris"", ""title"": ""Shop Employee - FlixBus Shop Paris-Bercy (m/f/d)"", ""url"": null, ""job_url"": ""https://flix.careers/job/8829816002?gh_jid=8829816002"", ""audience_reject_reasons"": [""not_fresher_ws_thesis"", ""ambiguous_needs_review""]}"
2026-09-30T21:23:46.104923+00:00,sem_flix_shop-employee-sete-rios-bus-station_lisbon,Shop employee - Sete Rios Bus Station (m/f/d),Flix,Lisbon,direct,data_engineering,senior,"not_fresher_ws_thesis,ambiguous_needs_review","{""job_id"": ""sem_flix_shop-employee-sete-rios-bus-station_lisbon"", ""title"": ""Shop employee - Sete Rios Bus Station (m/f/d)"", ""url"": null, ""job_url"": ""https://flix.careers/job/8844100002?gh_jid=8844100002"", ""audience_reject_reasons"": [""not_fresher_ws_thesis"", ""ambiguous_needs_review""]}"
2026-09-30T21:23:46.104923+00:00,sem_flix_shop-employee_lisbon,Shop Employee (m/f/d),Flix,Lisbon,direct,data_engineering,senior,"not_fresher_ws_thesis,ambiguous_needs_review","{""job_id"": ""sem_flix_shop-employee_lisbon"", ""title"": ""Shop Employee (m/f/d)"", ""url"": null, ""job_url"": ""https://flix.careers/job/8809136002?gh_jid=8809136002"", ""audience_reject_reasons"": [""not_fresher_ws_thesis"", ""ambiguous_needs_review""]}"
2026-09-30T21:23:46.104923+00:00,sem_flix_shop-employee_prague,Shop Employee (m/f/d),Flix,Prague,direct,data_engineering,senior,"not_fresher_ws_thesis,ambiguous_needs_review","{""job_id"": ""sem_flix_shop-employee_prague"", ""title"": ""Shop Employee (m/f/d)"", ""url"": null, ""job_url"": ""https://flix.careers/job/8781419002?gh_jid=8781419002"", ""audience_reject_reasons"": [""not_fresher_ws_thesis"", ""ambiguous_needs_review""]}"
2026-09-30T21:23:46.104923+00:00,sem_flix_team-lead-training-academy_berlin,Team Lead Training Academy (m/w/d),Flix,Berlin,direct,other_tech,senior,"not_data_ai_field,not_fresher_ws_thesis,ambiguous_needs_review","{""job_id"": ""sem_flix_team-lead-training-academy_berlin"", ""title"": ""Team Lead Training Academy (m/w/d)"", ""url"": null, ""job_url"": ""https://flix.careers/job/8785205002?gh_jid=8785205002"", ""audience_reject_reasons"": [""not_data_ai_field"", ""not_fresher_ws_thesis"", ""ambiguous_needs_review""]}"
2026-09-30T21:23:46.104923+00:00,sem_flix_technical-expert-onboard-connectivity_berlin,Technical Expert Onboard Connectivity (m/w/d),Flix,Berlin,direct,other_tech,mid,"not_data_ai_field,not_fresher_ws_thesis,ambiguous_needs_review","{""job_id"": ""sem_flix_technical-expert-onboard-connectivity_berlin"", ""title"": ""Technical Expert Onboard Connectivity (m/w/d)"", ""url"": null, ""job_url"": ""https://flix.careers/job/8783594002?gh_jid=8783594002"", ""audience_reject_reasons"": [""not_data_ai_field"", ""not_fresher_ws_thesis"", ""ambiguous_needs_review""]}"
2026-09-30T21:23:46.104923+00:00,sem_flix_trainer-ausbilder-f-r-lokf-hrer-triebfahrzeugf-hrer_berlin,Trainer/ Ausbilder für Lokführer (Triebfahrzeugführer) (m/w/d),Flix,Berlin,direct,other_tech,mid,"not_data_ai_field,not_fresher_ws_thesis,ambiguous_needs_review","{""job_id"": ""sem_flix_trainer-ausbilder-f-r-lokf-hrer-triebfahrzeugf-hrer_berlin"", ""title"": ""Trainer/ Ausbilder f\u00fcr Lokf\u00fchrer (Triebfahrzeugf\u00fchrer) (m/w/d)"", ""url"": null, ""job_url"": ""https://flix.careers/job/8185033002?gh_jid=8185033002"", ""audience_reject_reasons"": [""not_data_ai_field"", ""not_fresher_ws_thesis"", ""ambiguous_needs_review""]}"
2026-09-30T21:23:46.104923+00:00,sem_flix_trainer-ausbilder-f-r-lokf-hrer-triebfahrzeugf-hrer_hamburg,Trainer/ Ausbilder für Lokführer (Triebfahrzeugführer) (m/w/d),Flix,Hamburg,direct,other_tech,mid,"not_data_ai_field,not_fresher_ws_thesis,ambiguous_needs_review","{""job_id"": ""sem_flix_trainer-ausbilder-f-r-lokf-hrer-triebfahrzeugf-hrer_hamburg"", ""title"": ""Trainer/ Ausbilder f\u00fcr Lokf\u00fchrer (Triebfahrzeugf\u00fchrer) (m/w/d)"", ""url"": null, ""job_url"": ""https://flix.careers/job/8207052002?gh_jid=8207052002"", ""audience_reject_reasons"": [""not_data_ai_field"", ""not_fresher_ws_thesis"", ""ambiguous_needs_review""]}"
2026-09-30T21:23:46.104923+00:00,sem_flix_trainer-ausbilder-f-r-lokf-hrer-triebfahrzeugf-hrer_stuttgart,Trainer/ Ausbilder für Lokführer (Triebfahrzeugführer) (m/w/d),Flix,Stuttgart,direct,other_tech,mid,"not_data_ai_field,not_fresher_ws_thesis,ambiguous_needs_review","{""job_id"": ""sem_flix_trainer-ausbilder-f-r-lokf-hrer-triebfahrzeugf-hrer_stuttgart"", ""title"": ""Trainer/ Ausbilder f\u00fcr Lokf\u00fchrer (Triebfahrzeugf\u00fchrer) (m/w/d)"", ""url"": null, ""job_url"": ""https://flix.careers/job/8565936002?gh_jid=8565936002"", ""audience_reject_reasons"": [""not_data_ai_field"", ""not_fresher_ws_thesis"", ""ambiguous_needs_review""]}"
2026-09-30T21:23:46.104923+00:00,sem_flix_zendesk-admin-operations-consultant_lisbon,"Zendesk Admin, Operations Consultant (m/f/d)",Flix,Lisbon,direct,data_engineering,senior,"not_fresher_ws_thesis,ambiguous_needs_review","{""job_id"": ""sem_flix_zendesk-admin-operations-consultant_lisbon"", ""title"": ""Zendesk Admin, Operations Consultant (m/f/d)"", ""url"": null, ""job_url"": ""https://flix.careers/job/8772973002?gh_jid=8772973002"", ""audience_reject_reasons"": [""not_fresher_ws_thesis"", ""ambiguous_needs_review""]}"
2026-09-30T21:23:46.104923+00:00,sem_flix_zendesk-admin-operations-consultant_sofia,"Zendesk Admin, Operations Consultant (m/f/d)",Flix,Sofia,direct,data_engineering,senior,"not_fresher_ws_thesis,ambiguous_needs_review","{""job_id"": ""sem_flix_zendesk-admin-operations-consultant_sofia"", ""title"": ""Zendesk Admin, Operations Consultant (m/f/d)"", ""url"": null, ""job_url"": ""https://flix.careers/job/8788964002?gh_jid=8788964002"", ""audience_reject_reasons"": [""not_fresher_ws_thesis"", ""ambiguous_needs_review""]}"
2026-09-30T21:23:46.104923+00:00,sem_flix_zugverkehrssteuerer-fernverkehr_berlin,Zugverkehrssteuerer Fernverkehr (m/w/d),Flix,Berlin,direct,other_tech,mid,"not_data_ai_field,not_fresher_ws_thesis,ambiguous_needs_review","{""job_id"": ""sem_flix_zugverkehrssteuerer-fernverkehr_berlin"", ""title"": ""Zugverkehrssteuerer Fernverkehr (m/w/d)"", ""url"": null, ""job_url"": ""https://flix.careers/job/8543061002?gh_jid=8543061002"", ""audience_reject_reasons"": [""not_data_ai_field"", ""not_fresher_ws_thesis"", ""ambiguous_needs_review""]}"
2026-09-30T21:23:46.104923+00:00,sem_forum-jobs-forum-jobs-ieper_project-manager_be-be253,project manager,Forum Jobs Forum Jobs Ieper,BE (BE253),eures,non_tech,mid,"not_data_ai_field,not_fresher_ws_thesis,ambiguous_needs_review","{""job_id"": ""sem_forum-jobs-forum-jobs-ieper_project-manager_be-be253"", ""title"": ""project manager"", ""url"": null, ""job_url"": ""https://europa.eu/eures/portal/jv-se/jv-details/ZWExNmQ0MmItZjIwNC00MzllLTgyNDEtMTY0Njc5YzQyZjlhIDM?jvDisplayLanguage=nl&lang=nl"", ""audience_reject_reasons"": [""not_data_ai_field"", ""not_fresher_ws_thesis"", ""ambiguous_needs_review""]}"
2026-09-30T21:23:46.104923+00:00,sem_gcasa_advertising-and-marketing-professional_mt-mt001,ADVERTISING AND MARKETING PROFESSIONAL,GCASA,MT (MT001),eures,other_tech,mid,"not_data_ai_field,not_fresher_ws_thesis,ambiguous_needs_review","{""job_id"": ""sem_gcasa_advertising-and-marketing-professional_mt-mt001"", ""title"": ""ADVERTISING AND MARKETING PROFESSIONAL"", ""url"": null, ""job_url"": ""https://europa.eu/eures/portal/jv-se/jv-details/NDU1NTA4IDEwMQ?jvDisplayLanguage=en&lang=en"", ""audience_reject_reasons"": [""not_data_ai_field"", ""not_fresher_ws_thesis"", ""ambiguous_needs_review""]}"
2026-09-30T21:23:46.104923+00:00,sem_general-repairs-limited_steel-draughtsperson_mt-mt001,STEEL DRAUGHTSPERSON,GENERAL REPAIRS LIMITED,MT (MT001),eures,other_tech,mid,"not_data_ai_field,not_fresher_ws_thesis,ambiguous_needs_review","{""job_id"": ""sem_general-repairs-limited_steel-draughtsperson_mt-mt001"", ""title"": ""STEEL DRAUGHTSPERSON"", ""url"": null, ""job_url"": ""https://europa.eu/eures/portal/jv-se/jv-details/NDU0MjY5IDEwMQ?jvDisplayLanguage=en&lang=en"", ""audience_reject_reasons"": [""not_data_ai_field"", ""not_fresher_ws_thesis"", ""ambiguous_needs_review""]}"
2026-09-30T21:23:46.104923+00:00,sem_getyourguide_account-executive-greece-greek-speaking_berlin,Account Executive Greece (Greek Speaking),GetYourGuide,Berlin,direct,other_tech,mid,"not_data_ai_field,not_fresher_ws_thesis,ambiguous_needs_review","{""job_id"": ""sem_getyourguide_account-executive-greece-greek-speaking_berlin"", ""title"": ""Account Executive Greece (Greek Speaking)"", ""url"": null, ""job_url"": ""https://job-boards.greenhouse.io/getyourguide/jobs/8173479"", ""audience_reject_reasons"": [""not_data_ai_field"", ""not_fresher_ws_thesis"", ""ambiguous_needs_review""]}"
2026-09-30T21:23:46.104923+00:00,sem_getyourguide_account-executive-uk_london,Account Executive - UK,GetYourGuide,London,direct,other_tech,mid,"not_eu,not_data_ai_field,not_fresher_ws_thesis,ambiguous_needs_review","{""job_id"": ""sem_getyourguide_account-executive-uk_london"", ""title"": ""Account Executive - UK"", ""url"": null, ""job_url"": ""https://job-boards.greenhouse.io/getyourguide/jobs/8066976"", ""audience_reject_reasons"": [""not_eu"", ""not_data_ai_field"", ""not_fresher_ws_thesis"", ""ambiguous_needs_review""]}"
2026-09-30T21:23:46.104923+00:00,sem_getyourguide_director-of-lifecycle-crm-growth-marketing_berlin,Director of Lifecycle & CRM (Growth Marketing),GetYourGuide,Berlin,direct,other_tech,mid,"not_data_ai_field,not_fresher_ws_thesis,ambiguous_needs_review","{""job_id"": ""sem_getyourguide_director-of-lifecycle-crm-growth-marketing_berlin"", ""title"": ""Director of Lifecycle & CRM (Growth Marketing)"", ""url"": null, ""job_url"": ""https://job-boards.greenhouse.io/getyourguide/jobs/7748635"", ""audience_reject_reasons"": [""not_data_ai_field"", ""not_fresher_ws_thesis"", ""ambiguous_needs_review""]}"
2026-09-30T21:23:46.104923+00:00,sem_getyourguide_director-of-sales-and-account-management-emea_berlin,"Director of Sales and Account Management, EMEA",GetYourGuide,Berlin,direct,other_tech,mid,"not_data_ai_field,not_fresher_ws_thesis,ambiguous_needs_review","{""job_id"": ""sem_getyourguide_director-of-sales-and-account-management-emea_berlin"", ""title"": ""Director of Sales and Account Management, EMEA"", ""url"": null, ""job_url"": ""https://job-boards.greenhouse.io/getyourguide/jobs/8173475"", ""audience_reject_reasons"": [""not_data_ai_field"", ""not_fresher_ws_thesis"", ""ambiguous_needs_review""]}"
2026-09-30T21:23:46.104923+00:00,sem_getyourguide_director-strategic-partnerships_berlin,"Director, Strategic Partnerships",GetYourGuide,Berlin,direct,other_tech,mid,"not_data_ai_field,not_fresher_ws_thesis,ambiguous_needs_review","{""job_id"": ""sem_getyourguide_director-strategic-partnerships_berlin"", ""title"": ""Director, Strategic Partnerships"", ""url"": null, ""job_url"": ""https://job-boards.greenhouse.io/getyourguide/jobs/8237539"", ""audience_reject_reasons"": [""not_data_ai_field"", ""not_fresher_ws_thesis"", ""ambiguous_needs_review""]}"
2026-09-30T21:23:46.104923+00:00,sem_getyourguide_engineering-manager-reviews_berlin,"Engineering Manager, Reviews",GetYourGuide,Berlin,direct,product_management,mid,"not_data_ai_field,not_fresher_ws_thesis,ambiguous_needs_review","{""job_id"": ""sem_getyourguide_engineering-manager-reviews_berlin"", ""title"": ""Engineering Manager, Reviews"", ""url"": null, ""job_url"": ""https://job-boards.greenhouse.io/getyourguide/jobs/8125740"", ""audience_reject_reasons"": [""not_data_ai_field"", ""not_fresher_ws_thesis"", ""ambiguous_needs_review""]}"
2026-09-30T21:23:46.104923+00:00,sem_getyourguide_general-ledger-accountant_berlin,General Ledger Accountant,GetYourGuide,Berlin,direct,other_tech,mid,"not_data_ai_field,not_fresher_ws_thesis,ambiguous_needs_review","{""job_id"": ""sem_getyourguide_general-ledger-accountant_berlin"", ""title"": ""General Ledger Accountant"", ""url"": null, ""job_url"": ""https://job-boards.greenhouse.io/getyourguide/jobs/8152691"", ""audience_reject_reasons"": [""not_data_ai_field"", ""not_fresher_ws_thesis"", ""ambiguous_needs_review""]}"
2026-09-30T21:23:46.104923+00:00,sem_getyourguide_head-of-strategic-programs_berlin,Head of Strategic Programs,GetYourGuide,Berlin,direct,other_tech,senior,"not_data_ai_field,not_fresher_ws_thesis,ambiguous_needs_review","{""job_id"": ""sem_getyourguide_head-of-strategic-programs_berlin"", ""title"": ""Head of Strategic Programs"", ""url"": null, ""job_url"": ""https://job-boards.greenhouse.io/getyourguide/jobs/8025801"", ""audience_reject_reasons"": [""not_data_ai_field"", ""not_fresher_ws_thesis"", ""ambiguous_needs_review""]}"
2026-09-30T21:23:46.104923+00:00,sem_getyourguide_head-of-supplier-enablement_berlin,Head of Supplier Enablement,GetYourGuide,Berlin,direct,other_tech,senior,"not_data_ai_field,not_fresher_ws_thesis,ambiguous_needs_review","{""job_id"": ""sem_getyourguide_head-of-supplier-enablement_berlin"", ""title"": ""Head of Supplier Enablement"", ""url"": null, ""job_url"": ""https://job-boards.greenhouse.io/getyourguide/jobs/7938858"", ""audience_reject_reasons"": [""not_data_ai_field"", ""not_fresher_ws_thesis"", ""ambiguous_needs_review""]}"
2026-09-30T21:23:46.104923+00:00,sem_getyourguide_knowledge-process-manager_berlin,Knowledge & Process Manager,GetYourGuide,Berlin,direct,qa_testing,mid,"not_data_ai_field,not_fresher_ws_thesis,ambiguous_needs_review","{""job_id"": ""sem_getyourguide_knowledge-process-manager_berlin"", ""title"": ""Knowledge & Process Manager"", ""url"": null, ""job_url"": ""https://job-boards.greenhouse.io/getyourguide/jobs/7938853"", ""audience_reject_reasons"": [""not_data_ai_field"", ""not_fresher_ws_thesis"", ""ambiguous_needs_review""]}"
2026-09-30T21:23:46.104923+00:00,sem_getyourguide_learning-excellence-manager_berlin,Learning Excellence Manager,GetYourGuide,Berlin,direct,qa_testing,mid,"not_data_ai_field,not_fresher_ws_thesis,ambiguous_needs_review","{""job_id"": ""sem_getyourguide_learning-excellence-manager_berlin"", ""title"": ""Learning Excellence Manager"", ""url"": null, ""job_url"": ""https://job-boards.greenhouse.io/getyourguide/jobs/8091938"", ""audience_reject_reasons"": [""not_data_ai_field"", ""not_fresher_ws_thesis"", ""ambiguous_needs_review""]}"
2026-09-30T21:23:46.104923+00:00,sem_getyourguide_senior-account-executive-lead-2-year-contract_paris,Senior Account Executive Lead (2-year contract),GetYourGuide,Paris,direct,other_tech,senior,"not_data_ai_field,not_fresher_ws_thesis,ambiguous_needs_review","{""job_id"": ""sem_getyourguide_senior-account-executive-lead-2-year-contract_paris"", ""title"": ""Senior Account Executive Lead (2-year contract)"", ""url"": null, ""job_url"": ""https://job-boards.greenhouse.io/getyourguide/jobs/8210385"", ""audience_reject_reasons"": [""not_data_ai_field"", ""not_fresher_ws_thesis"", ""ambiguous_needs_review""]}"
2026-09-30T21:23:46.104923+00:00,sem_getyourguide_senior-account-executive-lead_amsterdam,Senior Account Executive Lead,GetYourGuide,Amsterdam,direct,other_tech,senior,"not_data_ai_field,not_fresher_ws_thesis,ambiguous_needs_review","{""job_id"": ""sem_getyourguide_senior-account-executive-lead_amsterdam"", ""title"": ""Senior Account Executive Lead"", ""url"": null, ""job_url"": ""https://job-boards.greenhouse.io/getyourguide/jobs/8066981"", ""audience_reject_reasons"": [""not_data_ai_field"", ""not_fresher_ws_thesis"", ""ambiguous_needs_review""]}"
2026-09-30T21:23:46.104923+00:00,sem_getyourguide_senior-brand-designer-b2b_berlin,Senior Brand Designer B2B,GetYourGuide,Berlin,direct,other_tech,senior,"not_data_ai_field,not_fresher_ws_thesis,ambiguous_needs_review","{""job_id"": ""sem_getyourguide_senior-brand-designer-b2b_berlin"", ""title"": ""Senior Brand Designer B2B"", ""url"": null, ""job_url"": ""https://job-boards.greenhouse.io/getyourguide/jobs/8158781"", ""audience_reject_reasons"": [""not_data_ai_field"", ""not_fresher_ws_thesis"", ""ambiguous_needs_review""]}"
2026-09-30T21:23:46.104923+00:00,sem_getyourguide_senior-communications-manager_berlin,Senior Communications Manager,GetYourGuide,Berlin,direct,other_tech,senior,"not_data_ai_field,not_fresher_ws_thesis,ambiguous_needs_review","{""job_id"": ""sem_getyourguide_senior-communications-manager_berlin"", ""title"": ""Senior Communications Manager"", ""url"": null, ""job_url"": ""https://job-boards.greenhouse.io/getyourguide/jobs/8139060"", ""audience_reject_reasons"": [""not_data_ai_field"", ""not_fresher_ws_thesis"", ""ambiguous_needs_review""]}"
2026-09-30T21:23:46.104923+00:00,sem_getyourguide_senior-localization-specialist_berlin,Senior Localization Specialist,GetYourGuide,Berlin,direct,other_tech,senior,"not_data_ai_field,not_fresher_ws_thesis,ambiguous_needs_review","{""job_id"": ""sem_getyourguide_senior-localization-specialist_berlin"", ""title"": ""Senior Localization Specialist"", ""url"": null, ""job_url"": ""https://job-boards.greenhouse.io/getyourguide/jobs/7571066"", ""audience_reject_reasons"": [""not_data_ai_field"", ""not_fresher_ws_thesis"", ""ambiguous_needs_review""]}"
2026-09-30T21:23:46.104923+00:00,sem_getyourguide_senior-product-designer-b2c_berlin,Senior Product Designer (B2C),GetYourGuide,Berlin,direct,other_tech,senior,"not_data_ai_field,not_fresher_ws_thesis,ambiguous_needs_review","{""job_id"": ""sem_getyourguide_senior-product-designer-b2c_berlin"", ""title"": ""Senior Product Designer (B2C)"", ""url"": null, ""job_url"": ""https://job-boards.greenhouse.io/getyourguide/jobs/7559680"", ""audience_reject_reasons"": [""not_data_ai_field"", ""not_fresher_ws_thesis"", ""ambiguous_needs_review""]}"
2026-09-30T21:23:46.104923+00:00,sem_getyourguide_senior-strategy-manager_berlin,Senior Strategy Manager,GetYourGuide,Berlin,direct,other_tech,senior,"not_data_ai_field,not_fresher_ws_thesis,ambiguous_needs_review","{""job_id"": ""sem_getyourguide_senior-strategy-manager_berlin"", ""title"": ""Senior Strategy Manager"", ""url"": null, ""job_url"": ""https://job-boards.greenhouse.io/getyourguide/jobs/8066983"", ""audience_reject_reasons"": [""not_data_ai_field"", ""not_fresher_ws_thesis"", ""ambiguous_needs_review""]}"
2026-09-30T21:23:46.104923+00:00,sem_getyourguide_senior-technical-recruiter_berlin,Senior Technical Recruiter,GetYourGuide,Berlin,direct,other_tech,senior,"not_data_ai_field,not_fresher_ws_thesis,ambiguous_needs_review","{""job_id"": ""sem_getyourguide_senior-technical-recruiter_berlin"", ""title"": ""Senior Technical Recruiter"", ""url"": null, ""job_url"": ""https://job-boards.greenhouse.io/getyourguide/jobs/8184881"", ""audience_reject_reasons"": [""not_data_ai_field"", ""not_fresher_ws_thesis"", ""ambiguous_needs_review""]}"
2026-09-30T21:23:46.104923+00:00,sem_getyourguide_technical-recruiter-12-month-maternity-cover_berlin,Technical Recruiter (12 Month Maternity Cover),GetYourGuide,Berlin,direct,other_tech,mid,"not_data_ai_field,not_fresher_ws_thesis,ambiguous_needs_review","{""job_id"": ""sem_getyourguide_technical-recruiter-12-month-maternity-cover_berlin"", ""title"": ""Technical Recruiter (12 Month Maternity Cover)"", ""url"": null, ""job_url"": ""https://job-boards.greenhouse.io/getyourguide/jobs/8088223"", ""audience_reject_reasons"": [""not_data_ai_field"", ""not_fresher_ws_thesis"", ""ambiguous_needs_review""]}"
2026-09-30T21:23:46.104923+00:00,sem_getyourguide_ux-research-programs-operations-zurich_zurich,UX Research Programs & Operations (Zurich),GetYourGuide,Zurich,direct,other_tech,mid,"not_eu,not_data_ai_field,not_fresher_ws_thesis,ambiguous_needs_review","{""job_id"": ""sem_getyourguide_ux-research-programs-operations-zurich_zurich"", ""title"": ""UX Research Programs & Operations (Zurich)"", ""url"": null, ""job_url"": ""https://job-boards.greenhouse.io/getyourguide/jobs/8129943"", ""audience_reject_reasons"": [""not_eu"", ""not_data_ai_field"", ""not_fresher_ws_thesis"", ""ambiguous_needs_review""]}"
2026-09-30T21:23:46.104923+00:00,sem_gloor-pr-zisionswerkzeuge_fachspezialist-avor-pps-100_ch-ch023,Fachspezialist AVOR/PPS 100%,Gloor Präzisionswerkzeuge AG,CH (CH023),eures,other_tech,mid,"not_eu,not_data_ai_field,not_fresher_ws_thesis,ambiguous_needs_review","{""job_id"": ""sem_gloor-pr-zisionswerkzeuge_fachspezialist-avor-pps-100_ch-ch023"", ""title"": ""Fachspezialist AVOR/PPS 100%"", ""url"": null, ""job_url"": ""https://europa.eu/eures/portal/jv-se/jv-details/OWI5OTUxZGQtMDlkYy00MDU1LTk0NGMtYzFmNTllMmQwYzc5IDYx?jvDisplayLanguage=en&lang=en"", ""audience_reject_reasons"": [""not_eu"", ""not_data_ai_field"", ""not_fresher_ws_thesis"", ""ambiguous_needs_review""]}"
2026-09-30T21:23:46.104923+00:00,sem_grafanalabs_commercial-account-executive-acquisition-switzerland-remote_,"Commercial Account Executive, Acquisition | Switzerland | Remote",grafanalabs,,arbeitnow,other_tech,mid,"not_eu,not_data_ai_field,not_fresher_ws_thesis,ambiguous_needs_review","{""job_id"": ""sem_grafanalabs_commercial-account-executive-acquisition-switzerland-remote_"", ""title"": ""Commercial Account Executive, Acquisition | Switzerland | Remote"", ""url"": null, ""job_url"": ""https://www.arbeitnow.ch/jobs/companies/grafanalabs/commercial-account-executive-acquisition-switzerland-remote-273226"", ""audience_reject_reasons"": [""not_eu"", ""not_data_ai_field"", ""not_fresher_ws_thesis"", ""ambiguous_needs_review""]}"
2026-09-30T21:23:46.104923+00:00,sem_grafanalabs_enterprise-account-executive-acquisition-switzerland-remote_,"Enterprise Account Executive, Acquisition | Switzerland | Remote",grafanalabs,,arbeitnow,other_tech,mid,"not_eu,not_data_ai_field,not_fresher_ws_thesis,ambiguous_needs_review","{""job_id"": ""sem_grafanalabs_enterprise-account-executive-acquisition-switzerland-remote_"", ""title"": ""Enterprise Account Executive, Acquisition | Switzerland | Remote"", ""url"": null, ""job_url"": ""https://www.arbeitnow.ch/jobs/companies/grafanalabs/enterprise-account-executive-acquisition-switzerland-remote-400823"", ""audience_reject_reasons"": [""not_eu"", ""not_data_ai_field"", ""not_fresher_ws_thesis"", ""ambiguous_needs_review""]}"
2026-09-30T21:23:46.104923+00:00,sem_hellofresh_asset-protection-manager_barleben-saxony-anhalt-germany,Asset Protection Manager,HelloFresh,"Barleben, Saxony-Anhalt, Germany",direct,other_tech,mid,"not_data_ai_field,not_fresher_ws_thesis,ambiguous_needs_review","{""job_id"": ""sem_hellofresh_asset-protection-manager_barleben-saxony-anhalt-germany"", ""title"": ""Asset Protection Manager"", ""url"": null, ""job_url"": ""https://careers.hellofresh.com/global/en/job/8146886?gh_jid=8146886"", ""audience_reject_reasons"": [""not_data_ai_field"", ""not_fresher_ws_thesis"", ""ambiguous_needs_review""]}"
2026-09-30T21:23:46.104923+00:00,sem_hellofresh_asset-protection-manager_derby-england-united-kingdom,Asset Protection Manager,HelloFresh,"Derby, England, United Kingdom",direct,other_tech,mid,"not_eu,not_data_ai_field,not_fresher_ws_thesis,ambiguous_needs_review","{""job_id"": ""sem_hellofresh_asset-protection-manager_derby-england-united-kingdom"", ""title"": ""Asset Protection Manager"", ""url"": null, ""job_url"": ""https://careers.hellofresh.com/global/en/job/8138742?gh_jid=8138742"", ""audience_reject_reasons"": [""not_eu"", ""not_data_ai_field"", ""not_fresher_ws_thesis"", ""ambiguous_needs_review""]}"
2026-09-30T21:23:46.104923+00:00,sem_hellofresh_category-management-graduate_dublin-dublin-ireland,Category Management Graduate,HelloFresh,"Dublin, Dublin, Ireland",direct,other_tech,mid,"not_data_ai_field,not_fresher_ws_thesis,ambiguous_needs_review","{""job_id"": ""sem_hellofresh_category-management-graduate_dublin-dublin-ireland"", ""title"": ""Category Management Graduate"", ""url"": null, ""job_url"": ""https://careers.hellofresh.com/global/en/job/8236666?gh_jid=8236666"", ""audience_reject_reasons"": [""not_data_ai_field"", ""not_fresher_ws_thesis"", ""ambiguous_needs_review""]}"
2026-09-30T21:23:46.104923+00:00,sem_hellofresh_category-management-graduate_london-england-united-kingdom,Category Management Graduate,HelloFresh,"London, England, United Kingdom",direct,other_tech,mid,"not_eu,not_data_ai_field,not_fresher_ws_thesis,ambiguous_needs_review","{""job_id"": ""sem_hellofresh_category-management-graduate_london-england-united-kingdom"", ""title"": ""Category Management Graduate"", ""url"": null, ""job_url"": ""https://careers.hellofresh.com/global/en/job/8234103?gh_jid=8234103"", ""audience_reject_reasons"": [""not_eu"", ""not_data_ai_field"", ""not_fresher_ws_thesis"", ""ambiguous_needs_review""]}"
2026-09-30T21:23:46.104923+00:00,sem_hellofresh_chief-marketing-officer-dach_germany,Chief Marketing Officer - DACH,HelloFresh,Germany,direct,other_tech,senior,"not_data_ai_field,not_fresher_ws_thesis,ambiguous_needs_review","{""job_id"": ""sem_hellofresh_chief-marketing-officer-dach_germany"", ""title"": ""Chief Marketing Officer - DACH"", ""url"": null, ""job_url"": ""https://careers.hellofresh.com/global/en/job/8156007?gh_jid=8156007"", ""audience_reject_reasons"": [""not_data_ai_field"", ""not_fresher_ws_thesis"", ""ambiguous_needs_review""]}"
2026-09-30T21:23:46.104923+00:00,sem_hellofresh_director-ux-design_berlin-berlin-germany,Director UX Design,HelloFresh,"Berlin, Berlin, Germany",direct,other_tech,mid,"not_data_ai_field,not_fresher_ws_thesis,ambiguous_needs_review","{""job_id"": ""sem_hellofresh_director-ux-design_berlin-berlin-germany"", ""title"": ""Director UX Design"", ""url"": null, ""job_url"": ""https://careers.hellofresh.com/global/en/job/8030038?gh_jid=8030038"", ""audience_reject_reasons"": [""not_data_ai_field"", ""not_fresher_ws_thesis"", ""ambiguous_needs_review""]}"
2026-09-30T21:23:46.104923+00:00,sem_hellofresh_flow-controller_derby-england-united-kingdom,Flow Controller,HelloFresh,"Derby, England, United Kingdom",direct,other_tech,mid,"not_eu,not_data_ai_field,not_fresher_ws_thesis,ambiguous_needs_review","{""job_id"": ""sem_hellofresh_flow-controller_derby-england-united-kingdom"", ""title"": ""Flow Controller"", ""url"": null, ""job_url"": ""https://careers.hellofresh.com/global/en/job/8108515?gh_jid=8108515"", ""audience_reject_reasons"": [""not_eu"", ""not_data_ai_field"", ""not_fresher_ws_thesis"", ""ambiguous_needs_review""]}"
2026-09-30T21:23:46.104923+00:00,sem_hellofresh_geb-udetechniker-all-genders_verden-niedersachsen-germany,Gebäudetechniker (all genders),HelloFresh,"Verden, Niedersachsen, Germany",direct,other_tech,mid,"not_data_ai_field,not_fresher_ws_thesis,ambiguous_needs_review","{""job_id"": ""sem_hellofresh_geb-udetechniker-all-genders_verden-niedersachsen-germany"", ""title"": ""Geb\u00e4udetechniker (all genders)"", ""url"": null, ""job_url"": ""https://careers.hellofresh.com/global/en/job/8068939?gh_jid=8068939"", ""audience_reject_reasons"": [""not_data_ai_field"", ""not_fresher_ws_thesis"", ""ambiguous_needs_review""]}"
2026-09-30T21:23:46.104923+00:00,sem_hellofresh_instandhaltungstechniker-all-genders_verden-niedersachsen-germany,Instandhaltungstechniker (all genders),HelloFresh,"Verden, Niedersachsen, Germany",direct,other_tech,mid,"not_data_ai_field,not_fresher_ws_thesis,ambiguous_needs_review","{""job_id"": ""sem_hellofresh_instandhaltungstechniker-all-genders_verden-niedersachsen-germany"", ""title"": ""Instandhaltungstechniker (all genders)"", ""url"": null, ""job_url"": ""https://careers.hellofresh.com/global/en/job/8068944?gh_jid=8068944"", ""audience_reject_reasons"": [""not_data_ai_field"", ""not_fresher_ws_thesis"", ""ambiguous_needs_review""]}"
2026-09-30T21:23:46.104923+00:00,sem_hellofresh_junior-content-marketing-specialist-f-m-x_amsterdam-north-holland-netherlands,Junior Content Marketing specialist (f/m/x),HelloFresh,"Amsterdam, North Holland, Netherlands",direct,other_tech,junior,"not_data_ai_field,ambiguous_needs_review","{""job_id"": ""sem_hellofresh_junior-content-marketing-specialist-f-m-x_amsterdam-north-holland-netherlands"", ""title"": ""Junior Content Marketing specialist (f/m/x)"", ""url"": null, ""job_url"": ""https://careers.hellofresh.com/global/en/job/8203812?gh_jid=8203812"", ""audience_reject_reasons"": [""not_data_ai_field"", ""ambiguous_needs_review""]}"
2026-09-30T21:23:46.104923+00:00,sem_hellofresh_junior-growth-manager_london-england-united-kingdom,Junior Growth Manager,HelloFresh,"London, England, United Kingdom",direct,other_tech,junior,"not_eu,not_data_ai_field,ambiguous_needs_review","{""job_id"": ""sem_hellofresh_junior-growth-manager_london-england-united-kingdom"", ""title"": ""Junior Growth Manager"", ""url"": null, ""job_url"": ""https://careers.hellofresh.com/global/en/job/7953647?gh_jid=7953647"", ""audience_reject_reasons"": [""not_eu"", ""not_data_ai_field"", ""ambiguous_needs_review""]}"
2026-09-30T21:23:46.104923+00:00,sem_hellofresh_junior-planning-manager_derby-england-united-kingdom,Junior Planning Manager,HelloFresh,"Derby, England, United Kingdom",direct,other_tech,junior,"not_eu,not_data_ai_field,ambiguous_needs_review","{""job_id"": ""sem_hellofresh_junior-planning-manager_derby-england-united-kingdom"", ""title"": ""Junior Planning Manager"", ""url"": null, ""job_url"": ""https://careers.hellofresh.com/global/en/job/8074260?gh_jid=8074260"", ""audience_reject_reasons"": [""not_eu"", ""not_data_ai_field"", ""ambiguous_needs_review""]}"
2026-09-30T21:23:46.104923+00:00,sem_hellofresh_mechatroniker-instandhaltung-all-genders_verden-niedersachsen-germany,Mechatroniker Instandhaltung (all genders),HelloFresh,"Verden, Niedersachsen, Germany",direct,other_tech,mid,"not_data_ai_field,not_fresher_ws_thesis,ambiguous_needs_review","{""job_id"": ""sem_hellofresh_mechatroniker-instandhaltung-all-genders_verden-niedersachsen-germany"", ""title"": ""Mechatroniker Instandhaltung (all genders)"", ""url"": null, ""job_url"": ""https://careers.hellofresh.com/global/en/job/8068945?gh_jid=8068945"", ""audience_reject_reasons"": [""not_data_ai_field"", ""not_fresher_ws_thesis"", ""ambiguous_needs_review""]}"
2026-09-30T21:23:46.104923+00:00,sem_hellofresh_operations-shift-lead-production-all-genders_barleben-saxony-anhalt-germany-magdeburg-saxony-anhalt-germany,Operations Shift Lead – Production (all genders),HelloFresh,"Barleben, Saxony-Anhalt, Germany; Magdeburg, Saxony-Anhalt, Germany",direct,other_tech,senior,"not_data_ai_field,not_fresher_ws_thesis,ambiguous_needs_review","{""job_id"": ""sem_hellofresh_operations-shift-lead-production-all-genders_barleben-saxony-anhalt-germany-magdeburg-saxony-anhalt-germany"", ""title"": ""Operations Shift Lead \u2013 Production (all genders)"", ""url"": null, ""job_url"": ""https://careers.hellofresh.com/global/en/job/7748757?gh_jid=7748757"", ""audience_reject_reasons"": [""not_data_ai_field"", ""not_fresher_ws_thesis"", ""ambiguous_needs_review""]}"
2026-09-30T21:23:46.104923+00:00,sem_hellofresh_people-technology-senior-integrations-specialist-all-genders_warszawa-masovian-voivodeship-poland,People Technology Senior Integrations Specialist (All Genders),HelloFresh,"Warszawa, Masovian Voivodeship, Poland",direct,other_tech,senior,"not_data_ai_field,not_fresher_ws_thesis,ambiguous_needs_review","{""job_id"": ""sem_hellofresh_people-technology-senior-integrations-specialist-all-genders_warszawa-masovian-voivodeship-poland"", ""title"": ""People Technology Senior Integrations Specialist (All Genders)"", ""url"": null, ""job_url"": ""https://careers.hellofresh.com/global/en/job/8105183?gh_jid=8105183"", ""audience_reject_reasons"": [""not_data_ai_field"", ""not_fresher_ws_thesis"", ""ambiguous_needs_review""]}"
2026-09-30T21:23:46.104923+00:00,sem_hellofresh_production-shift-manager-all-genders_barleben-saxony-anhalt-germany-magdeburg-saxony-anhalt-germany,Production Shift Manager (all genders),HelloFresh,"Barleben, Saxony-Anhalt, Germany; Magdeburg, Saxony-Anhalt, Germany",direct,other_tech,mid,"not_data_ai_field,not_fresher_ws_thesis,ambiguous_needs_review","{""job_id"": ""sem_hellofresh_production-shift-manager-all-genders_barleben-saxony-anhalt-germany-magdeburg-saxony-anhalt-germany"", ""title"": ""Production Shift Manager (all genders)"", ""url"": null, ""job_url"": ""https://careers.hellofresh.com/global/en/job/7748754?gh_jid=7748754"", ""audience_reject_reasons"": [""not_data_ai_field"", ""not_fresher_ws_thesis"", ""ambiguous_needs_review""]}"
2026-09-30T21:23:46.104923+00:00,sem_hellofresh_production-shift-supervisor-all-genders_barleben-saxony-anhalt-germany-magdeburg-saxony-anhalt-germany,Production Shift Supervisor (all genders),HelloFresh,"Barleben, Saxony-Anhalt, Germany; Magdeburg, Saxony-Anhalt, Germany",direct,other_tech,mid,"not_data_ai_field,not_fresher_ws_thesis,ambiguous_needs_review","{""job_id"": ""sem_hellofresh_production-shift-supervisor-all-genders_barleben-saxony-anhalt-germany-magdeburg-saxony-anhalt-germany"", ""title"": ""Production Shift Supervisor (all genders)"", ""url"": null, ""job_url"": ""https://careers.hellofresh.com/global/en/job/7748755?gh_jid=7748755"", ""audience_reject_reasons"": [""not_data_ai_field"", ""not_fresher_ws_thesis"", ""ambiguous_needs_review""]}"
2026-09-30T21:23:46.104923+00:00,sem_hellofresh_schichtleitung-produktion-all-genders_barleben-saxony-anhalt-germany-magdeburg-saxony-anhalt-germany,Schichtleitung Produktion (all genders),HelloFresh,"Barleben, Saxony-Anhalt, Germany; Magdeburg, Saxony-Anhalt, Germany",direct,other_tech,mid,"not_data_ai_field,not_fresher_ws_thesis,ambiguous_needs_review","{""job_id"": ""sem_hellofresh_schichtleitung-produktion-all-genders_barleben-saxony-anhalt-germany-magdeburg-saxony-anhalt-germany"", ""title"": ""Schichtleitung Produktion (all genders)"", ""url"": null, ""job_url"": ""https://careers.hellofresh.com/global/en/job/7748760?gh_jid=7748760"", ""audience_reject_reasons"": [""not_data_ai_field"", ""not_fresher_ws_thesis"", ""ambiguous_needs_review""]}"
2026-09-30T21:23:46.104923+00:00,sem_hellofresh_senior-ux-designer-consumer-all-genders_warszawa-masovian-voivodeship-poland,"Senior UX Designer, Consumer (all genders)",HelloFresh,"Warszawa, Masovian Voivodeship, Poland",direct,other_tech,senior,"not_data_ai_field,not_fresher_ws_thesis,ambiguous_needs_review","{""job_id"": ""sem_hellofresh_senior-ux-designer-consumer-all-genders_warszawa-masovian-voivodeship-poland"", ""title"": ""Senior UX Designer, Consumer (all genders)"", ""url"": null, ""job_url"": ""https://careers.hellofresh.com/global/en/job/8028091?gh_jid=8028091"", ""audience_reject_reasons"": [""not_data_ai_field"", ""not_fresher_ws_thesis"", ""ambiguous_needs_review""]}"
2026-09-30T21:23:46.104923+00:00,sem_hellofresh_senior-ux-product-designer-engagement_warszawa-masovian-voivodeship-poland,"Senior UX Product Designer, Engagement",HelloFresh,"Warszawa, Masovian Voivodeship, Poland",direct,other_tech,senior,"not_data_ai_field,not_fresher_ws_thesis,ambiguous_needs_review","{""job_id"": ""sem_hellofresh_senior-ux-product-designer-engagement_warszawa-masovian-voivodeship-poland"", ""title"": ""Senior UX Product Designer, Engagement"", ""url"": null, ""job_url"": ""https://careers.hellofresh.com/global/en/job/8167272?gh_jid=8167272"", ""audience_reject_reasons"": [""not_data_ai_field"", ""not_fresher_ws_thesis"", ""ambiguous_needs_review""]}"
2026-09-30T21:23:46.104923+00:00,sem_hellofresh_senior-ux-product-designer_warszawa-masovian-voivodeship-poland,Senior UX Product Designer,HelloFresh,"Warszawa, Masovian Voivodeship, Poland",direct,other_tech,senior,"not_data_ai_field,not_fresher_ws_thesis,ambiguous_needs_review","{""job_id"": ""sem_hellofresh_senior-ux-product-designer_warszawa-masovian-voivodeship-poland"", ""title"": ""Senior UX Product Designer"", ""url"": null, ""job_url"": ""https://careers.hellofresh.com/global/en/job/8147119?gh_jid=8147119"", ""audience_reject_reasons"": [""not_data_ai_field"", ""not_fresher_ws_thesis"", ""ambiguous_needs_review""]}"
2026-09-30T21:23:46.104923+00:00,sem_hellofresh_site-qa-qc-specialist-f-m-x_bleiswijk-south-holland-netherlands,Site QA/QC Specialist (f/m/x),HelloFresh,"Bleiswijk, South Holland, Netherlands",direct,other_tech,mid,"not_data_ai_field,not_fresher_ws_thesis,ambiguous_needs_review","{""job_id"": ""sem_hellofresh_site-qa-qc-specialist-f-m-x_bleiswijk-south-holland-netherlands"", ""title"": ""Site QA/QC Specialist (f/m/x)"", ""url"": null, ""job_url"": ""https://careers.hellofresh.com/global/en/job/8020924?gh_jid=8020924"", ""audience_reject_reasons"": [""not_data_ai_field"", ""not_fresher_ws_thesis"", ""ambiguous_needs_review""]}"
2026-09-30T21:23:46.104923+00:00,sem_holidu_accountant_munich,(Junior) Accountant (m/w/d),Holidu,Munich,arbeitnow,sap_erp,junior,"not_data_ai_field,ambiguous_needs_review","{""job_id"": ""sem_holidu_accountant_munich"", ""title"": ""(Junior) Accountant (m/w/d)"", ""url"": null, ""job_url"": ""https://www.arbeitnow.com/jobs/companies/holidu/junior-accountant-munich-182827"", ""audience_reject_reasons"": [""not_data_ai_field"", ""ambiguous_needs_review""]}"
2026-09-30T21:23:46.104923+00:00,sem_ideals_account-executive-business-development-associate-london_london-united-kingdom,Account Executive / Business Development Associate (London),Ideals,"London, United Kingdom",arbeitnow,other_tech,mid,"not_eu,not_data_ai_field,not_fresher_ws_thesis,ambiguous_needs_review","{""job_id"": ""sem_ideals_account-executive-business-development-associate-london_london-united-kingdom"", ""title"": ""Account Executive / Business Development Associate (London)"", ""url"": null, ""job_url"": ""https://www.arbeitnow.co.uk/jobs/companies/ideals/account-executive-business-development-associate-london-london-united-kingdom-275916"", ""audience_reject_reasons"": [""not_eu"", ""not_data_ai_field"", ""not_fresher_ws_thesis"", ""ambiguous_needs_review""]}"
2026-09-30T21:23:46.104923+00:00,sem_ideals_enterprise-account-executive-zurich_zurich-switzerland,Enterprise Account Executive - Zurich,Ideals,"Zurich, Switzerland",arbeitnow,other_tech,mid,"not_eu,not_data_ai_field,not_fresher_ws_thesis,ambiguous_needs_review","{""job_id"": ""sem_ideals_enterprise-account-executive-zurich_zurich-switzerland"", ""title"": ""Enterprise Account Executive - Zurich"", ""url"": null, ""job_url"": ""https://www.arbeitnow.ch/jobs/companies/ideals/enterprise-account-executive-zurich-413496"", ""audience_reject_reasons"": [""not_eu"", ""not_data_ai_field"", ""not_fresher_ws_thesis"", ""ambiguous_needs_review""]}"
2026-09-30T21:23:46.104923+00:00,sem_jobgate_mitarbeiter-baustellenlogistik-allrounder-a_ch-ch052,Mitarbeiter Baustellenlogistik / Allrounder (a),jobgate ag,CH (CH052),eures,other_tech,mid,"not_eu,not_data_ai_field,not_fresher_ws_thesis,ambiguous_needs_review","{""job_id"": ""sem_jobgate_mitarbeiter-baustellenlogistik-allrounder-a_ch-ch052"", ""title"": ""Mitarbeiter Baustellenlogistik / Allrounder (a)"", ""url"": null, ""job_url"": ""https://europa.eu/eures/portal/jv-se/jv-details/MjVkNzJkN2MtMTQxNC00Y2YxLTg2MTAtZTA3NTVjMDAzZWEyIDYx?jvDisplayLanguage=en&lang=en"", ""audience_reject_reasons"": [""not_eu"", ""not_data_ai_field"", ""not_fresher_ws_thesis"", ""ambiguous_needs_review""]}"
2026-09-30T21:23:46.104923+00:00,sem_jobgether_people-hunter-talent-acquisition-assistant_switzerland,[People] Hunter / Talent Acquisition Assistant,Jobgether,Switzerland,arbeitnow,other_tech,mid,"not_eu,not_data_ai_field,not_fresher_ws_thesis,ambiguous_needs_review","{""job_id"": ""sem_jobgether_people-hunter-talent-acquisition-assistant_switzerland"", ""title"": ""[People] Hunter / Talent Acquisition Assistant"", ""url"": null, ""job_url"": ""https://www.arbeitnow.ch/jobs/companies/jobgether/people-hunter-talent-acquisition-assistant-switzerland-273927"", ""audience_reject_reasons"": [""not_eu"", ""not_data_ai_field"", ""not_fresher_ws_thesis"", ""ambiguous_needs_review""]}"
2026-09-30T21:23:46.104923+00:00,sem_jobgether_people-hunter-talent-acquisition-assistant_uk,[People] Hunter / Talent Acquisition Assistant,Jobgether,UK,arbeitnow,other_tech,mid,"not_eu,not_data_ai_field,not_fresher_ws_thesis,ambiguous_needs_review","{""job_id"": ""sem_jobgether_people-hunter-talent-acquisition-assistant_uk"", ""title"": ""[People] Hunter / Talent Acquisition Assistant"", ""url"": null, ""job_url"": ""https://www.arbeitnow.co.uk/jobs/companies/jobgether/people-hunter-talent-acquisition-assistant-uk-444472"", ""audience_reject_reasons"": [""not_eu"", ""not_data_ai_field"", ""not_fresher_ws_thesis"", ""ambiguous_needs_review""]}"
2026-09-30T21:23:46.104923+00:00,sem_konfetti_business-development-manager-m-w-x-in-berlin_berlin,Business Development Manager (m/w/x) in Berlin,Konfetti GmbH,Berlin,arbeitnow,other_tech,mid,"not_data_ai_field,not_fresher_ws_thesis,ambiguous_needs_review","{""job_id"": ""sem_konfetti_business-development-manager-m-w-x-in-berlin_berlin"", ""title"": ""Business Development Manager (m/w/x) in Berlin"", ""url"": null, ""job_url"": ""https://www.arbeitnow.com/jobs/companies/konfetti-gmbh/business-development-manager-in-berlin-13434"", ""audience_reject_reasons"": [""not_data_ai_field"", ""not_fresher_ws_thesis"", ""ambiguous_needs_review""]}"
2026-09-30T21:23:46.104923+00:00,sem_lga-it_system-administrator_be-be235,System Administrator,LGA IT,BE (BE235),eures,other_tech,mid,"not_data_ai_field,not_fresher_ws_thesis,ambiguous_needs_review","{""job_id"": ""sem_lga-it_system-administrator_be-be235"", ""title"": ""System Administrator"", ""url"": null, ""job_url"": ""https://europa.eu/eures/portal/jv-se/jv-details/MzA0OGJmZTYtNmY2OC00ZDM4LWFlNDMtNGMyMGZkZGNlNjQ4IDM?jvDisplayLanguage=nl&lang=nl"", ""audience_reject_reasons"": [""not_data_ai_field"", ""not_fresher_ws_thesis"", ""ambiguous_needs_review""]}"
2026-09-30T21:23:46.104923+00:00,sem_lovable_mid-market-account-executive-london_london,"Mid-Market Account Executive, London",Lovable,London,direct,software_engineering,senior,"not_eu,not_data_ai_field,not_fresher_ws_thesis,ambiguous_needs_review","{""job_id"": ""sem_lovable_mid-market-account-executive-london_london"", ""title"": ""Mid-Market Account Executive, London"", ""url"": null, ""job_url"": ""https://jobs.ashbyhq.com/lovable/129316bb-b02c-4177-8d8a-5184e3de6070"", ""audience_reject_reasons"": [""not_eu"", ""not_data_ai_field"", ""not_fresher_ws_thesis"", ""ambiguous_needs_review""]}"
2026-09-30T21:23:46.104923+00:00,sem_lovable_mid-market-account-executive-nordics_stockholm,"Mid-Market Account Executive, Nordics",Lovable,Stockholm,direct,software_engineering,senior,"not_data_ai_field,not_fresher_ws_thesis,ambiguous_needs_review","{""job_id"": ""sem_lovable_mid-market-account-executive-nordics_stockholm"", ""title"": ""Mid-Market Account Executive, Nordics"", ""url"": null, ""job_url"": ""https://jobs.ashbyhq.com/lovable/379953a7-bd23-44cc-a64e-5901cf9b4eaa"", ""audience_reject_reasons"": [""not_data_ai_field"", ""not_fresher_ws_thesis"", ""ambiguous_needs_review""]}"
2026-09-30T21:23:46.104923+00:00,sem_lovable_payroll-lead_stockholm,Payroll Lead,Lovable,Stockholm,direct,other_tech,senior,"not_data_ai_field,not_fresher_ws_thesis,ambiguous_needs_review","{""job_id"": ""sem_lovable_payroll-lead_stockholm"", ""title"": ""Payroll Lead"", ""url"": null, ""job_url"": ""https://jobs.ashbyhq.com/lovable/8fa6170d-847d-4059-b49a-a27a941ee9bc"", ""audience_reject_reasons"": [""not_data_ai_field"", ""not_fresher_ws_thesis"", ""ambiguous_needs_review""]}"
2026-09-30T21:23:46.104923+00:00,sem_lovable_product-designer_stockholm,Product Designer,Lovable,Stockholm,direct,other_tech,senior,"not_data_ai_field,not_fresher_ws_thesis,ambiguous_needs_review","{""job_id"": ""sem_lovable_product-designer_stockholm"", ""title"": ""Product Designer"", ""url"": null, ""job_url"": ""https://jobs.ashbyhq.com/lovable/cf78be5e-41ca-478a-b480-0d0839c24543"", ""audience_reject_reasons"": [""not_data_ai_field"", ""not_fresher_ws_thesis"", ""ambiguous_needs_review""]}"
2026-09-30T21:23:46.104923+00:00,sem_lovable_product-experience-specialist-part-time_stockholm,Product Experience Specialist (Part Time),Lovable,Stockholm,direct,other_tech,mid,"not_data_ai_field,not_fresher_ws_thesis,ambiguous_needs_review","{""job_id"": ""sem_lovable_product-experience-specialist-part-time_stockholm"", ""title"": ""Product Experience Specialist (Part Time)"", ""url"": null, ""job_url"": ""https://jobs.ashbyhq.com/lovable/70a219dc-435d-435e-bc82-d38531b0513c"", ""audience_reject_reasons"": [""not_data_ai_field"", ""not_fresher_ws_thesis"", ""ambiguous_needs_review""]}"
2026-09-30T21:23:46.104923+00:00,sem_lovable_product-partnership-manager_stockholm,Product Partnership Manager,Lovable,Stockholm,direct,embedded_systems,mid,"not_data_ai_field,not_fresher_ws_thesis,ambiguous_needs_review","{""job_id"": ""sem_lovable_product-partnership-manager_stockholm"", ""title"": ""Product Partnership Manager"", ""url"": null, ""job_url"": ""https://jobs.ashbyhq.com/lovable/e1da289c-569e-4881-9ce7-a1d832071f2e"", ""audience_reject_reasons"": [""not_data_ai_field"", ""not_fresher_ws_thesis"", ""ambiguous_needs_review""]}"
2026-09-30T21:23:46.104923+00:00,sem_lrz_fachinformatikerin-systemintegration_garching-bei-m-nchen,Fachinformatikerin (m/w/d) - Systemintegration,Lrz,Garching bei München,arbeitnow,other_tech,mid,"not_data_ai_field,not_fresher_ws_thesis,ambiguous_needs_review","{""job_id"": ""sem_lrz_fachinformatikerin-systemintegration_garching-bei-m-nchen"", ""title"": ""Fachinformatikerin (m/w/d) - Systemintegration"", ""url"": null, ""job_url"": ""https://www.arbeitnow.com/jobs/companies/lrz/fachinformatikerin-systemintegration-garching-bei-munchen-416982"", ""audience_reject_reasons"": [""not_data_ai_field"", ""not_fresher_ws_thesis"", ""ambiguous_needs_review""]}"
2026-09-30T21:23:46.104923+00:00,sem_meggitt-sa_engineering-manager_ch-ch022,Engineering Manager,MEGGITT SA,CH (CH022),eures,other_tech,mid,"not_eu,not_data_ai_field,not_fresher_ws_thesis,ambiguous_needs_review","{""job_id"": ""sem_meggitt-sa_engineering-manager_ch-ch022"", ""title"": ""Engineering Manager"", ""url"": null, ""job_url"": ""https://europa.eu/eures/portal/jv-se/jv-details/MDRiZjE1NGUtOWRhNi00ZjYxLTg1MDQtYWY2Mzg0NzJiYTU2IDYx?jvDisplayLanguage=en&lang=en"", ""audience_reject_reasons"": [""not_eu"", ""not_data_ai_field"", ""not_fresher_ws_thesis"", ""ambiguous_needs_review""]}"
2026-09-30T21:23:46.104923+00:00,sem_mewssystems_senior-revenue-enablement-specialist_,Senior Revenue Enablement Specialist,mewssystems,,arbeitnow,other_tech,senior,"not_eu,not_data_ai_field,not_fresher_ws_thesis,ambiguous_needs_review","{""job_id"": ""sem_mewssystems_senior-revenue-enablement-specialist_"", ""title"": ""Senior Revenue Enablement Specialist"", ""url"": null, ""job_url"": ""https://www.arbeitnow.co.uk/jobs/companies/mewssystems/senior-revenue-enablement-specialist-415862"", ""audience_reject_reasons"": [""not_eu"", ""not_data_ai_field"", ""not_fresher_ws_thesis"", ""ambiguous_needs_review""]}"
2026-09-30T21:23:46.104923+00:00,sem_michael-page-international-belgium_field-service-technician-solutions-techniques-industrielles_be-be100,Field Service Technician - Solutions techniques industrielles,MICHAEL PAGE INTERNATIONAL (BELGIUM),BE (BE100),eures,other_tech,mid,"not_data_ai_field,not_fresher_ws_thesis,ambiguous_needs_review","{""job_id"": ""sem_michael-page-international-belgium_field-service-technician-solutions-techniques-industrielles_be-be100"", ""title"": ""Field Service Technician - Solutions techniques industrielles"", ""url"": null, ""job_url"": ""https://europa.eu/eures/portal/jv-se/jv-details/OGZiNGI3NTctMTIyNi00YjMwLThhNzctZjMxNmUwNWM3OGI3IDM?jvDisplayLanguage=nl&lang=nl"", ""audience_reject_reasons"": [""not_data_ai_field"", ""not_fresher_ws_thesis"", ""ambiguous_needs_review""]}"
2026-09-30T21:23:46.104923+00:00,sem_michael-page-international-belgium_onsite-support_be-be231,Onsite Support,MICHAEL PAGE INTERNATIONAL (BELGIUM),BE (BE231),eures,it_support,mid,"not_data_ai_field,not_fresher_ws_thesis,ambiguous_needs_review","{""job_id"": ""sem_michael-page-international-belgium_onsite-support_be-be231"", ""title"": ""Onsite Support"", ""url"": null, ""job_url"": ""https://europa.eu/eures/portal/jv-se/jv-details/NThmNjVhMzgtMjc5ZC00YjNiLTkxMDctZTUxN2FhYjljNDRhIDM?jvDisplayLanguage=nl&lang=nl"", ""audience_reject_reasons"": [""not_data_ai_field"", ""not_fresher_ws_thesis"", ""ambiguous_needs_review""]}"
2026-09-30T21:23:46.104923+00:00,sem_multiverse_customer-value-partner-strategic-accounts_london,"Customer Value Partner, Strategic Accounts",Multiverse,London,arbeitnow,data_engineering,mid,"not_eu,not_fresher_ws_thesis,ambiguous_needs_review","{""job_id"": ""sem_multiverse_customer-value-partner-strategic-accounts_london"", ""title"": ""Customer Value Partner, Strategic Accounts"", ""url"": null, ""job_url"": ""https://www.arbeitnow.co.uk/jobs/companies/multiverse/customer-value-partner-strategic-accounts-london-459959"", ""audience_reject_reasons"": [""not_eu"", ""not_fresher_ws_thesis"", ""ambiguous_needs_review""]}"
2026-09-30T21:23:46.104923+00:00,sem_mynaric_senior-sales-business-development-manager-asia-pacific-m-f-x_m-nchen,"Senior Sales & Business Development Manager, Asia-Pacific (m/f/x)",Mynaric,München,arbeitnow,other_tech,senior,"not_data_ai_field,not_fresher_ws_thesis,ambiguous_needs_review","{""job_id"": ""sem_mynaric_senior-sales-business-development-manager-asia-pacific-m-f-x_m-nchen"", ""title"": ""Senior Sales & Business Development Manager, Asia-Pacific (m/f/x)"", ""url"": null, ""job_url"": ""https://www.arbeitnow.com/jobs/companies/mynaric/senior-sales-business-development-manager-asia-pacific-munchen-265456"", ""audience_reject_reasons"": [""not_data_ai_field"", ""not_fresher_ws_thesis"", ""ambiguous_needs_review""]}"
2026-09-30T21:23:46.104923+00:00,sem_n26_afc-compliance-controls-and-reviews-associate_berlin,AFC Compliance Controls and Reviews - Associate,N26,Berlin,direct,other_tech,mid,"not_data_ai_field,not_fresher_ws_thesis,ambiguous_needs_review","{""job_id"": ""sem_n26_afc-compliance-controls-and-reviews-associate_berlin"", ""title"": ""AFC Compliance Controls and Reviews - Associate"", ""url"": null, ""job_url"": ""https://n26.com/en-eu/careers/positions/8203585?gh_jid=8203585"", ""audience_reject_reasons"": [""not_data_ai_field"", ""not_fresher_ws_thesis"", ""ambiguous_needs_review""]}"
2026-09-30T21:23:46.104923+00:00,sem_n26_afc-compliance-controls-and-reviews-associate_madrid,AFC Compliance Controls and Reviews - Associate,N26,Madrid,direct,other_tech,mid,"not_data_ai_field,not_fresher_ws_thesis,ambiguous_needs_review","{""job_id"": ""sem_n26_afc-compliance-controls-and-reviews-associate_madrid"", ""title"": ""AFC Compliance Controls and Reviews - Associate"", ""url"": null, ""job_url"": ""https://n26.com/en-eu/careers/positions/8213445?gh_jid=8213445"", ""audience_reject_reasons"": [""not_data_ai_field"", ""not_fresher_ws_thesis"", ""ambiguous_needs_review""]}"
2026-09-30T21:23:46.104923+00:00,sem_n26_banking-operations-occ-fr-specialist-part-time_paris,Banking Operations - OCC FR Specialist (Part-time),N26,Paris,direct,other_tech,mid,"not_data_ai_field,not_fresher_ws_thesis,ambiguous_needs_review","{""job_id"": ""sem_n26_banking-operations-occ-fr-specialist-part-time_paris"", ""title"": ""Banking Operations - OCC FR Specialist (Part-time)"", ""url"": null, ""job_url"": ""https://n26.com/en-eu/careers/positions/8141767?gh_jid=8141767"", ""audience_reject_reasons"": [""not_data_ai_field"", ""not_fresher_ws_thesis"", ""ambiguous_needs_review""]}"
2026-09-30T21:23:46.104923+00:00,sem_n26_business-risk-manager-growth_berlin,Business Risk Manager – Growth,N26,Berlin,direct,other_tech,mid,"not_data_ai_field,not_fresher_ws_thesis,ambiguous_needs_review","{""job_id"": ""sem_n26_business-risk-manager-growth_berlin"", ""title"": ""Business Risk Manager \u2013 Growth"", ""url"": null, ""job_url"": ""https://n26.com/en-eu/careers/positions/7981889?gh_jid=7981889"", ""audience_reject_reasons"": [""not_data_ai_field"", ""not_fresher_ws_thesis"", ""ambiguous_needs_review""]}"
2026-09-30T21:23:46.104923+00:00,sem_n26_product-designer-grow-engage_barcelona,Product Designer - Grow & Engage,N26,Barcelona,direct,embedded_systems,mid,"not_data_ai_field,not_fresher_ws_thesis,ambiguous_needs_review","{""job_id"": ""sem_n26_product-designer-grow-engage_barcelona"", ""title"": ""Product Designer - Grow & Engage"", ""url"": null, ""job_url"": ""https://n26.com/en-eu/careers/positions/8211088?gh_jid=8211088"", ""audience_reject_reasons"": [""not_data_ai_field"", ""not_fresher_ws_thesis"", ""ambiguous_needs_review""]}"
2026-09-30T21:23:46.104923+00:00,sem_n26_team-lead-non-financial-risk-and-internal-controls_berlin,Team Lead Non-Financial Risk and Internal Controls,N26,Berlin,direct,other_tech,senior,"not_data_ai_field,not_fresher_ws_thesis,ambiguous_needs_review","{""job_id"": ""sem_n26_team-lead-non-financial-risk-and-internal-controls_berlin"", ""title"": ""Team Lead Non-Financial Risk and Internal Controls"", ""url"": null, ""job_url"": ""https://n26.com/en-eu/careers/positions/7845376?gh_jid=7845376"", ""audience_reject_reasons"": [""not_data_ai_field"", ""not_fresher_ws_thesis"", ""ambiguous_needs_review""]}"
2026-09-30T21:23:46.104923+00:00,sem_neuralconcept_vp-of-engineering_lausanne,VP of Engineering,Neuralconcept,Lausanne,arbeitnow,other_tech,mid,"not_eu,not_data_ai_field,not_fresher_ws_thesis,ambiguous_needs_review","{""job_id"": ""sem_neuralconcept_vp-of-engineering_lausanne"", ""title"": ""VP of Engineering"", ""url"": null, ""job_url"": ""https://www.arbeitnow.ch/jobs/companies/neuralconcept/vp-of-engineering-lausanne-290645"", ""audience_reject_reasons"": [""not_eu"", ""not_data_ai_field"", ""not_fresher_ws_thesis"", ""ambiguous_needs_review""]}"
2026-09-30T21:23:46.104923+00:00,sem_neuverge-tron_penetration-tester-europe_munich-germany,Penetration Tester - Europe (m/f/d),Neuverge Tron,"Munich, Germany",arbeitnow,other_tech,mid,"not_data_ai_field,not_fresher_ws_thesis,ambiguous_needs_review","{""job_id"": ""sem_neuverge-tron_penetration-tester-europe_munich-germany"", ""title"": ""Penetration Tester - Europe (m/f/d)"", ""url"": null, ""job_url"": ""https://www.arbeitnow.com/jobs/companies/neuverge-tron/penetration-tester-europe-munich-211038"", ""audience_reject_reasons"": [""not_data_ai_field"", ""not_fresher_ws_thesis"", ""ambiguous_needs_review""]}"
2026-09-30T21:23:46.104923+00:00,sem_omnora_marketing-manager-ki-automation_frankfurt-am-main,Marketing Manager - KI & Automation (m/w/d),Omnora GmbH,Frankfurt am Main,arbeitnow,other_tech,mid,"not_data_ai_field,not_fresher_ws_thesis,ambiguous_needs_review","{""job_id"": ""sem_omnora_marketing-manager-ki-automation_frankfurt-am-main"", ""title"": ""Marketing Manager - KI & Automation (m/w/d)"", ""url"": null, ""job_url"": ""https://www.arbeitnow.com/jobs/companies/omnora-gmbh/marketing-manager-ki-automation-frankfurt-am-main-4109"", ""audience_reject_reasons"": [""not_data_ai_field"", ""not_fresher_ws_thesis"", ""ambiguous_needs_review""]}"
2026-09-30T21:23:46.104923+00:00,sem_omnora_marketing-manager_frankfurt-am-main,Marketing Manager (m/w/d),Omnora GmbH,Frankfurt am Main,arbeitnow,other_tech,mid,"not_data_ai_field,not_fresher_ws_thesis,ambiguous_needs_review","{""job_id"": ""sem_omnora_marketing-manager_frankfurt-am-main"", ""title"": ""Marketing Manager (m/w/d)"", ""url"": null, ""job_url"": ""https://www.arbeitnow.com/jobs/companies/omnora-gmbh/marketing-manager-frankfurt-am-main-386317"", ""audience_reject_reasons"": [""not_data_ai_field"", ""not_fresher_ws_thesis"", ""ambiguous_needs_review""]}"
2026-09-30T21:23:46.104923+00:00,sem_ontic_senior-director-sales-uk_united-kingdom,"Senior Director, Sales - UK",Ontic,United Kingdom,arbeitnow,other_tech,senior,"not_eu,not_data_ai_field,not_fresher_ws_thesis,ambiguous_needs_review","{""job_id"": ""sem_ontic_senior-director-sales-uk_united-kingdom"", ""title"": ""Senior Director, Sales - UK"", ""url"": null, ""job_url"": ""https://www.arbeitnow.co.uk/jobs/companies/ontic/senior-director-sales-uk-united-kingdom-279971"", ""audience_reject_reasons"": [""not_eu"", ""not_data_ai_field"", ""not_fresher_ws_thesis"", ""ambiguous_needs_review""]}"
2026-09-30T21:23:46.104923+00:00,sem_ottonova_werkstudent-kommunikationsdesign_m-nchen,Werkstudent – Kommunikationsdesign (m/w/d),Ottonova,München,arbeitnow,other_tech,working_student,"not_data_ai_field,ambiguous_needs_review","{""job_id"": ""sem_ottonova_werkstudent-kommunikationsdesign_m-nchen"", ""title"": ""Werkstudent \u2013 Kommunikationsdesign (m/w/d)"", ""url"": null, ""job_url"": ""https://www.arbeitnow.com/jobs/companies/ottonova/werkstudent-kommunikationsdesign-munchen-318924"", ""audience_reject_reasons"": [""not_data_ai_field"", ""ambiguous_needs_review""]}"
2026-09-30T21:23:46.104923+00:00,sem_pivot_account-executive-enterprise-i-paris_paris,Account Executive - Enterprise I Paris,Pivot,Paris,arbeitnow,cybersecurity,mid,"not_data_ai_field,not_fresher_ws_thesis,ambiguous_needs_review","{""job_id"": ""sem_pivot_account-executive-enterprise-i-paris_paris"", ""title"": ""Account Executive - Enterprise I Paris"", ""url"": null, ""job_url"": ""https://www.arbeitnow.fr/jobs/companies/pivot/account-executive-enterprise-i-paris-34551"", ""audience_reject_reasons"": [""not_data_ai_field"", ""not_fresher_ws_thesis"", ""ambiguous_needs_review""]}"
2026-09-30T21:23:46.104923+00:00,sem_plentific_supply-chain-specialist_london-office,Supply Chain Specialist,Plentific,London Office,arbeitnow,other_tech,senior,"not_eu,not_data_ai_field,not_fresher_ws_thesis,ambiguous_needs_review","{""job_id"": ""sem_plentific_supply-chain-specialist_london-office"", ""title"": ""Supply Chain Specialist"", ""url"": null, ""job_url"": ""https://www.arbeitnow.co.uk/jobs/companies/plentific/supply-chain-specialist-london-183485"", ""audience_reject_reasons"": [""not_eu"", ""not_data_ai_field"", ""not_fresher_ws_thesis"", ""ambiguous_needs_review""]}"
2026-09-30T21:23:46.104923+00:00,sem_project-blackbook_customer-marketing-consultant-contract-role_london,Customer & Marketing Consultant - Contract role,Project Blackbook,London,arbeitnow,other_tech,senior,"not_eu,not_data_ai_field,not_fresher_ws_thesis,ambiguous_needs_review","{""job_id"": ""sem_project-blackbook_customer-marketing-consultant-contract-role_london"", ""title"": ""Customer & Marketing Consultant - Contract role"", ""url"": null, ""job_url"": ""https://www.arbeitnow.co.uk/jobs/companies/project-blackbook/customer-marketing-consultant-contract-role-london-208974"", ""audience_reject_reasons"": [""not_eu"", ""not_data_ai_field"", ""not_fresher_ws_thesis"", ""ambiguous_needs_review""]}"
2026-09-30T21:23:46.104923+00:00,sem_randstad-ab_senior-scrummaster_se232,Senior Scrummaster,Randstad AB,SE (SE232),eures,software_engineering,senior,"not_data_ai_field,not_fresher_ws_thesis,ambiguous_needs_review","{""job_id"": ""sem_randstad-ab_senior-scrummaster_se232"", ""title"": ""Senior Scrummaster"", ""url"": null, ""job_url"": ""https://europa.eu/eures/portal/jv-se/jv-details/NjMxMTk1MiAxMjE?jvDisplayLanguage=en&lang=en"", ""audience_reject_reasons"": [""not_data_ai_field"", ""not_fresher_ws_thesis"", ""ambiguous_needs_review""]}"
2026-09-30T21:23:46.104923+00:00,sem_randstad-deutschland_lagerarbeiter-gabelstaplerfahrer-in_de-de721,Lagerarbeiter (m/w/d) (Gabelstaplerfahrer/in),Randstad Deutschland,DE (DE721),eures,other_tech,trainee_graduate,"not_data_ai_field,ambiguous_needs_review","{""job_id"": ""sem_randstad-deutschland_lagerarbeiter-gabelstaplerfahrer-in_de-de721"", ""title"": ""Lagerarbeiter (m/w/d) (Gabelstaplerfahrer/in)"", ""url"": null, ""job_url"": ""https://europa.eu/eures/portal/jv-se/jv-details/MTExMTktNDg2MTE5Nzc4MC1TIDE?jvDisplayLanguage=de&lang=de"", ""audience_reject_reasons"": [""not_data_ai_field"", ""ambiguous_needs_review""]}"
2026-09-30T21:23:46.104923+00:00,sem_realchemistry_director-medical-strategy-medical-affairs_,"Director, Medical Strategy (Medical Affairs)",Realchemistry,,arbeitnow,other_tech,mid,"not_eu,not_data_ai_field,not_fresher_ws_thesis,ambiguous_needs_review","{""job_id"": ""sem_realchemistry_director-medical-strategy-medical-affairs_"", ""title"": ""Director, Medical Strategy (Medical Affairs)"", ""url"": null, ""job_url"": ""https://www.arbeitnow.co.uk/jobs/companies/realchemistry/director-medical-strategy-medical-affairs-31877"", ""audience_reject_reasons"": [""not_eu"", ""not_data_ai_field"", ""not_fresher_ws_thesis"", ""ambiguous_needs_review""]}"
2026-09-30T21:23:46.104923+00:00,sem_realchemistry_senior-account-manager_,Senior Account Manager,Realchemistry,,arbeitnow,other_tech,senior,"not_eu,not_data_ai_field,not_fresher_ws_thesis,ambiguous_needs_review","{""job_id"": ""sem_realchemistry_senior-account-manager_"", ""title"": ""Senior Account Manager"", ""url"": null, ""job_url"": ""https://www.arbeitnow.co.uk/jobs/companies/realchemistry/senior-account-manager-149606"", ""audience_reject_reasons"": [""not_eu"", ""not_data_ai_field"", ""not_fresher_ws_thesis"", ""ambiguous_needs_review""]}"
2026-09-30T21:23:46.104923+00:00,sem_relay_senior-sales-manager_london-on-site,Senior Sales Manager,Relay,London - On-site,arbeitnow,other_tech,senior,"not_eu,not_data_ai_field,not_fresher_ws_thesis,ambiguous_needs_review","{""job_id"": ""sem_relay_senior-sales-manager_london-on-site"", ""title"": ""Senior Sales Manager"", ""url"": null, ""job_url"": ""https://www.arbeitnow.co.uk/jobs/companies/relay/senior-sales-manager-london-381189"", ""audience_reject_reasons"": [""not_eu"", ""not_data_ai_field"", ""not_fresher_ws_thesis"", ""ambiguous_needs_review""]}"
2026-09-30T21:23:46.104923+00:00,sem_salonkee_sales-manager-im-au-endienst-graub-nden_schweiz-graub-nden,Sales Manager im Außendienst (m/w/d) - Graubünden,Salonkee,Schweiz / Graubünden,arbeitnow,other_tech,mid,"not_eu,not_data_ai_field,not_fresher_ws_thesis,ambiguous_needs_review","{""job_id"": ""sem_salonkee_sales-manager-im-au-endienst-graub-nden_schweiz-graub-nden"", ""title"": ""Sales Manager im Au\u00dfendienst (m/w/d) - Graub\u00fcnden"", ""url"": null, ""job_url"": ""https://www.arbeitnow.ch/jobs/companies/salonkee/sales-manager-im-aussendienst-graubunden-7896"", ""audience_reject_reasons"": [""not_eu"", ""not_data_ai_field"", ""not_fresher_ws_thesis"", ""ambiguous_needs_review""]}"
2026-09-30T21:23:46.104923+00:00,sem_salonkee_sales-manager-im-au-endienst-uri_schweiz-uri,Sales Manager im Außendienst (m/w/d) - Uri,Salonkee,Schweiz / Uri,arbeitnow,other_tech,mid,"not_eu,not_data_ai_field,not_fresher_ws_thesis,ambiguous_needs_review","{""job_id"": ""sem_salonkee_sales-manager-im-au-endienst-uri_schweiz-uri"", ""title"": ""Sales Manager im Au\u00dfendienst (m/w/d) - Uri"", ""url"": null, ""job_url"": ""https://www.arbeitnow.ch/jobs/companies/salonkee/sales-manager-im-aussendienst-uri-289534"", ""audience_reject_reasons"": [""not_eu"", ""not_data_ai_field"", ""not_fresher_ws_thesis"", ""ambiguous_needs_review""]}"
2026-09-30T21:23:46.104923+00:00,sem_sauter-building-control-schweiz_verkaufsingenieur-80-100-in-d-bendorf_ch-ch040,Verkaufsingenieur  80%-100% in Dübendorf,Sauter Building Control Schweiz AG,CH (CH040),eures,other_tech,mid,"not_eu,not_data_ai_field,not_fresher_ws_thesis,ambiguous_needs_review","{""job_id"": ""sem_sauter-building-control-schweiz_verkaufsingenieur-80-100-in-d-bendorf_ch-ch040"", ""title"": ""Verkaufsingenieur  80%-100% in D\u00fcbendorf"", ""url"": null, ""job_url"": ""https://europa.eu/eures/portal/jv-se/jv-details/YmEyNjgzNmYtMDk4Ni00ZTk5LTg1YmQtZjk1MjU5ZTU5MzYzIDYx?jvDisplayLanguage=en&lang=en"", ""audience_reject_reasons"": [""not_eu"", ""not_data_ai_field"", ""not_fresher_ws_thesis"", ""ambiguous_needs_review""]}"
2026-09-30T21:23:46.104923+00:00,sem_sd-worx-jobs_supervisor-technisch-onderhoud_be-be236,Supervisor Technisch Onderhoud,SD Worx Jobs,BE (BE236),eures,non_tech,mid,"not_data_ai_field,not_fresher_ws_thesis,ambiguous_needs_review","{""job_id"": ""sem_sd-worx-jobs_supervisor-technisch-onderhoud_be-be236"", ""title"": ""Supervisor Technisch Onderhoud"", ""url"": null, ""job_url"": ""https://europa.eu/eures/portal/jv-se/jv-details/MDlmZDkwMjktYTczMS00MjAyLWJlMjEtYzQ2OTY2NDhlOTc1IDM?jvDisplayLanguage=nl&lang=nl"", ""audience_reject_reasons"": [""not_data_ai_field"", ""not_fresher_ws_thesis"", ""ambiguous_needs_review""]}"
2026-09-30T21:23:46.104923+00:00,sem_secosys-it_netzwerkadministrator_erfurt,Netzwerkadministrator (m/w/d),SECOSYS-IT,Erfurt,arbeitnow,other_tech,mid,"not_data_ai_field,not_fresher_ws_thesis,ambiguous_needs_review","{""job_id"": ""sem_secosys-it_netzwerkadministrator_erfurt"", ""title"": ""Netzwerkadministrator (m/w/d)"", ""url"": null, ""job_url"": ""https://www.arbeitnow.com/jobs/companies/secosys-it/netzwerkadministrator-erfurt-340648"", ""audience_reject_reasons"": [""not_data_ai_field"", ""not_fresher_ws_thesis"", ""ambiguous_needs_review""]}"
2026-09-30T21:23:46.104923+00:00,sem_shipbobinc_senior-business-development-representative_sydney-australia,Senior Business Development Representative,Shipbobinc,"Sydney, Australia",arbeitnow,software_engineering,senior,"not_eu,not_data_ai_field,not_fresher_ws_thesis,ambiguous_needs_review","{""job_id"": ""sem_shipbobinc_senior-business-development-representative_sydney-australia"", ""title"": ""Senior Business Development Representative"", ""url"": null, ""job_url"": ""https://www.arbeitnow.co.uk/jobs/companies/shipbobinc/senior-business-development-representative-sydney-australia-217828"", ""audience_reject_reasons"": [""not_eu"", ""not_data_ai_field"", ""not_fresher_ws_thesis"", ""ambiguous_needs_review""]}"
2026-09-30T21:23:46.104923+00:00,sem_sifflet_general-counsel_france,General Counsel,sifflet,France,arbeitnow,other_tech,mid,"not_data_ai_field,not_fresher_ws_thesis,ambiguous_needs_review","{""job_id"": ""sem_sifflet_general-counsel_france"", ""title"": ""General Counsel"", ""url"": null, ""job_url"": ""https://www.arbeitnow.fr/jobs/companies/sifflet/general-counsel-france-187405"", ""audience_reject_reasons"": [""not_data_ai_field"", ""not_fresher_ws_thesis"", ""ambiguous_needs_review""]}"
2026-09-30T21:23:46.104923+00:00,sem_skalar_steuerassistent-in_m-nchen,Steuerassistent:in (w/m/d),Skalar,München,arbeitnow,software_engineering,mid,"not_data_ai_field,not_fresher_ws_thesis,ambiguous_needs_review","{""job_id"": ""sem_skalar_steuerassistent-in_m-nchen"", ""title"": ""Steuerassistent:in (w/m/d)"", ""url"": null, ""job_url"": ""https://www.arbeitnow.com/jobs/companies/skalar/steuerassistentin-munich-236471"", ""audience_reject_reasons"": [""not_data_ai_field"", ""not_fresher_ws_thesis"", ""ambiguous_needs_review""]}"
2026-09-30T21:23:46.104923+00:00,sem_solum-search-ab_key-account-manager-till-netwest_se232,Key Account Manager till Netwest,Solum Search AB,SE (SE232),eures,other_tech,mid,"not_data_ai_field,not_fresher_ws_thesis,ambiguous_needs_review","{""job_id"": ""sem_solum-search-ab_key-account-manager-till-netwest_se232"", ""title"": ""Key Account Manager till Netwest"", ""url"": null, ""job_url"": ""https://europa.eu/eures/portal/jv-se/jv-details/NjMxNTMwOCAxMjE?jvDisplayLanguage=sv&lang=sv"", ""audience_reject_reasons"": [""not_data_ai_field"", ""not_fresher_ws_thesis"", ""ambiguous_needs_review""]}"
2026-09-30T21:23:46.104923+00:00,sem_stripe_incident-response-manager_ireland-dublin,Incident Response Manager,Stripe,"Ireland, Dublin",direct,software_engineering,senior,"not_data_ai_field,not_fresher_ws_thesis,ambiguous_needs_review","{""job_id"": ""sem_stripe_incident-response-manager_ireland-dublin"", ""title"": ""Incident Response Manager"", ""url"": null, ""job_url"": ""https://stripe.com/jobs/search?gh_jid=8167558"", ""audience_reject_reasons"": [""not_data_ai_field"", ""not_fresher_ws_thesis"", ""ambiguous_needs_review""]}"
2026-09-30T21:23:46.104923+00:00,sem_sumup_account-executive_london-england-united-kingdom,Account Executive,SumUp,"London, England, United Kingdom",direct,other_tech,mid,"not_eu,not_data_ai_field,not_fresher_ws_thesis,ambiguous_needs_review","{""job_id"": ""sem_sumup_account-executive_london-england-united-kingdom"", ""title"": ""Account Executive"", ""url"": null, ""job_url"": ""https://sumup.com/careers/positions/8097315002?gh_jid=8097315002"", ""audience_reject_reasons"": [""not_eu"", ""not_data_ai_field"", ""not_fresher_ws_thesis"", ""ambiguous_needs_review""]}"
2026-09-30T21:23:46.104923+00:00,sem_sumup_business-development-manager-payments-pos_newcastle-upon-tyne-england-united-kingdom,Business Development Manager – Payments & POS,SumUp,"Newcastle upon Tyne, England, United Kingdom",direct,other_tech,mid,"not_eu,not_data_ai_field,not_fresher_ws_thesis,ambiguous_needs_review","{""job_id"": ""sem_sumup_business-development-manager-payments-pos_newcastle-upon-tyne-england-united-kingdom"", ""title"": ""Business Development Manager \u2013 Payments & POS"", ""url"": null, ""job_url"": ""https://sumup.com/careers/positions/7789384002?gh_jid=7789384002"", ""audience_reject_reasons"": [""not_eu"", ""not_data_ai_field"", ""not_fresher_ws_thesis"", ""ambiguous_needs_review""]}"
2026-09-30T21:23:46.104923+00:00,sem_sumup_business-development-team-lead_cologne-germany,Business Development Team Lead (m/w/d),SumUp,"Cologne, Germany",direct,other_tech,senior,"not_data_ai_field,not_fresher_ws_thesis,ambiguous_needs_review","{""job_id"": ""sem_sumup_business-development-team-lead_cologne-germany"", ""title"": ""Business Development Team Lead (m/w/d)"", ""url"": null, ""job_url"": ""https://sumup.com/careers/positions/8615309002?gh_jid=8615309002"", ""audience_reject_reasons"": [""not_data_ai_field"", ""not_fresher_ws_thesis"", ""ambiguous_needs_review""]}"
2026-09-30T21:23:46.104923+00:00,sem_sumup_chief-operating-officer-pcf-42-sumup-limited_dublin-dublin-ireland,Chief Operating Officer (PCF-42) - SumUp Limited,SumUp,"Dublin, Dublin, Ireland",direct,other_tech,mid,"not_data_ai_field,not_fresher_ws_thesis,ambiguous_needs_review","{""job_id"": ""sem_sumup_chief-operating-officer-pcf-42-sumup-limited_dublin-dublin-ireland"", ""title"": ""Chief Operating Officer (PCF-42) - SumUp Limited"", ""url"": null, ""job_url"": ""https://sumup.com/careers/positions/8644924002?gh_jid=8644924002"", ""audience_reject_reasons"": [""not_data_ai_field"", ""not_fresher_ws_thesis"", ""ambiguous_needs_review""]}"
2026-09-30T21:23:46.104923+00:00,sem_sumup_commercial-terrain-ind-pendant-freelance_caen-calvados-france,Commercial Terrain - Indépendant (Freelance),SumUp,"Caen, Calvados, France",direct,other_tech,mid,"not_data_ai_field,not_fresher_ws_thesis,ambiguous_needs_review","{""job_id"": ""sem_sumup_commercial-terrain-ind-pendant-freelance_caen-calvados-france"", ""title"": ""Commercial Terrain - Ind\u00e9pendant (Freelance)"", ""url"": null, ""job_url"": ""https://sumup.com/careers/positions/8210441002?gh_jid=8210441002"", ""audience_reject_reasons"": [""not_data_ai_field"", ""not_fresher_ws_thesis"", ""ambiguous_needs_review""]}"
2026-09-30T21:23:46.104923+00:00,sem_sumup_commercial-terrain-ind-pendant-freelance_cherbourg-en-cotentin-manche-france,Commercial Terrain - Indépendant (Freelance),SumUp,"Cherbourg-en-Cotentin, Manche, France",direct,other_tech,mid,"not_data_ai_field,not_fresher_ws_thesis,ambiguous_needs_review","{""job_id"": ""sem_sumup_commercial-terrain-ind-pendant-freelance_cherbourg-en-cotentin-manche-france"", ""title"": ""Commercial Terrain - Ind\u00e9pendant (Freelance)"", ""url"": null, ""job_url"": ""https://sumup.com/careers/positions/7875352002?gh_jid=7875352002"", ""audience_reject_reasons"": [""not_data_ai_field"", ""not_fresher_ws_thesis"", ""ambiguous_needs_review""]}"
2026-09-30T21:23:46.104923+00:00,sem_sumup_commercial-terrain-ind-pendant-freelance_le-havre-seine-maritime-france,Commercial Terrain - Indépendant (Freelance),SumUp,"Le Havre, Seine-Maritime, France",direct,other_tech,mid,"not_data_ai_field,not_fresher_ws_thesis,ambiguous_needs_review","{""job_id"": ""sem_sumup_commercial-terrain-ind-pendant-freelance_le-havre-seine-maritime-france"", ""title"": ""Commercial Terrain - Ind\u00e9pendant (Freelance)"", ""url"": null, ""job_url"": ""https://sumup.com/careers/positions/8210442002?gh_jid=8210442002"", ""audience_reject_reasons"": [""not_data_ai_field"", ""not_fresher_ws_thesis"", ""ambiguous_needs_review""]}"
2026-09-30T21:23:46.104923+00:00,sem_sumup_consultor-de-vendas_lisbon-portugal,Consultor de Vendas,SumUp,"Lisbon, Portugal",direct,other_tech,mid,"not_data_ai_field,not_fresher_ws_thesis,ambiguous_needs_review","{""job_id"": ""sem_sumup_consultor-de-vendas_lisbon-portugal"", ""title"": ""Consultor de Vendas"", ""url"": null, ""job_url"": ""https://sumup.com/careers/positions/8181753002?gh_jid=8181753002"", ""audience_reject_reasons"": [""not_data_ai_field"", ""not_fresher_ws_thesis"", ""ambiguous_needs_review""]}"
2026-09-30T21:23:46.104923+00:00,sem_sumup_corporate-tax-lead_sofia-bulgaria,Corporate Tax Lead,SumUp,"Sofia, Bulgaria",direct,sap_erp,senior,"not_data_ai_field,not_fresher_ws_thesis,ambiguous_needs_review","{""job_id"": ""sem_sumup_corporate-tax-lead_sofia-bulgaria"", ""title"": ""Corporate Tax Lead"", ""url"": null, ""job_url"": ""https://sumup.com/careers/positions/8624281002?gh_jid=8624281002"", ""audience_reject_reasons"": [""not_data_ai_field"", ""not_fresher_ws_thesis"", ""ambiguous_needs_review""]}"
2026-09-30T21:23:46.104923+00:00,sem_sumup_field-sales-territory-manager-emilia-romagna_emilia-romagna-italy,Field Sales Territory Manager - Emilia-Romagna,SumUp,"Emilia-Romagna, Italy",direct,other_tech,mid,"not_data_ai_field,not_fresher_ws_thesis,ambiguous_needs_review","{""job_id"": ""sem_sumup_field-sales-territory-manager-emilia-romagna_emilia-romagna-italy"", ""title"": ""Field Sales Territory Manager - Emilia-Romagna"", ""url"": null, ""job_url"": ""https://sumup.com/careers/positions/8634749002?gh_jid=8634749002"", ""audience_reject_reasons"": [""not_data_ai_field"", ""not_fresher_ws_thesis"", ""ambiguous_needs_review""]}"
2026-09-30T21:23:46.104923+00:00,sem_sumup_field-sales-territory-manager-liguria_liguria-italy,Field Sales Territory Manager - Liguria,SumUp,"Liguria, Italy",direct,other_tech,mid,"not_data_ai_field,not_fresher_ws_thesis,ambiguous_needs_review","{""job_id"": ""sem_sumup_field-sales-territory-manager-liguria_liguria-italy"", ""title"": ""Field Sales Territory Manager - Liguria"", ""url"": null, ""job_url"": ""https://sumup.com/careers/positions/8706552002?gh_jid=8706552002"", ""audience_reject_reasons"": [""not_data_ai_field"", ""not_fresher_ws_thesis"", ""ambiguous_needs_review""]}"
2026-09-30T21:23:46.104923+00:00,sem_sumup_head-of-regional-field-sales-spain-and-portugal_barcelona-barcelona-spain,Head of Regional Field Sales - Spain and Portugal,SumUp,"Barcelona, Barcelona, Spain",direct,other_tech,senior,"not_data_ai_field,not_fresher_ws_thesis,ambiguous_needs_review","{""job_id"": ""sem_sumup_head-of-regional-field-sales-spain-and-portugal_barcelona-barcelona-spain"", ""title"": ""Head of Regional Field Sales - Spain and Portugal"", ""url"": null, ""job_url"": ""https://sumup.com/careers/positions/8811363002?gh_jid=8811363002"", ""audience_reject_reasons"": [""not_data_ai_field"", ""not_fresher_ws_thesis"", ""ambiguous_needs_review""]}"
2026-09-30T21:23:46.104923+00:00,sem_sumup_junior-complaints-compliance-specialist_sofia-bulgaria,Junior Complaints & Compliance Specialist,SumUp,"Sofia, Bulgaria",direct,other_tech,junior,"not_data_ai_field,ambiguous_needs_review","{""job_id"": ""sem_sumup_junior-complaints-compliance-specialist_sofia-bulgaria"", ""title"": ""Junior Complaints & Compliance Specialist"", ""url"": null, ""job_url"": ""https://sumup.com/careers/positions/8806268002?gh_jid=8806268002"", ""audience_reject_reasons"": [""not_data_ai_field"", ""ambiguous_needs_review""]}"
2026-09-30T21:23:46.104923+00:00,sem_sumup_junior-inbound-sales-representative-nordics_london-england-united-kingdom,Junior Inbound Sales Representative [Nordics],SumUp,"London, England, United Kingdom",direct,other_tech,junior,"not_eu,not_data_ai_field,ambiguous_needs_review","{""job_id"": ""sem_sumup_junior-inbound-sales-representative-nordics_london-england-united-kingdom"", ""title"": ""Junior Inbound Sales Representative [Nordics]"", ""url"": null, ""job_url"": ""https://sumup.com/careers/positions/8713865002?gh_jid=8713865002"", ""audience_reject_reasons"": [""not_eu"", ""not_data_ai_field"", ""ambiguous_needs_review""]}"
2026-09-30T21:23:46.104923+00:00,sem_sumup_junior-sales-development-representative_cologne-germany,Junior Sales Development Representative (m/w/d),SumUp,"Cologne, Germany",direct,other_tech,junior,"not_data_ai_field,ambiguous_needs_review","{""job_id"": ""sem_sumup_junior-sales-development-representative_cologne-germany"", ""title"": ""Junior Sales Development Representative (m/w/d)"", ""url"": null, ""job_url"": ""https://sumup.com/careers/positions/8820269002?gh_jid=8820269002"", ""audience_reject_reasons"": [""not_data_ai_field"", ""ambiguous_needs_review""]}"
2026-09-30T21:23:46.104923+00:00,sem_sumup_kyc-edd-operations-agent-german_sofia-bulgaria,KYC EDD Operations Agent (German),SumUp,"Sofia, Bulgaria",direct,other_tech,mid,"not_data_ai_field,not_fresher_ws_thesis,ambiguous_needs_review","{""job_id"": ""sem_sumup_kyc-edd-operations-agent-german_sofia-bulgaria"", ""title"": ""KYC EDD Operations Agent (German)"", ""url"": null, ""job_url"": ""https://sumup.com/careers/positions/8712769002?gh_jid=8712769002"", ""audience_reject_reasons"": [""not_data_ai_field"", ""not_fresher_ws_thesis"", ""ambiguous_needs_review""]}"
2026-09-30T21:23:46.104923+00:00,sem_sumup_kyc-operations-agent-with-dutch_sofia-bulgaria,KYC Operations Agent with Dutch,SumUp,"Sofia, Bulgaria",direct,qa_testing,mid,"not_data_ai_field,not_fresher_ws_thesis,ambiguous_needs_review","{""job_id"": ""sem_sumup_kyc-operations-agent-with-dutch_sofia-bulgaria"", ""title"": ""KYC Operations Agent with Dutch"", ""url"": null, ""job_url"": ""https://sumup.com/careers/positions/8658514002?gh_jid=8658514002"", ""audience_reject_reasons"": [""not_data_ai_field"", ""not_fresher_ws_thesis"", ""ambiguous_needs_review""]}"
2026-09-30T21:23:46.104923+00:00,sem_sumup_regional-manager-field-sales_copenhagen-denmark,Regional Manager Field Sales,SumUp,"Copenhagen, Denmark",direct,other_tech,mid,"not_data_ai_field,not_fresher_ws_thesis,ambiguous_needs_review","{""job_id"": ""sem_sumup_regional-manager-field-sales_copenhagen-denmark"", ""title"": ""Regional Manager Field Sales"", ""url"": null, ""job_url"": ""https://sumup.com/careers/positions/8622070002?gh_jid=8622070002"", ""audience_reject_reasons"": [""not_data_ai_field"", ""not_fresher_ws_thesis"", ""ambiguous_needs_review""]}"
2026-09-30T21:23:46.104923+00:00,sem_sumup_selbstst-ndiger-vertriebsmitarbeiter-au-endienst-m-w-x_vienna-vienna-austria,Selbstständiger Vertriebsmitarbeiter Außendienst (m/w/x),SumUp,"Vienna, Vienna, Austria",direct,other_tech,mid,"not_data_ai_field,not_fresher_ws_thesis,ambiguous_needs_review","{""job_id"": ""sem_sumup_selbstst-ndiger-vertriebsmitarbeiter-au-endienst-m-w-x_vienna-vienna-austria"", ""title"": ""Selbstst\u00e4ndiger Vertriebsmitarbeiter Au\u00dfendienst (m/w/x)"", ""url"": null, ""job_url"": ""https://sumup.com/careers/positions/8559397002?gh_jid=8559397002"", ""audience_reject_reasons"": [""not_data_ai_field"", ""not_fresher_ws_thesis"", ""ambiguous_needs_review""]}"
2026-09-30T21:23:46.104923+00:00,sem_sumup_senior-commercial-finance-business-partner_berlin-germany,Senior Commercial Finance Business Partner,SumUp,"Berlin, Germany",direct,other_tech,senior,"not_data_ai_field,not_fresher_ws_thesis,ambiguous_needs_review","{""job_id"": ""sem_sumup_senior-commercial-finance-business-partner_berlin-germany"", ""title"": ""Senior Commercial Finance Business Partner"", ""url"": null, ""job_url"": ""https://sumup.com/careers/positions/8745560002?gh_jid=8745560002"", ""audience_reject_reasons"": [""not_data_ai_field"", ""not_fresher_ws_thesis"", ""ambiguous_needs_review""]}"
2026-09-30T21:23:46.104923+00:00,sem_sumup_senior-commercial-finance-business-partner_london-england-united-kingdom,Senior Commercial Finance Business Partner,SumUp,"London, England, United Kingdom",direct,other_tech,senior,"not_eu,not_data_ai_field,not_fresher_ws_thesis,ambiguous_needs_review","{""job_id"": ""sem_sumup_senior-commercial-finance-business-partner_london-england-united-kingdom"", ""title"": ""Senior Commercial Finance Business Partner"", ""url"": null, ""job_url"": ""https://sumup.com/careers/positions/8690955002?gh_jid=8690955002"", ""audience_reject_reasons"": [""not_eu"", ""not_data_ai_field"", ""not_fresher_ws_thesis"", ""ambiguous_needs_review""]}"
2026-09-30T21:23:46.104923+00:00,sem_sumup_senior-internal-auditor_london-england-united-kingdom,Senior Internal Auditor,SumUp,"London, England, United Kingdom",direct,other_tech,senior,"not_eu,not_data_ai_field,not_fresher_ws_thesis,ambiguous_needs_review","{""job_id"": ""sem_sumup_senior-internal-auditor_london-england-united-kingdom"", ""title"": ""Senior Internal Auditor"", ""url"": null, ""job_url"": ""https://sumup.com/careers/positions/8646778002?gh_jid=8646778002"", ""audience_reject_reasons"": [""not_eu"", ""not_data_ai_field"", ""not_fresher_ws_thesis"", ""ambiguous_needs_review""]}"
2026-09-30T21:23:46.104923+00:00,sem_sumup_territory-sales-manager_copenhagen-denmark,Territory Sales Manager,SumUp,"Copenhagen, Denmark",direct,other_tech,mid,"not_data_ai_field,not_fresher_ws_thesis,ambiguous_needs_review","{""job_id"": ""sem_sumup_territory-sales-manager_copenhagen-denmark"", ""title"": ""Territory Sales Manager"", ""url"": null, ""job_url"": ""https://sumup.com/careers/positions/8192637002?gh_jid=8192637002"", ""audience_reject_reasons"": [""not_data_ai_field"", ""not_fresher_ws_thesis"", ""ambiguous_needs_review""]}"
2026-09-30T21:23:46.104923+00:00,sem_sumup_workday-specialist_warsaw-poland,Workday Specialist,SumUp,"Warsaw, Poland",direct,other_tech,mid,"not_data_ai_field,not_fresher_ws_thesis,ambiguous_needs_review","{""job_id"": ""sem_sumup_workday-specialist_warsaw-poland"", ""title"": ""Workday Specialist"", ""url"": null, ""job_url"": ""https://sumup.com/careers/positions/8858309002?gh_jid=8858309002"", ""audience_reject_reasons"": [""not_data_ai_field"", ""not_fresher_ws_thesis"", ""ambiguous_needs_review""]}"
2026-09-30T21:23:46.104923+00:00,sem_superchat_head-of-finance_berlin,Head of Finance (m/f/d),Superchat,Berlin,arbeitnow,other_tech,senior,"not_data_ai_field,not_fresher_ws_thesis,ambiguous_needs_review","{""job_id"": ""sem_superchat_head-of-finance_berlin"", ""title"": ""Head of Finance (m/f/d)"", ""url"": null, ""job_url"": ""https://www.arbeitnow.com/jobs/companies/superchat/head-of-finance-berlin-309813"", ""audience_reject_reasons"": [""not_data_ai_field"", ""not_fresher_ws_thesis"", ""ambiguous_needs_review""]}"
2026-09-30T21:23:46.104923+00:00,sem_tacto_account-manager_munich,(Senior) Account Manager,Tacto,Munich,arbeitnow,other_tech,senior,"not_data_ai_field,not_fresher_ws_thesis,ambiguous_needs_review","{""job_id"": ""sem_tacto_account-manager_munich"", ""title"": ""(Senior) Account Manager"", ""url"": null, ""job_url"": ""https://www.arbeitnow.com/jobs/companies/tacto/senior-account-manager-munich-96914"", ""audience_reject_reasons"": [""not_data_ai_field"", ""not_fresher_ws_thesis"", ""ambiguous_needs_review""]}"
2026-09-30T21:23:46.104923+00:00,sem_tacto_forward-deployed-engineering-team-lead_munich,Forward Deployed Engineering Team Lead,Tacto,Munich,arbeitnow,other_tech,senior,"not_data_ai_field,not_fresher_ws_thesis,ambiguous_needs_review","{""job_id"": ""sem_tacto_forward-deployed-engineering-team-lead_munich"", ""title"": ""Forward Deployed Engineering Team Lead"", ""url"": null, ""job_url"": ""https://www.arbeitnow.com/jobs/companies/tacto/forward-deployed-engineering-team-lead-munich-216208"", ""audience_reject_reasons"": [""not_data_ai_field"", ""not_fresher_ws_thesis"", ""ambiguous_needs_review""]}"
2026-09-30T21:23:46.104923+00:00,sem_teamative_senior-consultant-servicenow-itom-cmdb_de-stuttgart,Senior Consultant ServiceNow ITOM / CMDB,Teamative,DE - Stuttgart,direct,other_tech,senior,"not_data_ai_field,not_fresher_ws_thesis,ambiguous_needs_review","{""job_id"": ""sem_teamative_senior-consultant-servicenow-itom-cmdb_de-stuttgart"", ""title"": ""Senior Consultant ServiceNow ITOM / CMDB"", ""url"": null, ""job_url"": ""https://teamative.jobs.personio.de/job/2553655"", ""audience_reject_reasons"": [""not_data_ai_field"", ""not_fresher_ws_thesis"", ""ambiguous_needs_review""]}"
2026-09-30T21:23:46.104923+00:00,sem_tektraco_quality-engineering-support_mt-mt001,QUALITY & ENGINEERING SUPPORT,TEKTRACO LTD.,MT (MT001),eures,other_tech,mid,"not_data_ai_field,not_fresher_ws_thesis,ambiguous_needs_review","{""job_id"": ""sem_tektraco_quality-engineering-support_mt-mt001"", ""title"": ""QUALITY & ENGINEERING SUPPORT"", ""url"": null, ""job_url"": ""https://europa.eu/eures/portal/jv-se/jv-details/NDU0Nzg4IDEwMQ?jvDisplayLanguage=en&lang=en"", ""audience_reject_reasons"": [""not_data_ai_field"", ""not_fresher_ws_thesis"", ""ambiguous_needs_review""]}"
2026-09-30T21:23:46.104923+00:00,sem_teton_strategic-account-manager-uk_united-kingdom,Strategic Account Manager UK,Teton,United Kingdom,arbeitnow,other_tech,mid,"not_eu,not_data_ai_field,not_fresher_ws_thesis,ambiguous_needs_review","{""job_id"": ""sem_teton_strategic-account-manager-uk_united-kingdom"", ""title"": ""Strategic Account Manager UK"", ""url"": null, ""job_url"": ""https://www.arbeitnow.co.uk/jobs/companies/teton/strategic-account-manager-uk-united-kingdom-442747"", ""audience_reject_reasons"": [""not_eu"", ""not_data_ai_field"", ""not_fresher_ws_thesis"", ""ambiguous_needs_review""]}"
2026-09-30T21:23:46.104923+00:00,sem_thehutgroup_senior-ecommerce-executive-12m-ftc-lookfantastic_manchester,Senior Ecommerce Executive 12M Ftc | Lookfantastic,Thehutgroup,Manchester,arbeitnow,software_engineering,senior,"not_eu,not_data_ai_field,not_fresher_ws_thesis,ambiguous_needs_review","{""job_id"": ""sem_thehutgroup_senior-ecommerce-executive-12m-ftc-lookfantastic_manchester"", ""title"": ""Senior Ecommerce Executive 12M Ftc | Lookfantastic"", ""url"": null, ""job_url"": ""https://www.arbeitnow.co.uk/jobs/companies/thehutgroup/senior-ecommerce-executive-12m-ftc-lookfantastic-manchester-347112"", ""audience_reject_reasons"": [""not_eu"", ""not_data_ai_field"", ""not_fresher_ws_thesis"", ""ambiguous_needs_review""]}"
2026-09-30T21:23:46.104923+00:00,sem_thoughtworks_europe-senior-financial-accountant-fixed-term-contract_london,Europe Senior Financial Accountant - Fixed Term Contract,thoughtworks,London,arbeitnow,other_tech,senior,"not_eu,not_data_ai_field,not_fresher_ws_thesis,ambiguous_needs_review","{""job_id"": ""sem_thoughtworks_europe-senior-financial-accountant-fixed-term-contract_london"", ""title"": ""Europe Senior Financial Accountant - Fixed Term Contract"", ""url"": null, ""job_url"": ""https://www.arbeitnow.co.uk/jobs/companies/thoughtworks/europe-senior-financial-accountant-fixed-term-contract-london-210960"", ""audience_reject_reasons"": [""not_eu"", ""not_data_ai_field"", ""not_fresher_ws_thesis"", ""ambiguous_needs_review""]}"
2026-09-30T21:23:46.104923+00:00,sem_thoughtworks_senior-financial-accountant-fixed-term-contract_manchester,Senior Financial Accountant - Fixed Term Contract,thoughtworks,Manchester,arbeitnow,other_tech,senior,"not_eu,not_data_ai_field,not_fresher_ws_thesis,ambiguous_needs_review","{""job_id"": ""sem_thoughtworks_senior-financial-accountant-fixed-term-contract_manchester"", ""title"": ""Senior Financial Accountant - Fixed Term Contract"", ""url"": null, ""job_url"": ""https://www.arbeitnow.co.uk/jobs/companies/thoughtworks/senior-financial-accountant-fixed-term-contract-manchester-230407"", ""audience_reject_reasons"": [""not_eu"", ""not_data_ai_field"", ""not_fresher_ws_thesis"", ""ambiguous_needs_review""]}"
2026-09-30T21:23:46.104923+00:00,sem_thoughtworks_senior-financial-accountant-fixed-term-contract_newcastle,Senior Financial Accountant - Fixed Term Contract,thoughtworks,Newcastle,arbeitnow,other_tech,senior,"not_eu,not_data_ai_field,not_fresher_ws_thesis,ambiguous_needs_review","{""job_id"": ""sem_thoughtworks_senior-financial-accountant-fixed-term-contract_newcastle"", ""title"": ""Senior Financial Accountant - Fixed Term Contract"", ""url"": null, ""job_url"": ""https://www.arbeitnow.co.uk/jobs/companies/thoughtworks/senior-financial-accountant-fixed-term-contract-newcastle-407099"", ""audience_reject_reasons"": [""not_eu"", ""not_data_ai_field"", ""not_fresher_ws_thesis"", ""ambiguous_needs_review""]}"
2026-09-30T21:23:46.104923+00:00,sem_uplane_ai-native-landing-page-designer_remote,AI-Native Landing Page Designer,Uplane,remote,arbeitnow,other_tech,mid,"not_eu,not_data_ai_field,not_fresher_ws_thesis,ambiguous_needs_review","{""job_id"": ""sem_uplane_ai-native-landing-page-designer_remote"", ""title"": ""AI-Native Landing Page Designer"", ""url"": null, ""job_url"": ""https://www.arbeitnow.ch/jobs/companies/uplane/remote-ai-native-landing-page-designer-99931"", ""audience_reject_reasons"": [""not_eu"", ""not_data_ai_field"", ""not_fresher_ws_thesis"", ""ambiguous_needs_review""]}"
2026-09-30T21:23:46.104923+00:00,sem_uplane_ai-native-static-ad-designer_remote,AI-Native Static Ad Designer,Uplane,remote,arbeitnow,other_tech,mid,"not_eu,not_data_ai_field,not_fresher_ws_thesis,ambiguous_needs_review","{""job_id"": ""sem_uplane_ai-native-static-ad-designer_remote"", ""title"": ""AI-Native Static Ad Designer"", ""url"": null, ""job_url"": ""https://www.arbeitnow.ch/jobs/companies/uplane/remote-ai-native-static-ad-designer-209081"", ""audience_reject_reasons"": [""not_eu"", ""not_data_ai_field"", ""not_fresher_ws_thesis"", ""ambiguous_needs_review""]}"
2026-09-30T21:23:46.104923+00:00,sem_uplane_ai-native-video-producer_remote,AI-Native Video Producer,Uplane,remote,arbeitnow,other_tech,mid,"not_eu,not_data_ai_field,not_fresher_ws_thesis,ambiguous_needs_review","{""job_id"": ""sem_uplane_ai-native-video-producer_remote"", ""title"": ""AI-Native Video Producer"", ""url"": null, ""job_url"": ""https://www.arbeitnow.co.uk/jobs/companies/uplane/remote-ai-native-video-producer-290937"", ""audience_reject_reasons"": [""not_eu"", ""not_data_ai_field"", ""not_fresher_ws_thesis"", ""ambiguous_needs_review""]}"
2026-09-30T21:23:46.104923+00:00,sem_vanguard-services-malta-limited_social-media-manager-gozo_mt-mt001,SOCIAL MEDIA MANAGER (GOZO),VANGUARD SERVICES MALTA LIMITED,MT (MT001),eures,other_tech,mid,"not_data_ai_field,not_fresher_ws_thesis,ambiguous_needs_review","{""job_id"": ""sem_vanguard-services-malta-limited_social-media-manager-gozo_mt-mt001"", ""title"": ""SOCIAL MEDIA MANAGER (GOZO)"", ""url"": null, ""job_url"": ""https://europa.eu/eures/portal/jv-se/jv-details/NDU1MzcxIDEwMQ?jvDisplayLanguage=en&lang=en"", ""audience_reject_reasons"": [""not_data_ai_field"", ""not_fresher_ws_thesis"", ""ambiguous_needs_review""]}"
2026-09-30T21:23:46.104923+00:00,sem_vanta_director-of-enterprise-sales-emea_london-uk,"Director of Enterprise Sales, EMEA",Vanta,"London, UK",arbeitnow,cybersecurity,mid,"not_eu,not_data_ai_field,not_fresher_ws_thesis,ambiguous_needs_review","{""job_id"": ""sem_vanta_director-of-enterprise-sales-emea_london-uk"", ""title"": ""Director of Enterprise Sales, EMEA"", ""url"": null, ""job_url"": ""https://www.arbeitnow.co.uk/jobs/companies/vanta/director-of-enterprise-sales-emea-london-24829"", ""audience_reject_reasons"": [""not_eu"", ""not_data_ai_field"", ""not_fresher_ws_thesis"", ""ambiguous_needs_review""]}"
2026-09-30T21:23:46.104923+00:00,sem_versatech-engineering_junior-project-manager_mt-mt001,JUNIOR PROJECT MANAGER,VERSATECH ENGINEERING LTD,MT (MT001),eures,other_tech,junior,"not_data_ai_field,ambiguous_needs_review","{""job_id"": ""sem_versatech-engineering_junior-project-manager_mt-mt001"", ""title"": ""JUNIOR PROJECT MANAGER"", ""url"": null, ""job_url"": ""https://europa.eu/eures/portal/jv-se/jv-details/NDU1Nzk1IDEwMQ?jvDisplayLanguage=en&lang=en"", ""audience_reject_reasons"": [""not_data_ai_field"", ""ambiguous_needs_review""]}"
2026-09-30T21:23:46.104923+00:00,sem_vision-rt_post-market-surveillance-complaints-specialist_north-london-or-basingstoke,Post-Market Surveillance (Complaints) Specialist,Vision RT Ltd.,North London or  Basingstoke,arbeitnow,other_tech,mid,"not_eu,not_data_ai_field,not_fresher_ws_thesis,ambiguous_needs_review","{""job_id"": ""sem_vision-rt_post-market-surveillance-complaints-specialist_north-london-or-basingstoke"", ""title"": ""Post-Market Surveillance (Complaints) Specialist"", ""url"": null, ""job_url"": ""https://www.arbeitnow.co.uk/jobs/companies/vision-rt-ltd/post-market-surveillance-complaints-specialist-north-london-or-basingstoke-107101"", ""audience_reject_reasons"": [""not_eu"", ""not_data_ai_field"", ""not_fresher_ws_thesis"", ""ambiguous_needs_review""]}"
2026-09-30T21:23:46.104923+00:00,sem_vivaldis_quality-co-rdinator-beheer-proces-en-kwaliteitsbeleid-min-ma_be-be213,"Quality Coördinator, beheer proces en kwaliteitsbeleid min. MA",VIVALDIS,BE (BE213),eures,business_intelligence,mid,"not_fresher_ws_thesis,ambiguous_needs_review","{""job_id"": ""sem_vivaldis_quality-co-rdinator-beheer-proces-en-kwaliteitsbeleid-min-ma_be-be213"", ""title"": ""Quality Co\u00f6rdinator, beheer proces en kwaliteitsbeleid min. MA"", ""url"": null, ""job_url"": ""https://europa.eu/eures/portal/jv-se/jv-details/NzcyMzI5NGItYzFkOS00YzQxLThhYTktZWIyMmZjMjg3YWJiIDM?jvDisplayLanguage=nl&lang=nl"", ""audience_reject_reasons"": [""not_fresher_ws_thesis"", ""ambiguous_needs_review""]}"
2026-09-30T21:23:46.104923+00:00,sem_vo2-group_vo2-finance-d-veloppeur-c-confirm-trading-lectronique-front-office-cib_paris-france,[VO2 Finance] - Développeur C# Confirmé – Trading Électronique / Front-Office CIB,VO2 Group,"Paris, France",arbeitnow,other_tech,mid,"not_data_ai_field,not_fresher_ws_thesis,ambiguous_needs_review","{""job_id"": ""sem_vo2-group_vo2-finance-d-veloppeur-c-confirm-trading-lectronique-front-office-cib_paris-france"", ""title"": ""[VO2 Finance] - D\u00e9veloppeur C# Confirm\u00e9 \u2013 Trading \u00c9lectronique / Front-Office CIB"", ""url"": null, ""job_url"": ""https://www.arbeitnow.fr/jobs/companies/vo2-group/vo2-finance-developpeur-c-confirme-trading-electronique-front-office-cib-paris-france-430395"", ""audience_reject_reasons"": [""not_data_ai_field"", ""not_fresher_ws_thesis"", ""ambiguous_needs_review""]}"
2026-09-30T21:23:46.104923+00:00,sem_vo2-group_vo2-finance-d-veloppeur-c-junior-trading-lectronique-front-office-cib_paris-france,[VO2 Finance] - Développeur C# Junior – Trading Électronique / Front-Office CIB,VO2 Group,"Paris, France",arbeitnow,other_tech,junior,"not_data_ai_field,ambiguous_needs_review","{""job_id"": ""sem_vo2-group_vo2-finance-d-veloppeur-c-junior-trading-lectronique-front-office-cib_paris-france"", ""title"": ""[VO2 Finance] - D\u00e9veloppeur C# Junior \u2013 Trading \u00c9lectronique / Front-Office CIB"", ""url"": null, ""job_url"": ""https://www.arbeitnow.fr/jobs/companies/vo2-group/vo2-finance-developpeur-c-junior-trading-electronique-front-office-cib-paris-france-381923"", ""audience_reject_reasons"": [""not_data_ai_field"", ""ambiguous_needs_review""]}"
2026-09-30T21:23:46.104923+00:00,sem_voodoo_freelance-3d-artist-puzzle-studio_paris,Freelance 3D Artist - Puzzle Studio,Voodoo,Paris,arbeitnow,other_tech,mid,"not_data_ai_field,not_fresher_ws_thesis,ambiguous_needs_review","{""job_id"": ""sem_voodoo_freelance-3d-artist-puzzle-studio_paris"", ""title"": ""Freelance 3D Artist - Puzzle Studio"", ""url"": null, ""job_url"": ""https://www.arbeitnow.fr/jobs/companies/voodoo/freelance-3d-artist-puzzle-studio-paris-279337"", ""audience_reject_reasons"": [""not_data_ai_field"", ""not_fresher_ws_thesis"", ""ambiguous_needs_review""]}"
2026-09-30T21:23:46.104923+00:00,sem_voodoo_game-artist-sand-loop_paris,Game Artist - Sand Loop,Voodoo,Paris,arbeitnow,other_tech,mid,"not_data_ai_field,not_fresher_ws_thesis,ambiguous_needs_review","{""job_id"": ""sem_voodoo_game-artist-sand-loop_paris"", ""title"": ""Game Artist - Sand Loop"", ""url"": null, ""job_url"": ""https://www.arbeitnow.fr/jobs/companies/voodoo/game-artist-sand-loop-paris-477719"", ""audience_reject_reasons"": [""not_data_ai_field"", ""not_fresher_ws_thesis"", ""ambiguous_needs_review""]}"
2026-09-30T21:23:46.104923+00:00,sem_voodoo_growth-strategy-ad-monetization-manager_paris,Growth Strategy & Ad Monetization Manager,Voodoo,Paris,arbeitnow,other_tech,mid,"not_data_ai_field,not_fresher_ws_thesis,ambiguous_needs_review","{""job_id"": ""sem_voodoo_growth-strategy-ad-monetization-manager_paris"", ""title"": ""Growth Strategy & Ad Monetization Manager"", ""url"": null, ""job_url"": ""https://www.arbeitnow.fr/jobs/companies/voodoo/growth-strategy-ad-monetization-manager-paris-171308"", ""audience_reject_reasons"": [""not_data_ai_field"", ""not_fresher_ws_thesis"", ""ambiguous_needs_review""]}"
2026-09-30T21:23:46.104923+00:00,sem_voodoo_marketing-video-artist-growth_paris,Marketing Video Artist - Growth,Voodoo,Paris,arbeitnow,other_tech,mid,"not_data_ai_field,not_fresher_ws_thesis,ambiguous_needs_review","{""job_id"": ""sem_voodoo_marketing-video-artist-growth_paris"", ""title"": ""Marketing Video Artist - Growth"", ""url"": null, ""job_url"": ""https://www.arbeitnow.fr/jobs/companies/voodoo/marketing-video-artist-growth-paris-39219"", ""audience_reject_reasons"": [""not_data_ai_field"", ""not_fresher_ws_thesis"", ""ambiguous_needs_review""]}"
2026-09-30T21:23:46.104923+00:00,sem_what_growth-marketing-consultant-manager-german-required_z-rich-z-rich-switzerland,Growth Marketing Consultant/Manager (German required),what. AG,"Zürich, Zürich, Switzerland",arbeitnow,other_tech,mid,"not_eu,not_data_ai_field,not_fresher_ws_thesis,ambiguous_needs_review","{""job_id"": ""sem_what_growth-marketing-consultant-manager-german-required_z-rich-z-rich-switzerland"", ""title"": ""Growth Marketing Consultant/Manager (German required)"", ""url"": null, ""job_url"": ""https://www.arbeitnow.ch/jobs/companies/what-ag/growth-marketing-consultant-manager-german-required-zurich-15607"", ""audience_reject_reasons"": [""not_eu"", ""not_data_ai_field"", ""not_fresher_ws_thesis"", ""ambiguous_needs_review""]}"
2026-09-30T21:23:46.104923+00:00,sem_wizinc_enterprise-account-executive_,Enterprise Account Executive,wizinc,,arbeitnow,cybersecurity,mid,"not_eu,not_data_ai_field,not_fresher_ws_thesis,ambiguous_needs_review","{""job_id"": ""sem_wizinc_enterprise-account-executive_"", ""title"": ""Enterprise Account Executive"", ""url"": null, ""job_url"": ""https://www.arbeitnow.co.uk/jobs/companies/wizinc/enterprise-account-executive-165785"", ""audience_reject_reasons"": [""not_eu"", ""not_data_ai_field"", ""not_fresher_ws_thesis"", ""ambiguous_needs_review""]}"
2026-09-30T21:23:46.104923+00:00,sem_wizinc_mid-enterprise-account-executive_,Mid-Enterprise Account Executive,wizinc,,arbeitnow,cybersecurity,mid,"not_eu,not_data_ai_field,not_fresher_ws_thesis,ambiguous_needs_review","{""job_id"": ""sem_wizinc_mid-enterprise-account-executive_"", ""title"": ""Mid-Enterprise Account Executive"", ""url"": null, ""job_url"": ""https://www.arbeitnow.co.uk/jobs/companies/wizinc/mid-enterprise-account-executive-115217"", ""audience_reject_reasons"": [""not_eu"", ""not_data_ai_field"", ""not_fresher_ws_thesis"", ""ambiguous_needs_review""]}"
2026-09-30T21:23:46.104923+00:00,sem_wolt_account-manager-retail_berlin-germany,Account Manager Retail,Wolt,"Berlin, Germany",direct,business_intelligence,mid,"not_fresher_ws_thesis,ambiguous_needs_review","{""job_id"": ""sem_wolt_account-manager-retail_berlin-germany"", ""title"": ""Account Manager Retail"", ""url"": null, ""job_url"": ""https://job-boards.greenhouse.io/wolt/jobs/8138798"", ""audience_reject_reasons"": [""not_fresher_ws_thesis"", ""ambiguous_needs_review""]}"
2026-09-30T21:23:46.104923+00:00,sem_wolt_ads-and-promo-sales-manager_zagreb-croatia,Ads and Promo Sales Manager,Wolt,"Zagreb, Croatia",direct,business_intelligence,senior,"not_fresher_ws_thesis,ambiguous_needs_review","{""job_id"": ""sem_wolt_ads-and-promo-sales-manager_zagreb-croatia"", ""title"": ""Ads and Promo Sales Manager"", ""url"": null, ""job_url"": ""https://job-boards.greenhouse.io/wolt/jobs/8028787"", ""audience_reject_reasons"": [""not_fresher_ws_thesis"", ""ambiguous_needs_review""]}"
2026-09-30T21:23:46.104923+00:00,sem_wolt_ads-promotions-sales-manager_warsaw-poland,Ads & Promotions Sales Manager,Wolt,"Warsaw, Poland",direct,other_tech,senior,"not_data_ai_field,not_fresher_ws_thesis,ambiguous_needs_review","{""job_id"": ""sem_wolt_ads-promotions-sales-manager_warsaw-poland"", ""title"": ""Ads & Promotions Sales Manager"", ""url"": null, ""job_url"": ""https://job-boards.greenhouse.io/wolt/jobs/8205366"", ""audience_reject_reasons"": [""not_data_ai_field"", ""not_fresher_ws_thesis"", ""ambiguous_needs_review""]}"
2026-09-30T21:23:46.104923+00:00,sem_wolt_ads-promotions-sales-specialist_bratislava-slovakia,Ads & Promotions Sales Specialist,Wolt,"Bratislava, Slovakia",direct,other_tech,mid,"not_data_ai_field,not_fresher_ws_thesis,ambiguous_needs_review","{""job_id"": ""sem_wolt_ads-promotions-sales-specialist_bratislava-slovakia"", ""title"": ""Ads & Promotions Sales Specialist"", ""url"": null, ""job_url"": ""https://job-boards.greenhouse.io/wolt/jobs/8053035"", ""audience_reject_reasons"": [""not_data_ai_field"", ""not_fresher_ws_thesis"", ""ambiguous_needs_review""]}"
2026-09-30T21:23:46.104923+00:00,sem_wolt_albanian-speaking-support-associate-full-time_tirana-albania,Albanian Speaking Support Associate (full-time),Wolt,"Tirana, Albania",direct,other_tech,mid,"not_eu,not_data_ai_field,not_fresher_ws_thesis,ambiguous_needs_review","{""job_id"": ""sem_wolt_albanian-speaking-support-associate-full-time_tirana-albania"", ""title"": ""Albanian Speaking Support Associate (full-time)"", ""url"": null, ""job_url"": ""https://job-boards.greenhouse.io/wolt/jobs/6693432"", ""audience_reject_reasons"": [""not_eu"", ""not_data_ai_field"", ""not_fresher_ws_thesis"", ""ambiguous_needs_review""]}"
2026-09-30T21:23:46.104923+00:00,sem_wolt_area-manager-wm_athens-greece,Area Manager (WM),Wolt,"Athens, Greece",direct,other_tech,mid,"not_data_ai_field,not_fresher_ws_thesis,ambiguous_needs_review","{""job_id"": ""sem_wolt_area-manager-wm_athens-greece"", ""title"": ""Area Manager (WM)"", ""url"": null, ""job_url"": ""https://job-boards.greenhouse.io/wolt/jobs/7983009"", ""audience_reject_reasons"": [""not_data_ai_field"", ""not_fresher_ws_thesis"", ""ambiguous_needs_review""]}"
2026-09-30T21:23:46.104923+00:00,sem_wolt_area-manager-wm_tallinn-estonia,Area Manager (WM),Wolt,"Tallinn, Estonia",direct,other_tech,mid,"not_data_ai_field,not_fresher_ws_thesis,ambiguous_needs_review","{""job_id"": ""sem_wolt_area-manager-wm_tallinn-estonia"", ""title"": ""Area Manager (WM)"", ""url"": null, ""job_url"": ""https://job-boards.greenhouse.io/wolt/jobs/8164037"", ""audience_reject_reasons"": [""not_data_ai_field"", ""not_fresher_ws_thesis"", ""ambiguous_needs_review""]}"
2026-09-30T21:23:46.104923+00:00,sem_wolt_assistant-country-controller-fixed-term_tirana-albania,Assistant Country Controller(Fixed Term),Wolt,"Tirana, Albania",direct,other_tech,senior,"not_eu,not_data_ai_field,not_fresher_ws_thesis,ambiguous_needs_review","{""job_id"": ""sem_wolt_assistant-country-controller-fixed-term_tirana-albania"", ""title"": ""Assistant Country Controller(Fixed Term)"", ""url"": null, ""job_url"": ""https://job-boards.greenhouse.io/wolt/jobs/8207684"", ""audience_reject_reasons"": [""not_eu"", ""not_data_ai_field"", ""not_fresher_ws_thesis"", ""ambiguous_needs_review""]}"
2026-09-30T21:23:46.104923+00:00,sem_wolt_associate-operations-manager-supply-acquisition-activation_bratislava-slovakia-warsaw-poland-wien-austria-zagreb-croatia,"Associate Operations Manager, Supply Acquisition & Activation",Wolt,"Bratislava, Slovakia; Warsaw, Poland; Wien, Austria; Zagreb, Croatia",direct,other_tech,senior,"not_data_ai_field,not_fresher_ws_thesis,ambiguous_needs_review","{""job_id"": ""sem_wolt_associate-operations-manager-supply-acquisition-activation_bratislava-slovakia-warsaw-poland-wien-austria-zagreb-croatia"", ""title"": ""Associate Operations Manager, Supply Acquisition & Activation"", ""url"": null, ""job_url"": ""https://job-boards.greenhouse.io/wolt/jobs/8177035"", ""audience_reject_reasons"": [""not_data_ai_field"", ""not_fresher_ws_thesis"", ""ambiguous_needs_review""]}"
2026-09-30T21:23:46.104923+00:00,sem_wolt_b2b-demand-generation-specialist_berlin-germany-helsinki-finland,B2B Demand Generation Specialist,Wolt,"Berlin, Germany; Helsinki, Finland",direct,other_tech,mid,"not_data_ai_field,not_fresher_ws_thesis,ambiguous_needs_review","{""job_id"": ""sem_wolt_b2b-demand-generation-specialist_berlin-germany-helsinki-finland"", ""title"": ""B2B Demand Generation Specialist"", ""url"": null, ""job_url"": ""https://job-boards.greenhouse.io/wolt/jobs/8177557"", ""audience_reject_reasons"": [""not_data_ai_field"", ""not_fresher_ws_thesis"", ""ambiguous_needs_review""]}"
2026-09-30T21:23:46.104923+00:00,sem_wolt_b2b-sales-representative_athens-greece,B2B Sales Representative,Wolt,"Athens, Greece",direct,other_tech,senior,"not_data_ai_field,not_fresher_ws_thesis,ambiguous_needs_review","{""job_id"": ""sem_wolt_b2b-sales-representative_athens-greece"", ""title"": ""B2B Sales Representative"", ""url"": null, ""job_url"": ""https://job-boards.greenhouse.io/wolt/jobs/8096930"", ""audience_reject_reasons"": [""not_data_ai_field"", ""not_fresher_ws_thesis"", ""ambiguous_needs_review""]}"
2026-09-30T21:23:46.104923+00:00,sem_wolt_bolt-munkat-rs-wolt-market-keleti_budapest-hungary,Bolt munkatárs - Wolt Market Keleti,Wolt,"Budapest, Hungary",direct,other_tech,mid,"not_data_ai_field,not_fresher_ws_thesis,ambiguous_needs_review","{""job_id"": ""sem_wolt_bolt-munkat-rs-wolt-market-keleti_budapest-hungary"", ""title"": ""Bolt munkat\u00e1rs - Wolt Market Keleti"", ""url"": null, ""job_url"": ""https://job-boards.greenhouse.io/wolt/jobs/8025611"", ""audience_reject_reasons"": [""not_data_ai_field"", ""not_fresher_ws_thesis"", ""ambiguous_needs_review""]}"
2026-09-30T21:23:46.104923+00:00,sem_wolt_bolti-munkat-rs-wolt-market-buda_budapest-hungary,Bolti munkatárs - Wolt Market Óbuda,Wolt,"Budapest, Hungary",direct,other_tech,mid,"not_data_ai_field,not_fresher_ws_thesis,ambiguous_needs_review","{""job_id"": ""sem_wolt_bolti-munkat-rs-wolt-market-buda_budapest-hungary"", ""title"": ""Bolti munkat\u00e1rs - Wolt Market \u00d3buda"", ""url"": null, ""job_url"": ""https://job-boards.greenhouse.io/wolt/jobs/7946558"", ""audience_reject_reasons"": [""not_data_ai_field"", ""not_fresher_ws_thesis"", ""ambiguous_needs_review""]}"
2026-09-30T21:23:46.104923+00:00,sem_wolt_bolti-munkat-rs-wolt-market-d-l-pest_budapest-hungary,Bolti munkatárs - Wolt Market Dél-Pest,Wolt,"Budapest, Hungary",direct,other_tech,mid,"not_data_ai_field,not_fresher_ws_thesis,ambiguous_needs_review","{""job_id"": ""sem_wolt_bolti-munkat-rs-wolt-market-d-l-pest_budapest-hungary"", ""title"": ""Bolti munkat\u00e1rs - Wolt Market D\u00e9l-Pest"", ""url"": null, ""job_url"": ""https://job-boards.greenhouse.io/wolt/jobs/7946494"", ""audience_reject_reasons"": [""not_data_ai_field"", ""not_fresher_ws_thesis"", ""ambiguous_needs_review""]}"
2026-09-30T21:23:46.104923+00:00,sem_wolt_business-development-manager-sevenrooms_helsinki-finland,"Business Development Manager, SevenRooms",Wolt,"Helsinki, Finland",direct,other_tech,senior,"not_data_ai_field,not_fresher_ws_thesis,ambiguous_needs_review","{""job_id"": ""sem_wolt_business-development-manager-sevenrooms_helsinki-finland"", ""title"": ""Business Development Manager, SevenRooms"", ""url"": null, ""job_url"": ""https://job-boards.greenhouse.io/wolt/jobs/8227743"", ""audience_reject_reasons"": [""not_data_ai_field"", ""not_fresher_ws_thesis"", ""ambiguous_needs_review""]}"
2026-09-30T21:23:46.104923+00:00,sem_wolt_category-manager_bratislava-slovakia,Category Manager,Wolt,"Bratislava, Slovakia",direct,other_tech,mid,"not_data_ai_field,not_fresher_ws_thesis,ambiguous_needs_review","{""job_id"": ""sem_wolt_category-manager_bratislava-slovakia"", ""title"": ""Category Manager"", ""url"": null, ""job_url"": ""https://job-boards.greenhouse.io/wolt/jobs/7496096"", ""audience_reject_reasons"": [""not_data_ai_field"", ""not_fresher_ws_thesis"", ""ambiguous_needs_review""]}"
2026-09-30T21:23:46.104923+00:00,sem_wolt_commercial-finance-specialist_tallinn-estonia,Commercial Finance Specialist,Wolt,"Tallinn, Estonia",direct,other_tech,mid,"not_data_ai_field,not_fresher_ws_thesis,ambiguous_needs_review","{""job_id"": ""sem_wolt_commercial-finance-specialist_tallinn-estonia"", ""title"": ""Commercial Finance Specialist"", ""url"": null, ""job_url"": ""https://job-boards.greenhouse.io/wolt/jobs/8166890"", ""audience_reject_reasons"": [""not_data_ai_field"", ""not_fresher_ws_thesis"", ""ambiguous_needs_review""]}"
2026-09-30T21:23:46.104923+00:00,sem_wolt_content-associate_oslo-norway,Content Associate,Wolt,"OSLO, Norway",direct,other_tech,mid,"not_eu,not_data_ai_field,not_fresher_ws_thesis,ambiguous_needs_review","{""job_id"": ""sem_wolt_content-associate_oslo-norway"", ""title"": ""Content Associate"", ""url"": null, ""job_url"": ""https://job-boards.greenhouse.io/wolt/jobs/8139451"", ""audience_reject_reasons"": [""not_eu"", ""not_data_ai_field"", ""not_fresher_ws_thesis"", ""ambiguous_needs_review""]}"
2026-09-30T21:23:46.104923+00:00,sem_wolt_content-training-quality-manager-vendor-merchant-operations_budapest-hungary,"Content, Training & Quality Manager – Vendor & Merchant Operations",Wolt,"Budapest, Hungary",direct,qa_testing,senior,"not_data_ai_field,not_fresher_ws_thesis,ambiguous_needs_review","{""job_id"": ""sem_wolt_content-training-quality-manager-vendor-merchant-operations_budapest-hungary"", ""title"": ""Content, Training & Quality Manager \u2013 Vendor & Merchant Operations"", ""url"": null, ""job_url"": ""https://job-boards.greenhouse.io/wolt/jobs/8221269"", ""audience_reject_reasons"": [""not_data_ai_field"", ""not_fresher_ws_thesis"", ""ambiguous_needs_review""]}"
2026-09-30T21:23:46.104923+00:00,sem_wolt_country-manager-wm_birkirkara-malta-limassol-cyprus-nicosia-cyprus,Country Manager (WM),Wolt,"Birkirkara, Malta; Limassol, Cyprus; Nicosia, Cyprus",direct,other_tech,senior,"not_data_ai_field,not_fresher_ws_thesis,ambiguous_needs_review","{""job_id"": ""sem_wolt_country-manager-wm_birkirkara-malta-limassol-cyprus-nicosia-cyprus"", ""title"": ""Country Manager (WM)"", ""url"": null, ""job_url"": ""https://job-boards.greenhouse.io/wolt/jobs/8001008"", ""audience_reject_reasons"": [""not_data_ai_field"", ""not_fresher_ws_thesis"", ""ambiguous_needs_review""]}"
2026-09-30T21:23:46.104923+00:00,sem_wolt_delivery-courier-employed-courier-operations_zagreb-croatia,"Delivery Courier (Employed), Courier Operations",Wolt,"Zagreb, Croatia",direct,other_tech,mid,"not_data_ai_field,not_fresher_ws_thesis,ambiguous_needs_review","{""job_id"": ""sem_wolt_delivery-courier-employed-courier-operations_zagreb-croatia"", ""title"": ""Delivery Courier (Employed), Courier Operations"", ""url"": null, ""job_url"": ""https://job-boards.greenhouse.io/wolt/jobs/8171453"", ""audience_reject_reasons"": [""not_data_ai_field"", ""not_fresher_ws_thesis"", ""ambiguous_needs_review""]}"
2026-09-30T21:23:46.104923+00:00,sem_wolt_engineering-manager-computing-platform_berlin-germany-helsinki-finland,"Engineering Manager, Computing Platform",Wolt,"Berlin, Germany; Helsinki, Finland",direct,software_engineering,senior,"not_data_ai_field,not_fresher_ws_thesis,ambiguous_needs_review","{""job_id"": ""sem_wolt_engineering-manager-computing-platform_berlin-germany-helsinki-finland"", ""title"": ""Engineering Manager, Computing Platform"", ""url"": null, ""job_url"": ""https://job-boards.greenhouse.io/wolt/jobs/7825466"", ""audience_reject_reasons"": [""not_data_ai_field"", ""not_fresher_ws_thesis"", ""ambiguous_needs_review""]}"
2026-09-30T21:23:46.104923+00:00,sem_wolt_english-albanian-speaking-support-associate_tirana-albania,English & Albanian-Speaking Support Associate,Wolt,"Tirana, Albania",direct,other_tech,mid,"not_eu,not_data_ai_field,not_fresher_ws_thesis,ambiguous_needs_review","{""job_id"": ""sem_wolt_english-albanian-speaking-support-associate_tirana-albania"", ""title"": ""English & Albanian-Speaking Support Associate"", ""url"": null, ""job_url"": ""https://job-boards.greenhouse.io/wolt/jobs/8213521"", ""audience_reject_reasons"": [""not_eu"", ""not_data_ai_field"", ""not_fresher_ws_thesis"", ""ambiguous_needs_review""]}"
2026-09-30T21:23:46.104923+00:00,sem_wolt_english-speaking-support-associate-full-time-remote_remote-serbia,English-Speaking Support Associate (Full-time - Remote),Wolt,Remote; Serbia,direct,other_tech,senior,"not_eu,not_data_ai_field,not_fresher_ws_thesis,ambiguous_needs_review","{""job_id"": ""sem_wolt_english-speaking-support-associate-full-time-remote_remote-serbia"", ""title"": ""English-Speaking Support Associate (Full-time - Remote)"", ""url"": null, ""job_url"": ""https://job-boards.greenhouse.io/wolt/jobs/7921174"", ""audience_reject_reasons"": [""not_eu"", ""not_data_ai_field"", ""not_fresher_ws_thesis"", ""ambiguous_needs_review""]}"
2026-09-30T21:23:46.104923+00:00,sem_wolt_english-speaking-support-associate-part-time-remote_belgrade-savski-venac-serbia,"English speaking Support Associate (Part-Time, Remote)",Wolt,"Belgrade - Savski Venac, Serbia",direct,other_tech,senior,"not_eu,not_data_ai_field,not_fresher_ws_thesis,ambiguous_needs_review","{""job_id"": ""sem_wolt_english-speaking-support-associate-part-time-remote_belgrade-savski-venac-serbia"", ""title"": ""English speaking Support Associate (Part-Time, Remote)"", ""url"": null, ""job_url"": ""https://job-boards.greenhouse.io/wolt/jobs/7943989"", ""audience_reject_reasons"": [""not_eu"", ""not_data_ai_field"", ""not_fresher_ws_thesis"", ""ambiguous_needs_review""]}"
2026-09-30T21:23:46.104923+00:00,sem_wolt_enterprise-sales-manager-retail_birkirkara-malta,"Enterprise Sales Manager, Retail",Wolt,"Birkirkara, Malta",direct,other_tech,senior,"not_data_ai_field,not_fresher_ws_thesis,ambiguous_needs_review","{""job_id"": ""sem_wolt_enterprise-sales-manager-retail_birkirkara-malta"", ""title"": ""Enterprise Sales Manager, Retail"", ""url"": null, ""job_url"": ""https://job-boards.greenhouse.io/wolt/jobs/8208017"", ""audience_reject_reasons"": [""not_data_ai_field"", ""not_fresher_ws_thesis"", ""ambiguous_needs_review""]}"
2026-09-30T21:23:46.104923+00:00,sem_wolt_enterprise-sales-manager-retail_riga-latvia,"Enterprise Sales Manager, Retail",Wolt,"Riga, Latvia",direct,other_tech,senior,"not_data_ai_field,not_fresher_ws_thesis,ambiguous_needs_review","{""job_id"": ""sem_wolt_enterprise-sales-manager-retail_riga-latvia"", ""title"": ""Enterprise Sales Manager, Retail"", ""url"": null, ""job_url"": ""https://job-boards.greenhouse.io/wolt/jobs/8154330"", ""audience_reject_reasons"": [""not_data_ai_field"", ""not_fresher_ws_thesis"", ""ambiguous_needs_review""]}"
2026-09-30T21:23:46.104923+00:00,sem_wolt_finance-systems-development-manager_berlin-germany-helsinki-finland-london-united-kingdom,Finance Systems Development Manager,Wolt,"Berlin, Germany; Helsinki, Finland; London, United Kingdom",direct,other_tech,senior,"not_data_ai_field,not_fresher_ws_thesis,ambiguous_needs_review","{""job_id"": ""sem_wolt_finance-systems-development-manager_berlin-germany-helsinki-finland-london-united-kingdom"", ""title"": ""Finance Systems Development Manager"", ""url"": null, ""job_url"": ""https://job-boards.greenhouse.io/wolt/jobs/8156313"", ""audience_reject_reasons"": [""not_data_ai_field"", ""not_fresher_ws_thesis"", ""ambiguous_needs_review""]}"
2026-09-30T21:23:46.104923+00:00,sem_wolt_german-speaking-partner-onboarding-coordinator_budapest-hungary,German-speaking Partner Onboarding Coordinator,Wolt,"Budapest, Hungary",direct,other_tech,mid,"not_data_ai_field,not_fresher_ws_thesis,ambiguous_needs_review","{""job_id"": ""sem_wolt_german-speaking-partner-onboarding-coordinator_budapest-hungary"", ""title"": ""German-speaking Partner Onboarding Coordinator"", ""url"": null, ""job_url"": ""https://job-boards.greenhouse.io/wolt/jobs/6693613"", ""audience_reject_reasons"": [""not_data_ai_field"", ""not_fresher_ws_thesis"", ""ambiguous_needs_review""]}"
2026-09-30T21:23:46.104923+00:00,sem_wolt_grocery-associate-ko-ice_ko-ice-slovakia,Grocery Associate - Košice,Wolt,"Košice, Slovakia",direct,other_tech,mid,"not_data_ai_field,not_fresher_ws_thesis,ambiguous_needs_review","{""job_id"": ""sem_wolt_grocery-associate-ko-ice_ko-ice-slovakia"", ""title"": ""Grocery Associate - Ko\u0161ice"", ""url"": null, ""job_url"": ""https://job-boards.greenhouse.io/wolt/jobs/6693703"", ""audience_reject_reasons"": [""not_data_ai_field"", ""not_fresher_ws_thesis"", ""ambiguous_needs_review""]}"
2026-09-30T21:23:46.104923+00:00,sem_wolt_grocery-associate-part-time_bratislava-slovakia,Grocery Associate (Part Time),Wolt,"Bratislava, Slovakia",direct,other_tech,mid,"not_data_ai_field,not_fresher_ws_thesis,ambiguous_needs_review","{""job_id"": ""sem_wolt_grocery-associate-part-time_bratislava-slovakia"", ""title"": ""Grocery Associate (Part Time)"", ""url"": null, ""job_url"": ""https://job-boards.greenhouse.io/wolt/jobs/6693720"", ""audience_reject_reasons"": [""not_data_ai_field"", ""not_fresher_ws_thesis"", ""ambiguous_needs_review""]}"
2026-09-30T21:23:46.104923+00:00,sem_wolt_grocery-associate-part-time_s-borg-denmark,Grocery Associate (part-time),Wolt,"Søborg, Denmark",direct,other_tech,mid,"not_data_ai_field,not_fresher_ws_thesis,ambiguous_needs_review","{""job_id"": ""sem_wolt_grocery-associate-part-time_s-borg-denmark"", ""title"": ""Grocery Associate (part-time)"", ""url"": null, ""job_url"": ""https://job-boards.greenhouse.io/wolt/jobs/6695044"", ""audience_reject_reasons"": [""not_data_ai_field"", ""not_fresher_ws_thesis"", ""ambiguous_needs_review""]}"
2026-09-30T21:23:46.104923+00:00,sem_wolt_grocery-associate-praha_prague-czechia,Grocery Associate - Praha,Wolt,"Prague, Czechia",direct,other_tech,mid,"not_data_ai_field,not_fresher_ws_thesis,ambiguous_needs_review","{""job_id"": ""sem_wolt_grocery-associate-praha_prague-czechia"", ""title"": ""Grocery Associate - Praha"", ""url"": null, ""job_url"": ""https://job-boards.greenhouse.io/wolt/jobs/6694988"", ""audience_reject_reasons"": [""not_data_ai_field"", ""not_fresher_ws_thesis"", ""ambiguous_needs_review""]}"
2026-09-30T21:23:46.104923+00:00,sem_wolt_grocery-associate-rijeka_rijeka-croatia,Grocery Associate - Rijeka,Wolt,"Rijeka, Croatia",direct,other_tech,senior,"not_data_ai_field,not_fresher_ws_thesis,ambiguous_needs_review","{""job_id"": ""sem_wolt_grocery-associate-rijeka_rijeka-croatia"", ""title"": ""Grocery Associate - Rijeka"", ""url"": null, ""job_url"": ""https://job-boards.greenhouse.io/wolt/jobs/7375885"", ""audience_reject_reasons"": [""not_data_ai_field"", ""not_fresher_ws_thesis"", ""ambiguous_needs_review""]}"
2026-09-30T21:23:46.104923+00:00,sem_wolt_grocery-associate-under-18-years-old_aalborg-denmark,Grocery Associate (under 18 years old),Wolt,"Aalborg, Denmark",direct,other_tech,mid,"not_data_ai_field,not_fresher_ws_thesis,ambiguous_needs_review","{""job_id"": ""sem_wolt_grocery-associate-under-18-years-old_aalborg-denmark"", ""title"": ""Grocery Associate (under 18 years old)"", ""url"": null, ""job_url"": ""https://job-boards.greenhouse.io/wolt/jobs/6886954"", ""audience_reject_reasons"": [""not_data_ai_field"", ""not_fresher_ws_thesis"", ""ambiguous_needs_review""]}"
2026-09-30T21:23:46.104923+00:00,sem_wolt_grocery-associate-under-18-years-old_aalborg-denmark-aarhus-denmark-copenhagen-denmark-odense-denmark-s-borg-denmark,Grocery Associate (under 18 years old),Wolt,"Aalborg, Denmark; Aarhus, Denmark; Copenhagen, Denmark; Odense, Denmark; Søborg, Denmark",direct,other_tech,mid,"not_data_ai_field,not_fresher_ws_thesis,ambiguous_needs_review","{""job_id"": ""sem_wolt_grocery-associate-under-18-years-old_aalborg-denmark-aarhus-denmark-copenhagen-denmark-odense-denmark-s-borg-denmark"", ""title"": ""Grocery Associate (under 18 years old)"", ""url"": null, ""job_url"": ""https://job-boards.greenhouse.io/wolt/jobs/6693554"", ""audience_reject_reasons"": [""not_data_ai_field"", ""not_fresher_ws_thesis"", ""ambiguous_needs_review""]}"
2026-09-30T21:23:46.104923+00:00,sem_wolt_grocery-associate-youth-workers_solna-sweden,Grocery Associate - Youth Workers,Wolt,"Solna, Sweden",direct,other_tech,mid,"not_data_ai_field,not_fresher_ws_thesis,ambiguous_needs_review","{""job_id"": ""sem_wolt_grocery-associate-youth-workers_solna-sweden"", ""title"": ""Grocery Associate - Youth Workers"", ""url"": null, ""job_url"": ""https://job-boards.greenhouse.io/wolt/jobs/8237035"", ""audience_reject_reasons"": [""not_data_ai_field"", ""not_fresher_ws_thesis"", ""ambiguous_needs_review""]}"
2026-09-30T21:23:46.104923+00:00,sem_wolt_grocery-associate-zagreb_zagreb-croatia,Grocery Associate - Zagreb,Wolt,"Zagreb, Croatia",direct,other_tech,senior,"not_data_ai_field,not_fresher_ws_thesis,ambiguous_needs_review","{""job_id"": ""sem_wolt_grocery-associate-zagreb_zagreb-croatia"", ""title"": ""Grocery Associate - Zagreb"", ""url"": null, ""job_url"": ""https://job-boards.greenhouse.io/wolt/jobs/6693511"", ""audience_reject_reasons"": [""not_data_ai_field"", ""not_fresher_ws_thesis"", ""ambiguous_needs_review""]}"
2026-09-30T21:23:46.104923+00:00,sem_wolt_grocery-associate_bratislava-slovakia,Grocery Associate,Wolt,"Bratislava, Slovakia",direct,other_tech,mid,"not_data_ai_field,not_fresher_ws_thesis,ambiguous_needs_review","{""job_id"": ""sem_wolt_grocery-associate_bratislava-slovakia"", ""title"": ""Grocery Associate"", ""url"": null, ""job_url"": ""https://job-boards.greenhouse.io/wolt/jobs/6693874"", ""audience_reject_reasons"": [""not_data_ai_field"", ""not_fresher_ws_thesis"", ""ambiguous_needs_review""]}"
2026-09-30T21:23:46.104923+00:00,sem_wolt_grocery-associate_brno-czechia,Grocery Associate,Wolt,"Brno, Czechia",direct,other_tech,mid,"not_data_ai_field,not_fresher_ws_thesis,ambiguous_needs_review","{""job_id"": ""sem_wolt_grocery-associate_brno-czechia"", ""title"": ""Grocery Associate"", ""url"": null, ""job_url"": ""https://job-boards.greenhouse.io/wolt/jobs/6694612"", ""audience_reject_reasons"": [""not_data_ai_field"", ""not_fresher_ws_thesis"", ""ambiguous_needs_review""]}"
2026-09-30T21:23:46.104923+00:00,sem_wolt_grocery-associate_d-sseldorf-germany,Grocery Associate,Wolt,"Düsseldorf, Germany",direct,other_tech,mid,"not_data_ai_field,not_fresher_ws_thesis,ambiguous_needs_review","{""job_id"": ""sem_wolt_grocery-associate_d-sseldorf-germany"", ""title"": ""Grocery Associate"", ""url"": null, ""job_url"": ""https://job-boards.greenhouse.io/wolt/jobs/7547321"", ""audience_reject_reasons"": [""not_data_ai_field"", ""not_fresher_ws_thesis"", ""ambiguous_needs_review""]}"
2026-09-30T21:23:46.104923+00:00,sem_wolt_grocery-associate_frankfurt-germany,Grocery Associate,Wolt,"Frankfurt, Germany",direct,other_tech,mid,"not_data_ai_field,not_fresher_ws_thesis,ambiguous_needs_review","{""job_id"": ""sem_wolt_grocery-associate_frankfurt-germany"", ""title"": ""Grocery Associate"", ""url"": null, ""job_url"": ""https://job-boards.greenhouse.io/wolt/jobs/6693805"", ""audience_reject_reasons"": [""not_data_ai_field"", ""not_fresher_ws_thesis"", ""ambiguous_needs_review""]}"
2026-09-30T21:23:46.104923+00:00,sem_wolt_grocery-associate_hamburg-germany,Grocery Associate,Wolt,"Hamburg, Germany",direct,other_tech,mid,"not_data_ai_field,not_fresher_ws_thesis,ambiguous_needs_review","{""job_id"": ""sem_wolt_grocery-associate_hamburg-germany"", ""title"": ""Grocery Associate"", ""url"": null, ""job_url"": ""https://job-boards.greenhouse.io/wolt/jobs/6693549"", ""audience_reject_reasons"": [""not_data_ai_field"", ""not_fresher_ws_thesis"", ""ambiguous_needs_review""]}"
2026-09-30T21:23:46.104923+00:00,sem_wolt_grocery-associate_munich-germany,Grocery Associate,Wolt,"Munich, Germany",direct,other_tech,mid,"not_data_ai_field,not_fresher_ws_thesis,ambiguous_needs_review","{""job_id"": ""sem_wolt_grocery-associate_munich-germany"", ""title"": ""Grocery Associate"", ""url"": null, ""job_url"": ""https://job-boards.greenhouse.io/wolt/jobs/6822282"", ""audience_reject_reasons"": [""not_data_ai_field"", ""not_fresher_ws_thesis"", ""ambiguous_needs_review""]}"
2026-09-30T21:23:46.104923+00:00,sem_wolt_grocery-associate_trnava-slovakia,Grocery Associate,Wolt,"Trnava, Slovakia",direct,other_tech,mid,"not_data_ai_field,not_fresher_ws_thesis,ambiguous_needs_review","{""job_id"": ""sem_wolt_grocery-associate_trnava-slovakia"", ""title"": ""Grocery Associate"", ""url"": null, ""job_url"": ""https://job-boards.greenhouse.io/wolt/jobs/6694889"", ""audience_reject_reasons"": [""not_data_ai_field"", ""not_fresher_ws_thesis"", ""ambiguous_needs_review""]}"
2026-09-30T21:23:46.104923+00:00,sem_wolt_grocery-shift-lead_larnaca-cyprus,Grocery Shift Lead,Wolt,"Larnaca, Cyprus",direct,other_tech,senior,"not_data_ai_field,not_fresher_ws_thesis,ambiguous_needs_review","{""job_id"": ""sem_wolt_grocery-shift-lead_larnaca-cyprus"", ""title"": ""Grocery Shift Lead"", ""url"": null, ""job_url"": ""https://job-boards.greenhouse.io/wolt/jobs/8064863"", ""audience_reject_reasons"": [""not_data_ai_field"", ""not_fresher_ws_thesis"", ""ambiguous_needs_review""]}"
2026-09-30T21:23:46.104923+00:00,sem_wolt_grocery-store-assistant_malta,Grocery Store Assistant,Wolt,Malta,direct,other_tech,mid,"not_data_ai_field,not_fresher_ws_thesis,ambiguous_needs_review","{""job_id"": ""sem_wolt_grocery-store-assistant_malta"", ""title"": ""Grocery Store Assistant"", ""url"": null, ""job_url"": ""https://job-boards.greenhouse.io/wolt/jobs/6694824"", ""audience_reject_reasons"": [""not_data_ai_field"", ""not_fresher_ws_thesis"", ""ambiguous_needs_review""]}"
2026-09-30T21:23:46.104923+00:00,sem_wolt_grocery-store-assistant_marsa-malta,Grocery Store Assistant,Wolt,"Marsa, Malta",direct,other_tech,mid,"not_data_ai_field,not_fresher_ws_thesis,ambiguous_needs_review","{""job_id"": ""sem_wolt_grocery-store-assistant_marsa-malta"", ""title"": ""Grocery Store Assistant"", ""url"": null, ""job_url"": ""https://job-boards.greenhouse.io/wolt/jobs/6693771"", ""audience_reject_reasons"": [""not_data_ai_field"", ""not_fresher_ws_thesis"", ""ambiguous_needs_review""]}"
2026-09-30T21:23:46.104923+00:00,sem_wolt_grocery-store-assistant_san-wann-malta,Grocery Store Assistant,Wolt,"San Ġwann, Malta",direct,other_tech,mid,"not_data_ai_field,not_fresher_ws_thesis,ambiguous_needs_review","{""job_id"": ""sem_wolt_grocery-store-assistant_san-wann-malta"", ""title"": ""Grocery Store Assistant"", ""url"": null, ""job_url"": ""https://job-boards.greenhouse.io/wolt/jobs/6693501"", ""audience_reject_reasons"": [""not_data_ai_field"", ""not_fresher_ws_thesis"", ""ambiguous_needs_review""]}"
2026-09-30T21:23:46.104923+00:00,sem_wolt_head-of-wolt-for-work-greece_athens-greece,Head of Wolt for Work - Greece,Wolt,"Athens, Greece",direct,other_tech,senior,"not_data_ai_field,not_fresher_ws_thesis,ambiguous_needs_review","{""job_id"": ""sem_wolt_head-of-wolt-for-work-greece_athens-greece"", ""title"": ""Head of Wolt for Work - Greece"", ""url"": null, ""job_url"": ""https://job-boards.greenhouse.io/wolt/jobs/8043241"", ""audience_reject_reasons"": [""not_data_ai_field"", ""not_fresher_ws_thesis"", ""ambiguous_needs_review""]}"
2026-09-30T21:23:46.104923+00:00,sem_wolt_inside-sales-associate_copenhagen-denmark,Inside Sales Associate,Wolt,"Copenhagen, Denmark",direct,other_tech,mid,"not_data_ai_field,not_fresher_ws_thesis,ambiguous_needs_review","{""job_id"": ""sem_wolt_inside-sales-associate_copenhagen-denmark"", ""title"": ""Inside Sales Associate"", ""url"": null, ""job_url"": ""https://job-boards.greenhouse.io/wolt/jobs/8112654"", ""audience_reject_reasons"": [""not_data_ai_field"", ""not_fresher_ws_thesis"", ""ambiguous_needs_review""]}"
2026-09-30T21:23:46.104923+00:00,sem_wolt_junior-key-account-manager-retail_oslo-norway,"Junior Key Account Manager, Retail",Wolt,"OSLO, Norway",direct,other_tech,junior,"not_eu,not_data_ai_field,ambiguous_needs_review","{""job_id"": ""sem_wolt_junior-key-account-manager-retail_oslo-norway"", ""title"": ""Junior Key Account Manager, Retail"", ""url"": null, ""job_url"": ""https://job-boards.greenhouse.io/wolt/jobs/8239639"", ""audience_reject_reasons"": [""not_eu"", ""not_data_ai_field"", ""ambiguous_needs_review""]}"
2026-09-30T21:23:46.104923+00:00,sem_wolt_lead-global-esg-reporting-strategy_berlin-germany-london-united-kingdom-stockholm-sweden,"Lead, Global ESG Reporting Strategy",Wolt,"Berlin, Germany; London, United Kingdom; Stockholm, Sweden",direct,other_tech,senior,"not_data_ai_field,not_fresher_ws_thesis,ambiguous_needs_review","{""job_id"": ""sem_wolt_lead-global-esg-reporting-strategy_berlin-germany-london-united-kingdom-stockholm-sweden"", ""title"": ""Lead, Global ESG Reporting Strategy"", ""url"": null, ""job_url"": ""https://job-boards.greenhouse.io/wolt/jobs/8073763"", ""audience_reject_reasons"": [""not_data_ai_field"", ""not_fresher_ws_thesis"", ""ambiguous_needs_review""]}"
2026-09-30T21:23:46.104923+00:00,sem_wolt_localisation-specialist-merchant-due-diligence-cdd_budapest-hungary-tallinn-estonia-warsaw-poland,"Localisation Specialist, Merchant Due Diligence (CDD)",Wolt,"Budapest, Hungary; Tallinn, Estonia; Warsaw, Poland",direct,qa_testing,senior,"not_data_ai_field,not_fresher_ws_thesis,ambiguous_needs_review","{""job_id"": ""sem_wolt_localisation-specialist-merchant-due-diligence-cdd_budapest-hungary-tallinn-estonia-warsaw-poland"", ""title"": ""Localisation Specialist, Merchant Due Diligence (CDD)"", ""url"": null, ""job_url"": ""https://job-boards.greenhouse.io/wolt/jobs/8192043"", ""audience_reject_reasons"": [""not_data_ai_field"", ""not_fresher_ws_thesis"", ""ambiguous_needs_review""]}"
2026-09-30T21:23:46.104923+00:00,sem_wolt_marketing-manager-fixed-term-employment_wien-austria,Marketing Manager (Fixed-term Employment),Wolt,"Wien, Austria",direct,other_tech,senior,"not_data_ai_field,not_fresher_ws_thesis,ambiguous_needs_review","{""job_id"": ""sem_wolt_marketing-manager-fixed-term-employment_wien-austria"", ""title"": ""Marketing Manager (Fixed-term Employment)"", ""url"": null, ""job_url"": ""https://job-boards.greenhouse.io/wolt/jobs/8222879"", ""audience_reject_reasons"": [""not_data_ai_field"", ""not_fresher_ws_thesis"", ""ambiguous_needs_review""]}"
2026-09-30T21:23:46.104923+00:00,sem_wolt_marketing-specialist_nicosia-cyprus,Marketing Specialist,Wolt,"Nicosia, Cyprus",direct,other_tech,senior,"not_data_ai_field,not_fresher_ws_thesis,ambiguous_needs_review","{""job_id"": ""sem_wolt_marketing-specialist_nicosia-cyprus"", ""title"": ""Marketing Specialist"", ""url"": null, ""job_url"": ""https://job-boards.greenhouse.io/wolt/jobs/8188371"", ""audience_reject_reasons"": [""not_data_ai_field"", ""not_fresher_ws_thesis"", ""ambiguous_needs_review""]}"
2026-09-30T21:23:46.104923+00:00,sem_wolt_merchant-account-development-manager-global-ads_vilnius-lithuania,Merchant Account Development Manager - Global Ads,Wolt,"Vilnius, Lithuania",direct,other_tech,senior,"not_data_ai_field,not_fresher_ws_thesis,ambiguous_needs_review","{""job_id"": ""sem_wolt_merchant-account-development-manager-global-ads_vilnius-lithuania"", ""title"": ""Merchant Account Development Manager - Global Ads"", ""url"": null, ""job_url"": ""https://job-boards.greenhouse.io/wolt/jobs/8026164"", ""audience_reject_reasons"": [""not_data_ai_field"", ""not_fresher_ws_thesis"", ""ambiguous_needs_review""]}"
2026-09-30T21:23:46.104923+00:00,sem_wolt_merchant-compliance-administrator-german-speaking_budapest-hungary,Merchant Compliance Administrator (German speaking),Wolt,"Budapest, Hungary",direct,other_tech,mid,"not_data_ai_field,not_fresher_ws_thesis,ambiguous_needs_review","{""job_id"": ""sem_wolt_merchant-compliance-administrator-german-speaking_budapest-hungary"", ""title"": ""Merchant Compliance Administrator (German speaking)"", ""url"": null, ""job_url"": ""https://job-boards.greenhouse.io/wolt/jobs/8223316"", ""audience_reject_reasons"": [""not_data_ai_field"", ""not_fresher_ws_thesis"", ""ambiguous_needs_review""]}"
2026-09-30T21:23:46.104923+00:00,sem_wolt_merchant-compliance-administrator-greek-speaking_budapest-hungary,Merchant Compliance Administrator (Greek speaking),Wolt,"Budapest, Hungary",direct,other_tech,mid,"not_data_ai_field,not_fresher_ws_thesis,ambiguous_needs_review","{""job_id"": ""sem_wolt_merchant-compliance-administrator-greek-speaking_budapest-hungary"", ""title"": ""Merchant Compliance Administrator (Greek speaking)"", ""url"": null, ""job_url"": ""https://job-boards.greenhouse.io/wolt/jobs/8223321"", ""audience_reject_reasons"": [""not_data_ai_field"", ""not_fresher_ws_thesis"", ""ambiguous_needs_review""]}"
2026-09-30T21:23:46.104923+00:00,sem_wolt_merchant-compliance-administrator_budapest-hungary,Merchant Compliance Administrator,Wolt,"Budapest, Hungary",direct,other_tech,mid,"not_data_ai_field,not_fresher_ws_thesis,ambiguous_needs_review","{""job_id"": ""sem_wolt_merchant-compliance-administrator_budapest-hungary"", ""title"": ""Merchant Compliance Administrator"", ""url"": null, ""job_url"": ""https://job-boards.greenhouse.io/wolt/jobs/7824072"", ""audience_reject_reasons"": [""not_data_ai_field"", ""not_fresher_ws_thesis"", ""ambiguous_needs_review""]}"
2026-09-30T21:23:46.104923+00:00,sem_wolt_merchant-services-associate_sweden,Merchant Services Associate,Wolt,Sweden,direct,other_tech,mid,"not_data_ai_field,not_fresher_ws_thesis,ambiguous_needs_review","{""job_id"": ""sem_wolt_merchant-services-associate_sweden"", ""title"": ""Merchant Services Associate"", ""url"": null, ""job_url"": ""https://job-boards.greenhouse.io/wolt/jobs/8154334"", ""audience_reject_reasons"": [""not_data_ai_field"", ""not_fresher_ws_thesis"", ""ambiguous_needs_review""]}"
2026-09-30T21:23:46.104923+00:00,sem_wolt_operations-associate-courier-community_wien-austria,"Operations Associate, Courier Community",Wolt,"Wien, Austria",direct,other_tech,mid,"not_data_ai_field,not_fresher_ws_thesis,ambiguous_needs_review","{""job_id"": ""sem_wolt_operations-associate-courier-community_wien-austria"", ""title"": ""Operations Associate, Courier Community"", ""url"": null, ""job_url"": ""https://job-boards.greenhouse.io/wolt/jobs/8188093"", ""audience_reject_reasons"": [""not_data_ai_field"", ""not_fresher_ws_thesis"", ""ambiguous_needs_review""]}"
2026-09-30T21:23:46.104923+00:00,sem_wolt_partner-operations-associate_berlin-germany,Partner Operations Associate,Wolt,"Berlin, Germany",direct,other_tech,senior,"not_data_ai_field,not_fresher_ws_thesis,ambiguous_needs_review","{""job_id"": ""sem_wolt_partner-operations-associate_berlin-germany"", ""title"": ""Partner Operations Associate"", ""url"": null, ""job_url"": ""https://job-boards.greenhouse.io/wolt/jobs/8184886"", ""audience_reject_reasons"": [""not_data_ai_field"", ""not_fresher_ws_thesis"", ""ambiguous_needs_review""]}"
2026-09-30T21:23:46.104923+00:00,sem_wolt_partner-success-specialist_belgrade-savski-venac-serbia,Partner Success Specialist,Wolt,"Belgrade - Savski Venac, Serbia",direct,other_tech,mid,"not_eu,not_data_ai_field,not_fresher_ws_thesis,ambiguous_needs_review","{""job_id"": ""sem_wolt_partner-success-specialist_belgrade-savski-venac-serbia"", ""title"": ""Partner Success Specialist"", ""url"": null, ""job_url"": ""https://job-boards.greenhouse.io/wolt/jobs/8155294"", ""audience_reject_reasons"": [""not_eu"", ""not_data_ai_field"", ""not_fresher_ws_thesis"", ""ambiguous_needs_review""]}"
2026-09-30T21:23:46.104923+00:00,sem_wolt_partnership-specialist-retail_athens-greece,Partnership Specialist | Retail,Wolt,"Athens, Greece",direct,other_tech,mid,"not_data_ai_field,not_fresher_ws_thesis,ambiguous_needs_review","{""job_id"": ""sem_wolt_partnership-specialist-retail_athens-greece"", ""title"": ""Partnership Specialist | Retail"", ""url"": null, ""job_url"": ""https://job-boards.greenhouse.io/wolt/jobs/7976700"", ""audience_reject_reasons"": [""not_data_ai_field"", ""not_fresher_ws_thesis"", ""ambiguous_needs_review""]}"
2026-09-30T21:23:46.104923+00:00,sem_wolt_platform-hiring-partner_helsinki-finland,Platform Hiring Partner,Wolt,"Helsinki, Finland",direct,other_tech,mid,"not_data_ai_field,not_fresher_ws_thesis,ambiguous_needs_review","{""job_id"": ""sem_wolt_platform-hiring-partner_helsinki-finland"", ""title"": ""Platform Hiring Partner"", ""url"": null, ""job_url"": ""https://job-boards.greenhouse.io/wolt/jobs/8230434"", ""audience_reject_reasons"": [""not_data_ai_field"", ""not_fresher_ws_thesis"", ""ambiguous_needs_review""]}"
2026-09-30T21:23:46.104923+00:00,sem_wolt_regional-workplace-manager-region-south_athens-greece-limassol-cyprus,"Regional Workplace Manager, Region South",Wolt,"Athens, Greece; Limassol, Cyprus",direct,other_tech,senior,"not_data_ai_field,not_fresher_ws_thesis,ambiguous_needs_review","{""job_id"": ""sem_wolt_regional-workplace-manager-region-south_athens-greece-limassol-cyprus"", ""title"": ""Regional Workplace Manager, Region South"", ""url"": null, ""job_url"": ""https://job-boards.greenhouse.io/wolt/jobs/7818482"", ""audience_reject_reasons"": [""not_data_ai_field"", ""not_fresher_ws_thesis"", ""ambiguous_needs_review""]}"
2026-09-30T21:23:46.104923+00:00,sem_wolt_restaurant-and-retail-administrator-finnish-speaking_budapest-hungary,Restaurant and Retail Administrator (Finnish Speaking),Wolt,"Budapest, Hungary",direct,other_tech,mid,"not_data_ai_field,not_fresher_ws_thesis,ambiguous_needs_review","{""job_id"": ""sem_wolt_restaurant-and-retail-administrator-finnish-speaking_budapest-hungary"", ""title"": ""Restaurant and Retail Administrator (Finnish Speaking)"", ""url"": null, ""job_url"": ""https://job-boards.greenhouse.io/wolt/jobs/6694874"", ""audience_reject_reasons"": [""not_data_ai_field"", ""not_fresher_ws_thesis"", ""ambiguous_needs_review""]}"
2026-09-30T21:23:46.104923+00:00,sem_wolt_restaurant-and-retail-administrator-swedish-speaking_budapest-hungary,"Restaurant and Retail Administrator, Swedish speaking",Wolt,"Budapest, Hungary",direct,other_tech,mid,"not_data_ai_field,not_fresher_ws_thesis,ambiguous_needs_review","{""job_id"": ""sem_wolt_restaurant-and-retail-administrator-swedish-speaking_budapest-hungary"", ""title"": ""Restaurant and Retail Administrator, Swedish speaking"", ""url"": null, ""job_url"": ""https://job-boards.greenhouse.io/wolt/jobs/6699197"", ""audience_reject_reasons"": [""not_data_ai_field"", ""not_fresher_ws_thesis"", ""ambiguous_needs_review""]}"
2026-09-30T21:23:46.104923+00:00,sem_wolt_restaurant-offboarding-specialist_berlin-germany,Restaurant Offboarding Specialist,Wolt,"Berlin, Germany",direct,other_tech,mid,"not_data_ai_field,not_fresher_ws_thesis,ambiguous_needs_review","{""job_id"": ""sem_wolt_restaurant-offboarding-specialist_berlin-germany"", ""title"": ""Restaurant Offboarding Specialist"", ""url"": null, ""job_url"": ""https://job-boards.greenhouse.io/wolt/jobs/8156190"", ""audience_reject_reasons"": [""not_data_ai_field"", ""not_fresher_ws_thesis"", ""ambiguous_needs_review""]}"
2026-09-30T21:23:46.104923+00:00,sem_wolt_restaurant-onboarding-associate_berlin-germany,Restaurant Onboarding Associate,Wolt,"Berlin, Germany",direct,other_tech,internship,"not_data_ai_field,ambiguous_needs_review","{""job_id"": ""sem_wolt_restaurant-onboarding-associate_berlin-germany"", ""title"": ""Restaurant Onboarding Associate"", ""url"": null, ""job_url"": ""https://job-boards.greenhouse.io/wolt/jobs/7856631"", ""audience_reject_reasons"": [""not_data_ai_field"", ""ambiguous_needs_review""]}"
2026-09-30T21:23:46.104923+00:00,sem_wolt_retail-account-manager_skopje-north-macedonia,Retail Account Manager,Wolt,"Skopje, North Macedonia",direct,other_tech,mid,"not_eu,not_data_ai_field,not_fresher_ws_thesis,ambiguous_needs_review","{""job_id"": ""sem_wolt_retail-account-manager_skopje-north-macedonia"", ""title"": ""Retail Account Manager"", ""url"": null, ""job_url"": ""https://job-boards.greenhouse.io/wolt/jobs/8166865"", ""audience_reject_reasons"": [""not_eu"", ""not_data_ai_field"", ""not_fresher_ws_thesis"", ""ambiguous_needs_review""]}"
2026-09-30T21:23:46.104923+00:00,sem_wolt_retail-grocery-assistant_larnaca-cyprus,Retail Grocery Assistant,Wolt,"Larnaca, Cyprus",direct,other_tech,mid,"not_data_ai_field,not_fresher_ws_thesis,ambiguous_needs_review","{""job_id"": ""sem_wolt_retail-grocery-assistant_larnaca-cyprus"", ""title"": ""Retail Grocery Assistant"", ""url"": null, ""job_url"": ""https://job-boards.greenhouse.io/wolt/jobs/6694523"", ""audience_reject_reasons"": [""not_data_ai_field"", ""not_fresher_ws_thesis"", ""ambiguous_needs_review""]}"
2026-09-30T21:23:46.104923+00:00,sem_wolt_retail-grocery-assistant_limassol-cyprus,Retail Grocery Assistant,Wolt,"Limassol, Cyprus",direct,other_tech,mid,"not_data_ai_field,not_fresher_ws_thesis,ambiguous_needs_review","{""job_id"": ""sem_wolt_retail-grocery-assistant_limassol-cyprus"", ""title"": ""Retail Grocery Assistant"", ""url"": null, ""job_url"": ""https://job-boards.greenhouse.io/wolt/jobs/6694528"", ""audience_reject_reasons"": [""not_data_ai_field"", ""not_fresher_ws_thesis"", ""ambiguous_needs_review""]}"
2026-09-30T21:23:46.104923+00:00,sem_wolt_retail-grocery-assistant_nicosia-cyprus,Retail Grocery Assistant,Wolt,"Nicosia, Cyprus",direct,other_tech,mid,"not_data_ai_field,not_fresher_ws_thesis,ambiguous_needs_review","{""job_id"": ""sem_wolt_retail-grocery-assistant_nicosia-cyprus"", ""title"": ""Retail Grocery Assistant"", ""url"": null, ""job_url"": ""https://job-boards.greenhouse.io/wolt/jobs/6739452"", ""audience_reject_reasons"": [""not_data_ai_field"", ""not_fresher_ws_thesis"", ""ambiguous_needs_review""]}"
2026-09-30T21:23:46.104923+00:00,sem_wolt_retail-grocery-assistant_paphos-cyprus,Retail Grocery Assistant,Wolt,"Paphos, Cyprus",direct,other_tech,mid,"not_data_ai_field,not_fresher_ws_thesis,ambiguous_needs_review","{""job_id"": ""sem_wolt_retail-grocery-assistant_paphos-cyprus"", ""title"": ""Retail Grocery Assistant"", ""url"": null, ""job_url"": ""https://job-boards.greenhouse.io/wolt/jobs/6693444"", ""audience_reject_reasons"": [""not_data_ai_field"", ""not_fresher_ws_thesis"", ""ambiguous_needs_review""]}"
2026-09-30T21:23:46.104923+00:00,sem_wolt_retail-grocery-assistant_paralimni-cyprus,Retail Grocery Assistant,Wolt,"Paralimni, Cyprus",direct,other_tech,mid,"not_data_ai_field,not_fresher_ws_thesis,ambiguous_needs_review","{""job_id"": ""sem_wolt_retail-grocery-assistant_paralimni-cyprus"", ""title"": ""Retail Grocery Assistant"", ""url"": null, ""job_url"": ""https://job-boards.greenhouse.io/wolt/jobs/6797490"", ""audience_reject_reasons"": [""not_data_ai_field"", ""not_fresher_ws_thesis"", ""ambiguous_needs_review""]}"
2026-09-30T21:23:46.104923+00:00,sem_wolt_retail-onboarding-specialist-german-speaking_berlin-germany,Retail Onboarding Specialist - German Speaking,Wolt,"Berlin, Germany",direct,other_tech,senior,"not_data_ai_field,not_fresher_ws_thesis,ambiguous_needs_review","{""job_id"": ""sem_wolt_retail-onboarding-specialist-german-speaking_berlin-germany"", ""title"": ""Retail Onboarding Specialist - German Speaking"", ""url"": null, ""job_url"": ""https://job-boards.greenhouse.io/wolt/jobs/7806247"", ""audience_reject_reasons"": [""not_data_ai_field"", ""not_fresher_ws_thesis"", ""ambiguous_needs_review""]}"
2026-09-30T21:23:46.104923+00:00,sem_wolt_retail-onboarding-team-lead-german-speaking_berlin-germany,Retail Onboarding Team Lead - German speaking,Wolt,"Berlin, Germany",direct,other_tech,senior,"not_data_ai_field,not_fresher_ws_thesis,ambiguous_needs_review","{""job_id"": ""sem_wolt_retail-onboarding-team-lead-german-speaking_berlin-germany"", ""title"": ""Retail Onboarding Team Lead - German speaking"", ""url"": null, ""job_url"": ""https://job-boards.greenhouse.io/wolt/jobs/8201197"", ""audience_reject_reasons"": [""not_data_ai_field"", ""not_fresher_ws_thesis"", ""ambiguous_needs_review""]}"
2026-09-30T21:23:46.104923+00:00,sem_wolt_sales-associate-wolt-wholesale_copenhagen-denmark,"Sales Associate, Wolt Wholesale",Wolt,"Copenhagen, Denmark",direct,other_tech,mid,"not_data_ai_field,not_fresher_ws_thesis,ambiguous_needs_review","{""job_id"": ""sem_wolt_sales-associate-wolt-wholesale_copenhagen-denmark"", ""title"": ""Sales Associate, Wolt Wholesale"", ""url"": null, ""job_url"": ""https://job-boards.greenhouse.io/wolt/jobs/8155260"", ""audience_reject_reasons"": [""not_data_ai_field"", ""not_fresher_ws_thesis"", ""ambiguous_needs_review""]}"
2026-09-30T21:23:46.104923+00:00,sem_wolt_sales-associate_ljubljana-slovenia,Sales Associate,Wolt,"Ljubljana, Slovenia",direct,other_tech,mid,"not_data_ai_field,not_fresher_ws_thesis,ambiguous_needs_review","{""job_id"": ""sem_wolt_sales-associate_ljubljana-slovenia"", ""title"": ""Sales Associate"", ""url"": null, ""job_url"": ""https://job-boards.greenhouse.io/wolt/jobs/8043179"", ""audience_reject_reasons"": [""not_data_ai_field"", ""not_fresher_ws_thesis"", ""ambiguous_needs_review""]}"
2026-09-30T21:23:46.104923+00:00,sem_wolt_sales-manager-l-sk_poland,Sales Manager (Śląsk),Wolt,Poland,direct,other_tech,senior,"not_data_ai_field,not_fresher_ws_thesis,ambiguous_needs_review","{""job_id"": ""sem_wolt_sales-manager-l-sk_poland"", ""title"": ""Sales Manager (\u015al\u0105sk)"", ""url"": null, ""job_url"": ""https://job-boards.greenhouse.io/wolt/jobs/8127758"", ""audience_reject_reasons"": [""not_data_ai_field"", ""not_fresher_ws_thesis"", ""ambiguous_needs_review""]}"
2026-09-30T21:23:46.104923+00:00,sem_wolt_sales-manager-tr-jmiasto_poland-remote,Sales Manager (Trójmiasto),Wolt,Poland; Remote,direct,other_tech,senior,"not_data_ai_field,not_fresher_ws_thesis,ambiguous_needs_review","{""job_id"": ""sem_wolt_sales-manager-tr-jmiasto_poland-remote"", ""title"": ""Sales Manager (Tr\u00f3jmiasto)"", ""url"": null, ""job_url"": ""https://job-boards.greenhouse.io/wolt/jobs/8147105"", ""audience_reject_reasons"": [""not_data_ai_field"", ""not_fresher_ws_thesis"", ""ambiguous_needs_review""]}"
2026-09-30T21:23:46.104923+00:00,sem_wolt_sales-manager-vertriebsmitarbeiter_berlin-germany,Sales Manager / Vertriebsmitarbeiter (m/w/d),Wolt,"Berlin, Germany",direct,other_tech,mid,"not_data_ai_field,not_fresher_ws_thesis,ambiguous_needs_review","{""job_id"": ""sem_wolt_sales-manager-vertriebsmitarbeiter_berlin-germany"", ""title"": ""Sales Manager / Vertriebsmitarbeiter (m/w/d)"", ""url"": null, ""job_url"": ""https://job-boards.greenhouse.io/wolt/jobs/8138816"", ""audience_reject_reasons"": [""not_data_ai_field"", ""not_fresher_ws_thesis"", ""ambiguous_needs_review""]}"
2026-09-30T21:23:46.104923+00:00,sem_wolt_sales-manager_bergen-norway-oslo-norway-stavanger-norway-trondheim-norway,Sales Manager,Wolt,"BERGEN, Norway; OSLO, Norway; Stavanger, Norway; Trondheim, Norway",direct,other_tech,junior,"not_eu,not_data_ai_field,ambiguous_needs_review","{""job_id"": ""sem_wolt_sales-manager_bergen-norway-oslo-norway-stavanger-norway-trondheim-norway"", ""title"": ""Sales Manager"", ""url"": null, ""job_url"": ""https://job-boards.greenhouse.io/wolt/jobs/8185760"", ""audience_reject_reasons"": [""not_eu"", ""not_data_ai_field"", ""ambiguous_needs_review""]}"
2026-09-30T21:23:46.104923+00:00,sem_wolt_sales-manager_copenhagen-denmark,Sales Manager,Wolt,"Copenhagen, Denmark",direct,other_tech,mid,"not_data_ai_field,not_fresher_ws_thesis,ambiguous_needs_review","{""job_id"": ""sem_wolt_sales-manager_copenhagen-denmark"", ""title"": ""Sales Manager"", ""url"": null, ""job_url"": ""https://job-boards.greenhouse.io/wolt/jobs/8045673"", ""audience_reject_reasons"": [""not_data_ai_field"", ""not_fresher_ws_thesis"", ""ambiguous_needs_review""]}"
2026-09-30T21:23:46.104923+00:00,sem_wolt_sales-manager_luxembourg-luxembourg,Sales Manager,Wolt,"Luxembourg, Luxembourg",direct,other_tech,mid,"not_data_ai_field,not_fresher_ws_thesis,ambiguous_needs_review","{""job_id"": ""sem_wolt_sales-manager_luxembourg-luxembourg"", ""title"": ""Sales Manager"", ""url"": null, ""job_url"": ""https://job-boards.greenhouse.io/wolt/jobs/8045924"", ""audience_reject_reasons"": [""not_data_ai_field"", ""not_fresher_ws_thesis"", ""ambiguous_needs_review""]}"
2026-09-30T21:23:46.104923+00:00,sem_wolt_sales-manager_prague-czechia,Sales Manager,Wolt,"Prague, Czechia",direct,other_tech,mid,"not_data_ai_field,not_fresher_ws_thesis,ambiguous_needs_review","{""job_id"": ""sem_wolt_sales-manager_prague-czechia"", ""title"": ""Sales Manager"", ""url"": null, ""job_url"": ""https://job-boards.greenhouse.io/wolt/jobs/8101644"", ""audience_reject_reasons"": [""not_data_ai_field"", ""not_fresher_ws_thesis"", ""ambiguous_needs_review""]}"
2026-09-30T21:23:46.104923+00:00,sem_wolt_sales-manager_sofia-bulgaria,Sales Manager,Wolt,"Sofia, Bulgaria",direct,other_tech,mid,"not_data_ai_field,not_fresher_ws_thesis,ambiguous_needs_review","{""job_id"": ""sem_wolt_sales-manager_sofia-bulgaria"", ""title"": ""Sales Manager"", ""url"": null, ""job_url"": ""https://job-boards.greenhouse.io/wolt/jobs/8191589"", ""audience_reject_reasons"": [""not_data_ai_field"", ""not_fresher_ws_thesis"", ""ambiguous_needs_review""]}"
2026-09-30T21:23:46.104923+00:00,sem_wolt_sales-manager_warsaw-poland,Sales Manager,Wolt,"Warsaw, Poland",direct,other_tech,senior,"not_data_ai_field,not_fresher_ws_thesis,ambiguous_needs_review","{""job_id"": ""sem_wolt_sales-manager_warsaw-poland"", ""title"": ""Sales Manager"", ""url"": null, ""job_url"": ""https://job-boards.greenhouse.io/wolt/jobs/8098204"", ""audience_reject_reasons"": [""not_data_ai_field"", ""not_fresher_ws_thesis"", ""ambiguous_needs_review""]}"
2026-09-30T21:23:46.104923+00:00,sem_wolt_sales-representative_athens-greece,Sales Representative,Wolt,"Athens, Greece",direct,other_tech,senior,"not_data_ai_field,not_fresher_ws_thesis,ambiguous_needs_review","{""job_id"": ""sem_wolt_sales-representative_athens-greece"", ""title"": ""Sales Representative"", ""url"": null, ""job_url"": ""https://job-boards.greenhouse.io/wolt/jobs/8200882"", ""audience_reject_reasons"": [""not_data_ai_field"", ""not_fresher_ws_thesis"", ""ambiguous_needs_review""]}"
2026-09-30T21:23:46.104923+00:00,sem_wolt_sales-specialist-western-slovenia_ljubljana-slovenia,Sales Specialist - Western Slovenia,Wolt,"Ljubljana, Slovenia",direct,other_tech,senior,"not_data_ai_field,not_fresher_ws_thesis,ambiguous_needs_review","{""job_id"": ""sem_wolt_sales-specialist-western-slovenia_ljubljana-slovenia"", ""title"": ""Sales Specialist - Western Slovenia"", ""url"": null, ""job_url"": ""https://job-boards.greenhouse.io/wolt/jobs/8090543"", ""audience_reject_reasons"": [""not_data_ai_field"", ""not_fresher_ws_thesis"", ""ambiguous_needs_review""]}"
2026-09-30T21:23:46.104923+00:00,sem_wolt_sales-specialist_bucharest-romania,Sales Specialist,Wolt,"Bucharest, Romania",direct,other_tech,mid,"not_data_ai_field,not_fresher_ws_thesis,ambiguous_needs_review","{""job_id"": ""sem_wolt_sales-specialist_bucharest-romania"", ""title"": ""Sales Specialist"", ""url"": null, ""job_url"": ""https://job-boards.greenhouse.io/wolt/jobs/8214168"", ""audience_reject_reasons"": [""not_data_ai_field"", ""not_fresher_ws_thesis"", ""ambiguous_needs_review""]}"
2026-09-30T21:23:46.104923+00:00,sem_wolt_sales-specialist_sofia-bulgaria,Sales Specialist,Wolt,"Sofia, Bulgaria",direct,other_tech,mid,"not_data_ai_field,not_fresher_ws_thesis,ambiguous_needs_review","{""job_id"": ""sem_wolt_sales-specialist_sofia-bulgaria"", ""title"": ""Sales Specialist"", ""url"": null, ""job_url"": ""https://job-boards.greenhouse.io/wolt/jobs/8172834"", ""audience_reject_reasons"": [""not_data_ai_field"", ""not_fresher_ws_thesis"", ""ambiguous_needs_review""]}"
2026-09-30T21:23:46.104923+00:00,sem_wolt_sales-specialist_warsaw-poland,Sales Specialist,Wolt,"Warsaw, Poland",direct,other_tech,mid,"not_data_ai_field,not_fresher_ws_thesis,ambiguous_needs_review","{""job_id"": ""sem_wolt_sales-specialist_warsaw-poland"", ""title"": ""Sales Specialist"", ""url"": null, ""job_url"": ""https://job-boards.greenhouse.io/wolt/jobs/8194809"", ""audience_reject_reasons"": [""not_data_ai_field"", ""not_fresher_ws_thesis"", ""ambiguous_needs_review""]}"
2026-09-30T21:23:46.104923+00:00,sem_wolt_sales-support-associate_athens-greece,Sales Support Associate,Wolt,"Athens, Greece",direct,other_tech,mid,"not_data_ai_field,not_fresher_ws_thesis,ambiguous_needs_review","{""job_id"": ""sem_wolt_sales-support-associate_athens-greece"", ""title"": ""Sales Support Associate"", ""url"": null, ""job_url"": ""https://job-boards.greenhouse.io/wolt/jobs/7917449"", ""audience_reject_reasons"": [""not_data_ai_field"", ""not_fresher_ws_thesis"", ""ambiguous_needs_review""]}"
2026-09-30T21:23:46.104923+00:00,sem_wolt_sales-support-associate_birkirkara-malta,Sales Support Associate,Wolt,"Birkirkara, Malta",direct,other_tech,mid,"not_data_ai_field,not_fresher_ws_thesis,ambiguous_needs_review","{""job_id"": ""sem_wolt_sales-support-associate_birkirkara-malta"", ""title"": ""Sales Support Associate"", ""url"": null, ""job_url"": ""https://job-boards.greenhouse.io/wolt/jobs/8235901"", ""audience_reject_reasons"": [""not_data_ai_field"", ""not_fresher_ws_thesis"", ""ambiguous_needs_review""]}"
2026-09-30T21:23:46.104923+00:00,sem_wolt_sales-support-associate_pristina-kosovo-tirana-albania,Sales Support Associate,Wolt,"Pristina, Kosovo; Tirana, Albania",direct,other_tech,mid,"not_eu,not_data_ai_field,not_fresher_ws_thesis,ambiguous_needs_review","{""job_id"": ""sem_wolt_sales-support-associate_pristina-kosovo-tirana-albania"", ""title"": ""Sales Support Associate"", ""url"": null, ""job_url"": ""https://job-boards.greenhouse.io/wolt/jobs/8132013"", ""audience_reject_reasons"": [""not_eu"", ""not_data_ai_field"", ""not_fresher_ws_thesis"", ""ambiguous_needs_review""]}"
2026-09-30T21:23:46.104923+00:00,sem_wolt_senior-enterprise-sales-manager-wolt-ads_athens-greece,Senior Enterprise Sales Manager - Wolt Ads,Wolt,"Athens, Greece",direct,other_tech,senior,"not_data_ai_field,not_fresher_ws_thesis,ambiguous_needs_review","{""job_id"": ""sem_wolt_senior-enterprise-sales-manager-wolt-ads_athens-greece"", ""title"": ""Senior Enterprise Sales Manager - Wolt Ads"", ""url"": null, ""job_url"": ""https://job-boards.greenhouse.io/wolt/jobs/8012602"", ""audience_reject_reasons"": [""not_data_ai_field"", ""not_fresher_ws_thesis"", ""ambiguous_needs_review""]}"
2026-09-30T21:23:46.104923+00:00,sem_wolt_senior-enterprise-sales-manager_berlin-germany,Senior Enterprise Sales Manager (m/w/d),Wolt,"Berlin, Germany",direct,business_intelligence,senior,"not_fresher_ws_thesis,ambiguous_needs_review","{""job_id"": ""sem_wolt_senior-enterprise-sales-manager_berlin-germany"", ""title"": ""Senior Enterprise Sales Manager (m/w/d)"", ""url"": null, ""job_url"": ""https://job-boards.greenhouse.io/wolt/jobs/8038439"", ""audience_reject_reasons"": [""not_fresher_ws_thesis"", ""ambiguous_needs_review""]}"
2026-09-30T21:23:46.104923+00:00,sem_wolt_senior-localisation-specialist_budapest-hungary-tallinn-estonia-warsaw-poland,Senior Localisation Specialist,Wolt,"Budapest, Hungary; Tallinn, Estonia; Warsaw, Poland",direct,qa_testing,senior,"not_data_ai_field,not_fresher_ws_thesis,ambiguous_needs_review","{""job_id"": ""sem_wolt_senior-localisation-specialist_budapest-hungary-tallinn-estonia-warsaw-poland"", ""title"": ""Senior Localisation Specialist"", ""url"": null, ""job_url"": ""https://job-boards.greenhouse.io/wolt/jobs/8190750"", ""audience_reject_reasons"": [""not_data_ai_field"", ""not_fresher_ws_thesis"", ""ambiguous_needs_review""]}"
2026-09-30T21:23:46.104923+00:00,sem_wolt_senior-sales-manager-regional-enterprise_berlin-germany-cologne-germany-frankfurt-am-main-germany-hamburg-germany-munich-germany,"Senior Sales Manager, Regional Enterprise",Wolt,"Berlin, Germany; Cologne, Germany; Frankfurt am Main, Germany; Hamburg, Germany; Munich, Germany",direct,other_tech,senior,"not_data_ai_field,not_fresher_ws_thesis,ambiguous_needs_review","{""job_id"": ""sem_wolt_senior-sales-manager-regional-enterprise_berlin-germany-cologne-germany-frankfurt-am-main-germany-hamburg-germany-munich-germany"", ""title"": ""Senior Sales Manager, Regional Enterprise"", ""url"": null, ""job_url"": ""https://job-boards.greenhouse.io/wolt/jobs/8143154"", ""audience_reject_reasons"": [""not_data_ai_field"", ""not_fresher_ws_thesis"", ""ambiguous_needs_review""]}"
2026-09-30T21:23:46.104923+00:00,sem_wolt_serbian-speaking-support-associate-part-time-belgrade_belgrade-serbia,"Serbian-Speaking Support Associate (Part-Time, Belgrade)",Wolt,"Belgrade, Serbia",direct,other_tech,mid,"not_eu,not_data_ai_field,not_fresher_ws_thesis,ambiguous_needs_review","{""job_id"": ""sem_wolt_serbian-speaking-support-associate-part-time-belgrade_belgrade-serbia"", ""title"": ""Serbian-Speaking Support Associate (Part-Time, Belgrade)"", ""url"": null, ""job_url"": ""https://job-boards.greenhouse.io/wolt/jobs/7921169"", ""audience_reject_reasons"": [""not_eu"", ""not_data_ai_field"", ""not_fresher_ws_thesis"", ""ambiguous_needs_review""]}"
2026-09-30T21:23:46.104923+00:00,sem_wolt_serbian-speaking-support-associate-part-time-kragujevac_kragujevac-serbia,"Serbian-Speaking Support Associate (Part-Time, Kragujevac)",Wolt,"Kragujevac, Serbia",direct,other_tech,mid,"not_eu,not_data_ai_field,not_fresher_ws_thesis,ambiguous_needs_review","{""job_id"": ""sem_wolt_serbian-speaking-support-associate-part-time-kragujevac_kragujevac-serbia"", ""title"": ""Serbian-Speaking Support Associate (Part-Time, Kragujevac)"", ""url"": null, ""job_url"": ""https://job-boards.greenhouse.io/wolt/jobs/7921246"", ""audience_reject_reasons"": [""not_eu"", ""not_data_ai_field"", ""not_fresher_ws_thesis"", ""ambiguous_needs_review""]}"
2026-09-30T21:23:46.104923+00:00,sem_wolt_shift-lead-grocery-associate_belgrade-serbia,Shift Lead Grocery Associate,Wolt,"Belgrade, Serbia",direct,other_tech,senior,"not_eu,not_data_ai_field,not_fresher_ws_thesis,ambiguous_needs_review","{""job_id"": ""sem_wolt_shift-lead-grocery-associate_belgrade-serbia"", ""title"": ""Shift Lead Grocery Associate"", ""url"": null, ""job_url"": ""https://job-boards.greenhouse.io/wolt/jobs/7837957"", ""audience_reject_reasons"": [""not_eu"", ""not_data_ai_field"", ""not_fresher_ws_thesis"", ""ambiguous_needs_review""]}"
2026-09-30T21:23:46.104923+00:00,sem_wolt_shift-lead-wolt-market-attica_athens-greece,Shift Lead - Wolt Market Attica,Wolt,"Athens, Greece",direct,other_tech,senior,"not_data_ai_field,not_fresher_ws_thesis,ambiguous_needs_review","{""job_id"": ""sem_wolt_shift-lead-wolt-market-attica_athens-greece"", ""title"": ""Shift Lead - Wolt Market Attica"", ""url"": null, ""job_url"": ""https://job-boards.greenhouse.io/wolt/jobs/7988678"", ""audience_reject_reasons"": [""not_data_ai_field"", ""not_fresher_ws_thesis"", ""ambiguous_needs_review""]}"
2026-09-30T21:23:46.104923+00:00,sem_wolt_shift-lead-wolt-market-buda_budapest-hungary,Shift Lead - Wolt Market Buda,Wolt,"Budapest, Hungary",direct,other_tech,senior,"not_data_ai_field,not_fresher_ws_thesis,ambiguous_needs_review","{""job_id"": ""sem_wolt_shift-lead-wolt-market-buda_budapest-hungary"", ""title"": ""Shift Lead - Wolt Market Buda"", ""url"": null, ""job_url"": ""https://job-boards.greenhouse.io/wolt/jobs/8045935"", ""audience_reject_reasons"": [""not_data_ai_field"", ""not_fresher_ws_thesis"", ""ambiguous_needs_review""]}"
2026-09-30T21:23:46.104923+00:00,sem_wolt_shift-lead-wolt-market-glyfada_athens-greece,Shift Lead - Wolt Market Glyfada,Wolt,"Athens, Greece",direct,other_tech,senior,"not_data_ai_field,not_fresher_ws_thesis,ambiguous_needs_review","{""job_id"": ""sem_wolt_shift-lead-wolt-market-glyfada_athens-greece"", ""title"": ""Shift Lead - Wolt Market Glyfada"", ""url"": null, ""job_url"": ""https://job-boards.greenhouse.io/wolt/jobs/7571072"", ""audience_reject_reasons"": [""not_data_ai_field"", ""not_fresher_ws_thesis"", ""ambiguous_needs_review""]}"
2026-09-30T21:23:46.104923+00:00,sem_wolt_shift-lead-wolt-market-keleti_budapest-hungary,Shift Lead - Wolt Market Keleti,Wolt,"Budapest, Hungary",direct,other_tech,senior,"not_data_ai_field,not_fresher_ws_thesis,ambiguous_needs_review","{""job_id"": ""sem_wolt_shift-lead-wolt-market-keleti_budapest-hungary"", ""title"": ""Shift Lead - Wolt Market Keleti"", ""url"": null, ""job_url"": ""https://job-boards.greenhouse.io/wolt/jobs/7971951"", ""audience_reject_reasons"": [""not_data_ai_field"", ""not_fresher_ws_thesis"", ""ambiguous_needs_review""]}"
2026-09-30T21:23:46.104923+00:00,sem_wolt_shift-lead-wolt-market-marousi_athens-greece,Shift Lead - Wolt Market Marousi,Wolt,"Athens, Greece",direct,other_tech,senior,"not_data_ai_field,not_fresher_ws_thesis,ambiguous_needs_review","{""job_id"": ""sem_wolt_shift-lead-wolt-market-marousi_athens-greece"", ""title"": ""Shift Lead - Wolt Market Marousi"", ""url"": null, ""job_url"": ""https://job-boards.greenhouse.io/wolt/jobs/6735470"", ""audience_reject_reasons"": [""not_data_ai_field"", ""not_fresher_ws_thesis"", ""ambiguous_needs_review""]}"
2026-09-30T21:23:46.104923+00:00,sem_wolt_shift-lead-wolt-market-zugl_budapest-hungary,Shift Lead - Wolt Market Zugló,Wolt,"Budapest, Hungary",direct,other_tech,senior,"not_data_ai_field,not_fresher_ws_thesis,ambiguous_needs_review","{""job_id"": ""sem_wolt_shift-lead-wolt-market-zugl_budapest-hungary"", ""title"": ""Shift Lead - Wolt Market Zugl\u00f3"", ""url"": null, ""job_url"": ""https://job-boards.greenhouse.io/wolt/jobs/8121261"", ""audience_reject_reasons"": [""not_data_ai_field"", ""not_fresher_ws_thesis"", ""ambiguous_needs_review""]}"
2026-09-30T21:23:46.104923+00:00,sem_wolt_store-manager-wm_athens-greece,Store Manager (WM),Wolt,"Athens, Greece",direct,other_tech,senior,"not_data_ai_field,not_fresher_ws_thesis,ambiguous_needs_review","{""job_id"": ""sem_wolt_store-manager-wm_athens-greece"", ""title"": ""Store Manager (WM)"", ""url"": null, ""job_url"": ""https://job-boards.greenhouse.io/wolt/jobs/8078781"", ""audience_reject_reasons"": [""not_data_ai_field"", ""not_fresher_ws_thesis"", ""ambiguous_needs_review""]}"
2026-09-30T21:23:46.104923+00:00,sem_wolt_store-manager-wm_copenhagen-denmark,Store Manager (WM),Wolt,"Copenhagen, Denmark",direct,other_tech,senior,"not_data_ai_field,not_fresher_ws_thesis,ambiguous_needs_review","{""job_id"": ""sem_wolt_store-manager-wm_copenhagen-denmark"", ""title"": ""Store Manager (WM)"", ""url"": null, ""job_url"": ""https://job-boards.greenhouse.io/wolt/jobs/8053491"", ""audience_reject_reasons"": [""not_data_ai_field"", ""not_fresher_ws_thesis"", ""ambiguous_needs_review""]}"
2026-09-30T21:23:46.104923+00:00,sem_wolt_store-manager-wm_nicosia-cyprus,Store Manager (WM),Wolt,"Nicosia, Cyprus",direct,other_tech,senior,"not_data_ai_field,not_fresher_ws_thesis,ambiguous_needs_review","{""job_id"": ""sem_wolt_store-manager-wm_nicosia-cyprus"", ""title"": ""Store Manager (WM)"", ""url"": null, ""job_url"": ""https://job-boards.greenhouse.io/wolt/jobs/8213982"", ""audience_reject_reasons"": [""not_data_ai_field"", ""not_fresher_ws_thesis"", ""ambiguous_needs_review""]}"
2026-09-30T21:23:46.104923+00:00,sem_wolt_store-manager-wm_riga-latvia,Store Manager (WM),Wolt,"Riga, Latvia",direct,other_tech,senior,"not_data_ai_field,not_fresher_ws_thesis,ambiguous_needs_review","{""job_id"": ""sem_wolt_store-manager-wm_riga-latvia"", ""title"": ""Store Manager (WM)"", ""url"": null, ""job_url"": ""https://job-boards.greenhouse.io/wolt/jobs/8174309"", ""audience_reject_reasons"": [""not_data_ai_field"", ""not_fresher_ws_thesis"", ""ambiguous_needs_review""]}"
2026-09-30T21:23:46.104923+00:00,sem_wolt_support-associate-full-time-remote_ko-ice-slovakia-slovakia,Support Associate (Full-Time Remote),Wolt,"Košice, Slovakia; Slovakia",direct,other_tech,mid,"not_data_ai_field,not_fresher_ws_thesis,ambiguous_needs_review","{""job_id"": ""sem_wolt_support-associate-full-time-remote_ko-ice-slovakia-slovakia"", ""title"": ""Support Associate (Full-Time Remote)"", ""url"": null, ""job_url"": ""https://job-boards.greenhouse.io/wolt/jobs/6693465"", ""audience_reject_reasons"": [""not_data_ai_field"", ""not_fresher_ws_thesis"", ""ambiguous_needs_review""]}"
2026-09-30T21:23:46.104923+00:00,sem_wolt_support-associate-full-time_vilnius-lithuania,Support Associate (Full-time),Wolt,"Vilnius, Lithuania",direct,other_tech,mid,"not_data_ai_field,not_fresher_ws_thesis,ambiguous_needs_review","{""job_id"": ""sem_wolt_support-associate-full-time_vilnius-lithuania"", ""title"": ""Support Associate (Full-time)"", ""url"": null, ""job_url"": ""https://job-boards.greenhouse.io/wolt/jobs/7649595"", ""audience_reject_reasons"": [""not_data_ai_field"", ""not_fresher_ws_thesis"", ""ambiguous_needs_review""]}"
2026-09-30T21:23:46.104923+00:00,sem_wolt_support-associate-full-time_warsaw-poland,Support Associate (Full-Time),Wolt,"Warsaw, Poland",direct,other_tech,mid,"not_data_ai_field,not_fresher_ws_thesis,ambiguous_needs_review","{""job_id"": ""sem_wolt_support-associate-full-time_warsaw-poland"", ""title"": ""Support Associate (Full-Time)"", ""url"": null, ""job_url"": ""https://job-boards.greenhouse.io/wolt/jobs/6999015"", ""audience_reject_reasons"": [""not_data_ai_field"", ""not_fresher_ws_thesis"", ""ambiguous_needs_review""]}"
2026-09-30T21:23:46.104923+00:00,sem_wolt_support-associate-fulltime-student-ljubljana_ljubljana-slovenia,Support Associate - Fulltime/Student- Ljubljana,Wolt,"Ljubljana, Slovenia",direct,other_tech,mid,"not_data_ai_field,not_fresher_ws_thesis,ambiguous_needs_review","{""job_id"": ""sem_wolt_support-associate-fulltime-student-ljubljana_ljubljana-slovenia"", ""title"": ""Support Associate - Fulltime/Student- Ljubljana"", ""url"": null, ""job_url"": ""https://job-boards.greenhouse.io/wolt/jobs/6693504"", ""audience_reject_reasons"": [""not_data_ai_field"", ""not_fresher_ws_thesis"", ""ambiguous_needs_review""]}"
2026-09-30T21:23:46.104923+00:00,sem_wolt_support-associate-hungarian-speaking-student_budapest-hungary,Support Associate (Hungarian speaking student),Wolt,"Budapest, Hungary",direct,other_tech,mid,"not_data_ai_field,not_fresher_ws_thesis,ambiguous_needs_review","{""job_id"": ""sem_wolt_support-associate-hungarian-speaking-student_budapest-hungary"", ""title"": ""Support Associate (Hungarian speaking student)"", ""url"": null, ""job_url"": ""https://job-boards.greenhouse.io/wolt/jobs/8050398"", ""audience_reject_reasons"": [""not_data_ai_field"", ""not_fresher_ws_thesis"", ""ambiguous_needs_review""]}"
2026-09-30T21:23:46.104923+00:00,sem_wolt_support-associate-kundenservice-in-teilzeit-englisch-c1-und-deutsch-c1_berlin-germany,Support Associate / Kundenservice (m/w/d) in Teilzeit (Englisch C1 und Deutsch C1),Wolt,"Berlin, Germany",direct,other_tech,mid,"not_data_ai_field,not_fresher_ws_thesis,ambiguous_needs_review","{""job_id"": ""sem_wolt_support-associate-kundenservice-in-teilzeit-englisch-c1-und-deutsch-c1_berlin-germany"", ""title"": ""Support Associate / Kundenservice (m/w/d) in Teilzeit (Englisch C1 und Deutsch C1)"", ""url"": null, ""job_url"": ""https://job-boards.greenhouse.io/wolt/jobs/6694018"", ""audience_reject_reasons"": [""not_data_ai_field"", ""not_fresher_ws_thesis"", ""ambiguous_needs_review""]}"
2026-09-30T21:23:46.104923+00:00,sem_wolt_support-associate-kundenservice-in-vollzeit-englisch-c1-und-deutsch-c1_berlin-germany,Support Associate / Kundenservice (m/w/d) in Vollzeit (Englisch C1 und Deutsch C1),Wolt,"Berlin, Germany",direct,other_tech,mid,"not_data_ai_field,not_fresher_ws_thesis,ambiguous_needs_review","{""job_id"": ""sem_wolt_support-associate-kundenservice-in-vollzeit-englisch-c1-und-deutsch-c1_berlin-germany"", ""title"": ""Support Associate / Kundenservice (m/w/d) in Vollzeit (Englisch C1 und Deutsch C1)"", ""url"": null, ""job_url"": ""https://job-boards.greenhouse.io/wolt/jobs/6693683"", ""audience_reject_reasons"": [""not_data_ai_field"", ""not_fresher_ws_thesis"", ""ambiguous_needs_review""]}"
2026-09-30T21:23:46.104923+00:00,sem_wolt_support-associate-kundenservice-mitarbeiter_wien-austria,Support Associate / Kundenservice-Mitarbeiter,Wolt,"Wien, Austria",direct,other_tech,mid,"not_data_ai_field,not_fresher_ws_thesis,ambiguous_needs_review","{""job_id"": ""sem_wolt_support-associate-kundenservice-mitarbeiter_wien-austria"", ""title"": ""Support Associate / Kundenservice-Mitarbeiter"", ""url"": null, ""job_url"": ""https://job-boards.greenhouse.io/wolt/jobs/6694239"", ""audience_reject_reasons"": [""not_data_ai_field"", ""not_fresher_ws_thesis"", ""ambiguous_needs_review""]}"
2026-09-30T21:23:46.104923+00:00,sem_wolt_support-associate-part-time-remote_ko-ice-slovakia-slovakia,Support Associate (Part -Time Remote),Wolt,"Košice, Slovakia; Slovakia",direct,other_tech,mid,"not_data_ai_field,not_fresher_ws_thesis,ambiguous_needs_review","{""job_id"": ""sem_wolt_support-associate-part-time-remote_ko-ice-slovakia-slovakia"", ""title"": ""Support Associate (Part -Time Remote)"", ""url"": null, ""job_url"": ""https://job-boards.greenhouse.io/wolt/jobs/6693496"", ""audience_reject_reasons"": [""not_data_ai_field"", ""not_fresher_ws_thesis"", ""ambiguous_needs_review""]}"
2026-09-30T21:23:46.104923+00:00,sem_wolt_support-associate_oslo-norway,Support Associate,Wolt,"OSLO, Norway",direct,other_tech,mid,"not_eu,not_data_ai_field,not_fresher_ws_thesis,ambiguous_needs_review","{""job_id"": ""sem_wolt_support-associate_oslo-norway"", ""title"": ""Support Associate"", ""url"": null, ""job_url"": ""https://job-boards.greenhouse.io/wolt/jobs/7538295"", ""audience_reject_reasons"": [""not_eu"", ""not_data_ai_field"", ""not_fresher_ws_thesis"", ""ambiguous_needs_review""]}"
2026-09-30T21:23:46.104923+00:00,sem_wolt_support-associate_sofia-bulgaria,Support Associate,Wolt,"Sofia, Bulgaria",direct,other_tech,mid,"not_data_ai_field,not_fresher_ws_thesis,ambiguous_needs_review","{""job_id"": ""sem_wolt_support-associate_sofia-bulgaria"", ""title"": ""Support Associate"", ""url"": null, ""job_url"": ""https://job-boards.greenhouse.io/wolt/jobs/6693568"", ""audience_reject_reasons"": [""not_data_ai_field"", ""not_fresher_ws_thesis"", ""ambiguous_needs_review""]}"
2026-09-30T21:23:46.104923+00:00,sem_wolt_support-team-lead-italian-speaking_tirana-albania,Support Team Lead (Italian speaking),Wolt,"Tirana, Albania",direct,other_tech,senior,"not_eu,not_data_ai_field,not_fresher_ws_thesis,ambiguous_needs_review","{""job_id"": ""sem_wolt_support-team-lead-italian-speaking_tirana-albania"", ""title"": ""Support Team Lead (Italian speaking)"", ""url"": null, ""job_url"": ""https://job-boards.greenhouse.io/wolt/jobs/8030657"", ""audience_reject_reasons"": [""not_eu"", ""not_data_ai_field"", ""not_fresher_ws_thesis"", ""ambiguous_needs_review""]}"
2026-09-30T21:23:46.104923+00:00,sem_wolt_support-team-lead_budapest-hungary,Support Team Lead,Wolt,"Budapest, Hungary",direct,other_tech,senior,"not_data_ai_field,not_fresher_ws_thesis,ambiguous_needs_review","{""job_id"": ""sem_wolt_support-team-lead_budapest-hungary"", ""title"": ""Support Team Lead"", ""url"": null, ""job_url"": ""https://job-boards.greenhouse.io/wolt/jobs/8066639"", ""audience_reject_reasons"": [""not_data_ai_field"", ""not_fresher_ws_thesis"", ""ambiguous_needs_review""]}"
2026-09-30T21:23:46.104923+00:00,sem_wolt_support-team-lead_thessaloniki-greece,Support Team Lead,Wolt,"Thessaloniki, Greece",direct,other_tech,senior,"not_data_ai_field,not_fresher_ws_thesis,ambiguous_needs_review","{""job_id"": ""sem_wolt_support-team-lead_thessaloniki-greece"", ""title"": ""Support Team Lead"", ""url"": null, ""job_url"": ""https://job-boards.greenhouse.io/wolt/jobs/7869663"", ""audience_reject_reasons"": [""not_data_ai_field"", ""not_fresher_ws_thesis"", ""ambiguous_needs_review""]}"
2026-09-30T21:23:46.104923+00:00,sem_wolt_tax-manager_helsinki-finland,Tax Manager,Wolt,"Helsinki, Finland",direct,other_tech,mid,"not_data_ai_field,not_fresher_ws_thesis,ambiguous_needs_review","{""job_id"": ""sem_wolt_tax-manager_helsinki-finland"", ""title"": ""Tax Manager"", ""url"": null, ""job_url"": ""https://job-boards.greenhouse.io/wolt/jobs/8127910"", ""audience_reject_reasons"": [""not_data_ai_field"", ""not_fresher_ws_thesis"", ""ambiguous_needs_review""]}"
2026-09-30T21:23:46.104923+00:00,sem_wolt_team-lead-people-services_budapest-hungary,"Team Lead, People Services",Wolt,"Budapest, Hungary",direct,other_tech,senior,"not_data_ai_field,not_fresher_ws_thesis,ambiguous_needs_review","{""job_id"": ""sem_wolt_team-lead-people-services_budapest-hungary"", ""title"": ""Team Lead, People Services"", ""url"": null, ""job_url"": ""https://job-boards.greenhouse.io/wolt/jobs/8146852"", ""audience_reject_reasons"": [""not_data_ai_field"", ""not_fresher_ws_thesis"", ""ambiguous_needs_review""]}"
2026-09-30T21:23:46.104923+00:00,sem_wolt_technical-account-manager-emea-lead-doordash-offsite_berlin-germany,Technical Account Manager - EMEA Lead - Doordash Offsite,Wolt,"Berlin, Germany",direct,other_tech,senior,"not_data_ai_field,not_fresher_ws_thesis,ambiguous_needs_review","{""job_id"": ""sem_wolt_technical-account-manager-emea-lead-doordash-offsite_berlin-germany"", ""title"": ""Technical Account Manager - EMEA Lead - Doordash Offsite"", ""url"": null, ""job_url"": ""https://job-boards.greenhouse.io/wolt/jobs/8141720"", ""audience_reject_reasons"": [""not_data_ai_field"", ""not_fresher_ws_thesis"", ""ambiguous_needs_review""]}"
2026-09-30T21:23:46.104923+00:00,sem_wolt_trust-safety-program-manager_berlin-germany,Trust & Safety Program Manager,Wolt,"Berlin, Germany",direct,business_intelligence,senior,"not_fresher_ws_thesis,ambiguous_needs_review","{""job_id"": ""sem_wolt_trust-safety-program-manager_berlin-germany"", ""title"": ""Trust & Safety Program Manager"", ""url"": null, ""job_url"": ""https://job-boards.greenhouse.io/wolt/jobs/8014101"", ""audience_reject_reasons"": [""not_fresher_ws_thesis"", ""ambiguous_needs_review""]}"
2026-09-30T21:23:46.104923+00:00,sem_wolt_vat-manager_helsinki-finland,VAT Manager,Wolt,"Helsinki, Finland",direct,other_tech,senior,"not_data_ai_field,not_fresher_ws_thesis,ambiguous_needs_review","{""job_id"": ""sem_wolt_vat-manager_helsinki-finland"", ""title"": ""VAT Manager"", ""url"": null, ""job_url"": ""https://job-boards.greenhouse.io/wolt/jobs/8220475"", ""audience_reject_reasons"": [""not_data_ai_field"", ""not_fresher_ws_thesis"", ""ambiguous_needs_review""]}"
2026-09-30T21:23:46.104923+00:00,sem_wolt_wolt-market-buda-rs-warehouse-rakt-ri-munkat-rs_budapest-hungary,Wolt Market Budaörs Warehouse - Raktári munkatárs,Wolt,"Budapest, Hungary",direct,other_tech,mid,"not_data_ai_field,not_fresher_ws_thesis,ambiguous_needs_review","{""job_id"": ""sem_wolt_wolt-market-buda-rs-warehouse-rakt-ri-munkat-rs_budapest-hungary"", ""title"": ""Wolt Market Buda\u00f6rs Warehouse - Rakt\u00e1ri munkat\u00e1rs"", ""url"": null, ""job_url"": ""https://job-boards.greenhouse.io/wolt/jobs/8188376"", ""audience_reject_reasons"": [""not_data_ai_field"", ""not_fresher_ws_thesis"", ""ambiguous_needs_review""]}"
2026-09-30T21:23:46.104923+00:00,sem_wolt_workforce-coordinator_zagreb-croatia,Workforce Coordinator,Wolt,"Zagreb, Croatia",direct,other_tech,senior,"not_data_ai_field,not_fresher_ws_thesis,ambiguous_needs_review","{""job_id"": ""sem_wolt_workforce-coordinator_zagreb-croatia"", ""title"": ""Workforce Coordinator"", ""url"": null, ""job_url"": ""https://job-boards.greenhouse.io/wolt/jobs/8170931"", ""audience_reject_reasons"": [""not_data_ai_field"", ""not_fresher_ws_thesis"", ""ambiguous_needs_review""]}"
2026-09-30T21:23:46.104923+00:00,sem_wolt_workplace-coordinator_tallinn-estonia,Workplace Coordinator,Wolt,"Tallinn, Estonia",direct,other_tech,senior,"not_data_ai_field,not_fresher_ws_thesis,ambiguous_needs_review","{""job_id"": ""sem_wolt_workplace-coordinator_tallinn-estonia"", ""title"": ""Workplace Coordinator"", ""url"": null, ""job_url"": ""https://job-boards.greenhouse.io/wolt/jobs/8230253"", ""audience_reject_reasons"": [""not_data_ai_field"", ""not_fresher_ws_thesis"", ""ambiguous_needs_review""]}"
2026-09-30T21:23:46.104923+00:00,sem_wolt_workplace-manager_zagreb-croatia,Workplace Manager,Wolt,"Zagreb, Croatia",direct,other_tech,senior,"not_data_ai_field,not_fresher_ws_thesis,ambiguous_needs_review","{""job_id"": ""sem_wolt_workplace-manager_zagreb-croatia"", ""title"": ""Workplace Manager"", ""url"": null, ""job_url"": ""https://job-boards.greenhouse.io/wolt/jobs/8233003"", ""audience_reject_reasons"": [""not_data_ai_field"", ""not_fresher_ws_thesis"", ""ambiguous_needs_review""]}"
2026-09-30T21:23:46.104923+00:00,sem_zara_visual-commercial_m-nster,Visual Commercial (m/w/d),Zara,Münster,arbeitnow,other_tech,mid,"not_data_ai_field,not_fresher_ws_thesis,ambiguous_needs_review","{""job_id"": ""sem_zara_visual-commercial_m-nster"", ""title"": ""Visual Commercial (m/w/d)"", ""url"": null, ""job_url"": ""https://www.arbeitnow.com/jobs/companies/zara/visual-commercial-munster-369375"", ""audience_reject_reasons"": [""not_data_ai_field"", ""not_fresher_ws_thesis"", ""ambiguous_needs_review""]}"
2026-09-30T21:23:46.104923+00:00,sem_zscaler_account-executive-majors-romandy_,"Account Executive, Majors - Romandy",zscaler,,arbeitnow,other_tech,mid,"not_eu,not_data_ai_field,not_fresher_ws_thesis,ambiguous_needs_review","{""job_id"": ""sem_zscaler_account-executive-majors-romandy_"", ""title"": ""Account Executive, Majors - Romandy"", ""url"": null, ""job_url"": ""https://www.arbeitnow.ch/jobs/companies/zscaler/account-executive-majors-romandy-314508"", ""audience_reject_reasons"": [""not_eu"", ""not_data_ai_field"", ""not_fresher_ws_thesis"", ""ambiguous_needs_review""]}"
