decided_at,job_id,decision,field,seniority,confidence,method,reason,title,company,location,source
2026-10-01T09:15:42.720206+00:00,sem_1komma5_chief-of-staff-go-to-market_berlin,reject,non_tech,senior,0.85,rules,"not_data_ai_field,not_fresher_ws_thesis",Chief of Staff Go to Market (m/f/d),1KOMMA5,Berlin,direct
2026-10-01T09:15:42.720330+00:00,sem_1komma5_experte-energiewirtschaft-marktkommunikation_berlin,reject,non_tech,senior,0.85,rules,"not_data_ai_field,not_fresher_ws_thesis",(Senior) Experte Energiewirtschaft / Marktkommunikation (m/w/d),1KOMMA5,Berlin,direct
2026-10-01T09:15:42.720467+00:00,sem_1komma5_head-of-utility-products-services_berlin,reject,non_tech,senior,0.85,rules,"not_data_ai_field,not_fresher_ws_thesis",Head of Utility Products & Services (m/f/d),1KOMMA5,Berlin,direct
2026-10-01T09:15:42.720591+00:00,sem_1komma5_internship-ai-automation-energy_berlin,reject,non_tech,internship,0.85,rules,not_data_ai_field,Internship AI & Automation - Energy (m/f/d),1KOMMA5,Berlin,direct
2026-10-01T09:15:42.720705+00:00,sem_1komma5_internship-process-operations-energy_berlin,reject,non_tech,internship,0.85,rules,not_data_ai_field,Internship Process & Operations - Energy (m/f/d),1KOMMA5,Berlin,direct
2026-10-01T09:15:42.720819+00:00,sem_1komma5_process-operations-manager-energy_berlin,reject,non_tech,junior,0.85,rules,not_data_ai_field,(Junior) Process & Operations Manager - Energy (m/w/d),1KOMMA5,Berlin,direct
2026-10-01T09:15:42.721014+00:00,sem_1komma5_werkstudent-in-process-operations-energy_berlin,reject,non_tech,working_student,0.85,rules,not_data_ai_field,Werkstudent:in Process & Operations - Energy (m/w/d),1KOMMA5,Berlin,direct
2026-10-01T09:15:42.721153+00:00,sem_1komma5_working-student-ai-product-designer_berlin,reject,non_tech,working_student,0.85,rules,not_data_ai_field,Working Student - AI Product Designer (m/f/d),1KOMMA5,Berlin,direct
2026-10-01T09:15:42.721268+00:00,sem_1komma5_working-student-designer-design-system-heartbeat-ai_berlin,reject,non_tech,working_student,0.85,rules,not_data_ai_field,Working Student Designer (Design System) â Heartbeat AI (m/f/d),1KOMMA5,Berlin,direct
2026-10-01T09:15:42.721415+00:00,sem_1komma5_working-student-product-management-energy-products-tariffs_berlin,reject,non_tech,working_student,0.85,rules,not_data_ai_field,Working Student Product Management Energy Products & Tariffs (m/f/d),1KOMMA5,Berlin,direct
2026-10-01T09:15:42.696974+00:00,sem_6pm_junior-art-director_berlin,reject,non_tech,junior,0.85,rules,not_data_ai_field,Junior Art Director (m/w/d),6PM GmbH,Berlin,arbeitnow
2026-10-01T09:15:42.697705+00:00,sem_6pm_producer-content-brand-experience_berlin,reject,non_tech,mid,0.85,rules,"not_data_ai_field,not_fresher_ws_thesis",Producer Content & Brand Experience (m/w/d),6PM GmbH,Berlin,arbeitnow
2026-10-01T09:15:42.718431+00:00,sem_absolute-jobs-oostende_diagnosic-technician-testing_be-be255,reject,non_tech,mid,0.85,rules,"not_data_ai_field,not_fresher_ws_thesis",Diagnosic technician testing,Absolute Jobs Oostende,BE (BE255),eures
2026-10-01T09:15:42.718530+00:00,sem_absolute-jobs-oostende_electrical-maintenance-technician_be-be255,reject,non_tech,mid,0.85,rules,"not_data_ai_field,not_fresher_ws_thesis",Electrical maintenance technician,Absolute Jobs Oostende,BE (BE255),eures
2026-10-01T09:15:42.697842+00:00,sem_acadia-job-listings_associate-director-manufacturing-drug-substance_zug,reject,non_tech,mid,0.85,rules,"not_eu,not_data_ai_field,not_fresher_ws_thesis","Associate Director, Manufacturing (Drug Substance)",Acadia Job Listings,Zug,arbeitnow
2026-10-01T09:15:42.697991+00:00,sem_acadia-job-listings_associate-director-regulatory-affairs-europe_zug,reject,non_tech,mid,0.85,rules,"not_eu,not_data_ai_field,not_fresher_ws_thesis",Associate Director Regulatory Affairs Europe,Acadia Job Listings,Zug,arbeitnow
2026-10-01T09:15:42.698117+00:00,sem_actief-construct-torhout_elektricien-hvac-klimaatinstallaties_be-be234,reject,non_tech,mid,0.85,rules,"not_data_ai_field,not_fresher_ws_thesis",Elektricien HVAC Klimaatinstallaties,Actief Construct Torhout,BE (BE234),eures
2026-10-01T09:15:42.718631+00:00,sem_actief-interim-izegem_technisch-commercieel-medewerker-binnendienst_be-be256,reject,non_tech,mid,0.85,rules,"not_data_ai_field,not_fresher_ws_thesis",Technisch (Commercieel) Medewerker Binnendienst,Actief Interim Izegem,BE (BE256),eures
2026-10-01T09:15:42.698213+00:00,sem_actief-interim-oostkamp_helpdeskmedewerker-firstline-franse-kennis-vereist_be-be251,reject,non_tech,mid,0.85,rules,"not_data_ai_field,not_fresher_ws_thesis",Helpdeskmedewerker firstline - Franse kennis vereist,Actief Interim Oostkamp,BE (BE251),eures
2026-10-01T09:15:42.718753+00:00,sem_actief-interim-turnhout_cnc-operator-metaalindustrie_be-be213,reject,non_tech,mid,0.85,rules,"not_data_ai_field,not_fresher_ws_thesis",CNC operator metaalindustrie,Actief Interim Turnhout,BE (BE213),eures
2026-10-01T09:15:42.721555+00:00,sem_adyen_account-manager_amsterdam,reject,non_tech,mid,0.85,rules,"not_data_ai_field,not_fresher_ws_thesis",Account Manager,Adyen,Amsterdam,direct
2026-10-01T09:15:42.721619+00:00,sem_adyen_account-manager_berlin,reject,non_tech,mid,0.85,rules,"not_data_ai_field,not_fresher_ws_thesis",Account Manager,Adyen,Berlin,direct
2026-10-01T09:15:42.721674+00:00,sem_adyen_account-manager_madrid,reject,non_tech,mid,0.85,rules,"not_data_ai_field,not_fresher_ws_thesis",Account Manager,Adyen,Madrid,direct
2026-10-01T09:15:42.721737+00:00,sem_adyen_account-manager_paris,reject,non_tech,mid,0.85,rules,"not_data_ai_field,not_fresher_ws_thesis",Account Manager,Adyen,Paris,direct
2026-10-01T09:15:42.721796+00:00,sem_adyen_account-manager_stockholm,reject,non_tech,mid,0.85,rules,"not_data_ai_field,not_fresher_ws_thesis",Account Manager,Adyen,Stockholm,direct
2026-10-01T09:15:42.721859+00:00,sem_adyen_brand-enablement-manager_amsterdam,reject,non_tech,mid,0.85,rules,"not_data_ai_field,not_fresher_ws_thesis",Brand Enablement Manager,Adyen,Amsterdam,direct
2026-10-01T09:15:42.721935+00:00,sem_adyen_compliance-officer-growth-programs_amsterdam,reject,non_tech,mid,0.85,rules,"not_data_ai_field,not_fresher_ws_thesis",Compliance Officer - Growth Programs,Adyen,Amsterdam,direct
2026-10-01T09:15:42.722036+00:00,sem_adyen_customer-advocacy-lead-europe_amsterdam-london,reject,non_tech,senior,0.85,rules,"not_data_ai_field,not_fresher_ws_thesis","Customer Advocacy Lead, Europe",Adyen,Amsterdam; London,direct
2026-10-01T09:15:42.722136+00:00,sem_adyen_customer-engagement-industry-advocacy-europe_amsterdam,reject,non_tech,mid,0.85,rules,"not_data_ai_field,not_fresher_ws_thesis",Customer Engagement & Industry Advocacy – Europe,Adyen,Amsterdam,direct
2026-10-01T09:15:42.722273+00:00,sem_adyen_enterprise-account-manager-adyen-for-platforms_london,reject,non_tech,mid,0.85,rules,"not_eu,not_data_ai_field,not_fresher_ws_thesis","Enterprise Account Manager, Adyen for Platforms",Adyen,London,direct
2026-10-01T09:15:42.722399+00:00,sem_adyen_enterprise-account-manager_berlin,reject,non_tech,mid,0.85,rules,"not_data_ai_field,not_fresher_ws_thesis",Enterprise Account Manager,Adyen,Berlin,direct
2026-10-01T09:15:42.722472+00:00,sem_adyen_enterprise-account-manager_madrid,reject,non_tech,mid,0.85,rules,"not_data_ai_field,not_fresher_ws_thesis",Enterprise Account Manager,Adyen,Madrid,direct
2026-10-01T09:15:42.722552+00:00,sem_adyen_enterprise-account-manager_milan,reject,non_tech,mid,0.85,rules,"not_data_ai_field,not_fresher_ws_thesis",Enterprise Account Manager,Adyen,Milan,direct
2026-10-01T09:15:42.722631+00:00,sem_adyen_enterprise-account-manager_munich,reject,non_tech,mid,0.85,rules,"not_data_ai_field,not_fresher_ws_thesis",Enterprise Account Manager,Adyen,Munich,direct
2026-10-01T09:15:42.722704+00:00,sem_adyen_enterprise-account-manager_paris,reject,non_tech,mid,0.85,rules,"not_data_ai_field,not_fresher_ws_thesis",Enterprise Account Manager,Adyen,Paris,direct
2026-10-01T09:15:42.722782+00:00,sem_adyen_enterprise-account-manager_stockholm,reject,non_tech,mid,0.85,rules,"not_data_ai_field,not_fresher_ws_thesis",Enterprise Account Manager,Adyen,Stockholm,direct
2026-10-01T09:15:42.722864+00:00,sem_adyen_enterprise-business-development-representative_prague,reject,non_tech,mid,0.85,rules,"not_data_ai_field,not_fresher_ws_thesis",Enterprise Business Development Representative,Adyen,Prague,direct
2026-10-01T09:15:42.722979+00:00,sem_adyen_enterprise-sales-manager-platforms_berlin-munich,reject,non_tech,mid,0.85,rules,"not_data_ai_field,not_fresher_ws_thesis","Enterprise Sales Manager, Platforms",Adyen,Berlin; Munich,direct
2026-10-01T09:15:42.723072+00:00,sem_adyen_enterprise-sales-manager_berlin-munich,reject,non_tech,mid,0.85,rules,"not_data_ai_field,not_fresher_ws_thesis",Enterprise Sales Manager,Adyen,Berlin; Munich,direct
2026-10-01T09:15:42.723145+00:00,sem_adyen_enterprise-sales-manager_warsaw,reject,non_tech,mid,0.85,rules,"not_data_ai_field,not_fresher_ws_thesis",Enterprise Sales Manager,Adyen,Warsaw,direct
2026-10-01T09:15:42.723227+00:00,sem_adyen_global-partner-engineering-manager-payments_amsterdam,reject,non_tech,mid,0.85,rules,"not_data_ai_field,not_fresher_ws_thesis","Global Partner Engineering Manager, Payments",Adyen,Amsterdam,direct
2026-10-01T09:15:42.723342+00:00,sem_adyen_head-of-customer-insights-europe_amsterdam,reject,non_tech,senior,0.85,rules,"not_data_ai_field,not_fresher_ws_thesis","Head of Customer Insights, Europe",Adyen,Amsterdam,direct
2026-10-01T09:15:42.723444+00:00,sem_adyen_head-of-forward-deployed-engineering-operations_amsterdam,reject,non_tech,senior,0.85,rules,"not_data_ai_field,not_fresher_ws_thesis",Head of Forward Deployed Engineering - Operations,Adyen,Amsterdam,direct
2026-10-01T09:15:42.723569+00:00,sem_adyen_head-of-global-credit-risk_amsterdam,reject,non_tech,senior,0.85,rules,"not_data_ai_field,not_fresher_ws_thesis",Head of Global Credit Risk,Adyen,Amsterdam,direct
2026-10-01T09:15:42.723661+00:00,sem_adyen_indirect-tax-accountant_amsterdam,reject,non_tech,mid,0.85,rules,"not_data_ai_field,not_fresher_ws_thesis",Indirect Tax Accountant,Adyen,Amsterdam,direct
2026-10-01T09:15:42.723739+00:00,sem_adyen_internal-control-specialist-non-financial-compliance-risks_amsterdam,reject,non_tech,mid,0.85,rules,"not_data_ai_field,not_fresher_ws_thesis",Internal Control Specialist: Non-Financial Compliance Risks,Adyen,Amsterdam,direct
2026-10-01T09:15:42.723877+00:00,sem_adyen_manager-platform-offering-strategy_amsterdam,reject,non_tech,mid,0.85,rules,"not_data_ai_field,not_fresher_ws_thesis","Manager, Platform Offering Strategy",Adyen,Amsterdam,direct
2026-10-01T09:15:42.723975+00:00,sem_adyen_payment-terminal-certification-expert-l2_amsterdam,reject,non_tech,mid,0.85,rules,"not_data_ai_field,not_fresher_ws_thesis",Payment Terminal Certification Expert (L2),Adyen,Amsterdam,direct
2026-10-01T09:15:42.724091+00:00,sem_adyen_project-operation-manager_paris,reject,non_tech,mid,0.85,rules,"not_data_ai_field,not_fresher_ws_thesis",Project Operation Manager,Adyen,Paris,direct
2026-10-01T09:15:42.724168+00:00,sem_adyen_senior-b2b-content-marketing-manager-global_amsterdam,reject,non_tech,senior,0.85,rules,"not_data_ai_field,not_fresher_ws_thesis","Senior B2B Content Marketing Manager, Global",Adyen,Amsterdam,direct
2026-10-01T09:15:42.724289+00:00,sem_adyen_senior-content-writer-global_amsterdam,reject,non_tech,senior,0.85,rules,"not_data_ai_field,not_fresher_ws_thesis","Senior Content Writer, Global",Adyen,Amsterdam,direct
2026-10-01T09:15:42.724379+00:00,sem_adyen_senior-fraud-risk-management-expert_amsterdam,reject,non_tech,senior,0.85,rules,"not_data_ai_field,not_fresher_ws_thesis",Senior Fraud Risk Management Expert,Adyen,Amsterdam,direct
2026-10-01T09:15:42.724479+00:00,sem_adyen_senior-security-program-manager_amsterdam,reject,non_tech,senior,0.85,rules,"not_data_ai_field,not_fresher_ws_thesis",Senior Security Program Manager,Adyen,Amsterdam,direct
2026-10-01T09:15:42.724570+00:00,sem_adyen_strategic-growth-manager_amsterdam,reject,non_tech,mid,0.85,rules,"not_data_ai_field,not_fresher_ws_thesis",Strategic Growth Manager,Adyen,Amsterdam,direct
2026-10-01T09:15:42.724649+00:00,sem_adyen_supply-chain-capability-manager_amsterdam,reject,non_tech,mid,0.85,rules,"not_data_ai_field,not_fresher_ws_thesis","Supply Chain, Capability Manager",Adyen,Amsterdam,direct
2026-10-01T09:15:42.724741+00:00,sem_adyen_team-lead-compliance-investigations-eu-mlro_amsterdam,reject,non_tech,senior,0.85,rules,"not_data_ai_field,not_fresher_ws_thesis",Team Lead - Compliance Investigations (EU MLRO),Adyen,Amsterdam,direct
2026-10-01T09:15:42.724867+00:00,sem_adyen_team-lead-platforms-account-management_london,reject,non_tech,senior,0.85,rules,"not_eu,not_data_ai_field,not_fresher_ws_thesis","Team Lead, Platforms Account Management",Adyen,London,direct
2026-10-01T09:15:42.724978+00:00,sem_adyen_team-lead-pooled-account-management_paris,reject,non_tech,senior,0.85,rules,"not_data_ai_field,not_fresher_ws_thesis",Team Lead - Pooled Account Management,Adyen,Paris,direct
2026-10-01T09:15:42.725083+00:00,sem_adyen_team-lead-salesforce-commercial_amsterdam,reject,non_tech,senior,0.85,rules,"not_data_ai_field,not_fresher_ws_thesis",Team Lead - Salesforce Commercial,Adyen,Amsterdam,direct
2026-10-01T09:15:42.725177+00:00,sem_adyen_team-lead-sub-customer-onboarding_madrid,reject,non_tech,senior,0.85,rules,"not_data_ai_field,not_fresher_ws_thesis",Team Lead - Sub Customer Onboarding,Adyen,Madrid,direct
2026-10-01T09:15:42.725283+00:00,sem_adyen_team-lead-technical-support_amsterdam,reject,non_tech,senior,0.85,rules,"not_data_ai_field,not_fresher_ws_thesis",Team Lead - Technical Support,Adyen,Amsterdam,direct
2026-10-01T09:15:42.725373+00:00,sem_adyen_technology-partner-manager_amsterdam-berlin,reject,non_tech,mid,0.85,rules,"not_data_ai_field,not_fresher_ws_thesis",Technology Partner Manager,Adyen,Amsterdam; Berlin,direct
2026-10-01T09:15:42.698333+00:00,sem_aloyoga_stock-manager-seasonal-fixed-term-saint-tropez_,reject,non_tech,mid,0.85,rules,"not_eu,not_data_ai_field,not_fresher_ws_thesis",Stock Manager (Seasonal Fixed-Term) - Saint-Tropez,Aloyoga,,arbeitnow
2026-10-01T09:15:42.698488+00:00,sem_aloyoga_visual-manager-seasonal-fixed-term-saint-tropez_,reject,non_tech,mid,0.85,rules,"not_eu,not_data_ai_field,not_fresher_ws_thesis",Visual Manager (Seasonal Fixed-Term) - Saint-Tropez,Aloyoga,,arbeitnow
2026-10-01T09:15:42.698645+00:00,sem_artes-group_lasser_be-be234,reject,non_tech,mid,0.85,rules,"not_data_ai_field,not_fresher_ws_thesis",Lasser,ARTES GROUP,BE (BE234),eures
2026-10-01T09:15:42.698696+00:00,sem_awin_head-of-product-ai-enablement_berlin-berlin,reject,non_tech,senior,0.85,rules,"not_data_ai_field,not_fresher_ws_thesis","Head of Product, AI Enablement (f/m/d)",Awin,"Berlin, Berlin",arbeitnow
2026-10-01T09:15:42.698811+00:00,sem_bleckmann-belgi-wh-desteldonk_orderpicker_be-be234,reject,non_tech,mid,0.85,rules,"not_data_ai_field,not_fresher_ws_thesis",Orderpicker,Bleckmann België (WH Desteldonk),BE (BE234),eures
2026-10-01T09:15:42.718873+00:00,sem_build-software_account-executive-erp_be-be224,reject,non_tech,mid,0.85,rules,"not_data_ai_field,not_fresher_ws_thesis",Account Executive ERP,Build-Software,BE (BE224),eures
2026-10-01T09:15:42.698869+00:00,sem_bunq_deputy-head-of-legal_amsterdam-noord-holland-netherlands,reject,non_tech,senior,0.85,rules,"not_data_ai_field,not_fresher_ws_thesis",Deputy Head of Legal,Bunq,"Amsterdam, Noord-Holland, Netherlands",direct
2026-10-01T09:15:42.698951+00:00,sem_bunq_head-of-people_amsterdam-noord-holland-netherlands,reject,non_tech,senior,0.85,rules,"not_data_ai_field,not_fresher_ws_thesis",Head of People,Bunq,"Amsterdam, Noord-Holland, Netherlands",direct
2026-10-01T09:15:42.718962+00:00,sem_bwh-hotel-group-france_consultant-e-commercial-d-veloppement-r-seau-h-telier-cdi-h-f_fr-fr105,reject,non_tech,mid,0.85,rules,"not_data_ai_field,not_fresher_ws_thesis",CONSULTANT.E COMMERCIAL  DÉVELOPPEMENT RÉSEAU HÔTELIER - CDI - H/F,BWH HOTEL GROUP FRANCE,FR (FR105),eures
2026-10-01T09:15:42.699015+00:00,sem_camion-transport-wil-ct_impiegato-in-logistica_ch-ch070,reject,non_tech,mid,0.85,rules,"not_eu,not_data_ai_field,not_fresher_ws_thesis",impiegato in logistica,Camion-Transport AG Wil CT,CH (CH070),eures
2026-10-01T09:15:42.719161+00:00,sem_campus-schoonmeersen_lector-hvac-en-elektromechanische-systemen-onderwijsontwikkeling-databeheer-en-stagebegeleiding_be-be234,reject,non_tech,mid,0.85,rules,"not_data_ai_field,not_fresher_ws_thesis","Lector HVAC en elektromechanische systemen – onderwijsontwikkeling, databeheer en stagebegeleiding",Campus Schoonmeersen,BE (BE234),eures
2026-10-01T09:15:42.699116+00:00,sem_celonis_associate-account-executive-top-talent-sales-program-lunar_munich-germany,reject,non_tech,mid,0.85,rules,"not_data_ai_field,not_fresher_ws_thesis",Associate Account Executive (Top Talent Sales Program - Lunar),Celonis,"Munich, Germany",direct
2026-10-01T09:15:42.699257+00:00,sem_celonis_client-value-partner-defence-government-sc-cleared_london-united-kingdom,reject,non_tech,mid,0.85,rules,"not_eu,not_data_ai_field,not_fresher_ws_thesis",Client Value Partner - Defence & Government - SC Cleared,Celonis,"London, United Kingdom",direct
2026-10-01T09:15:42.699396+00:00,sem_celonis_client-value-partner-insurance-service-industries_munich-germany,reject,non_tech,mid,0.85,rules,"not_data_ai_field,not_fresher_ws_thesis",Client Value Partner - (Insurance / Service Industries),Celonis,"Munich, Germany",direct
2026-10-01T09:15:42.699518+00:00,sem_celonis_client-value-partner-mining_london-united-kingdom,reject,non_tech,mid,0.85,rules,"not_eu,not_data_ai_field,not_fresher_ws_thesis",Client Value Partner - Mining,Celonis,"London, United Kingdom",direct
2026-10-01T09:15:42.699609+00:00,sem_celonis_client-value-partner-pharmaceuticals_london-united-kingdom,reject,non_tech,mid,0.85,rules,"not_eu,not_data_ai_field,not_fresher_ws_thesis",Client Value Partner - Pharmaceuticals,Celonis,"London, United Kingdom",direct
2026-10-01T09:15:42.699712+00:00,sem_celonis_client-value-partner-public-sector-security-cleared_london-united-kingdom,reject,non_tech,mid,0.85,rules,"not_eu,not_data_ai_field,not_fresher_ws_thesis",Client Value Partner - Public Sector - Security Cleared,Celonis,"London, United Kingdom",direct
2026-10-01T09:15:42.699838+00:00,sem_celonis_client-value-partner-public-sector_london-united-kingdom,reject,non_tech,mid,0.85,rules,"not_eu,not_data_ai_field,not_fresher_ws_thesis",Client Value Partner - Public Sector,Celonis,"London, United Kingdom",direct
2026-10-01T09:15:42.699932+00:00,sem_celonis_client-value-partner_stockholm-sweden,reject,non_tech,mid,0.85,rules,"not_data_ai_field,not_fresher_ws_thesis",Client Value Partner,Celonis,"Stockholm, Sweden",direct
2026-10-01T09:15:42.700003+00:00,sem_celonis_customer-advocacy-customer-marketing-graduated-internship-12-months_madrid-spain,reject,non_tech,internship,0.85,rules,not_data_ai_field,Customer Advocacy & Customer Marketing Graduated Internship (12 months),Celonis,"Madrid, Spain",direct
2026-10-01T09:15:42.700147+00:00,sem_celonis_global-sales-excellence-leader_london-united-kingdom,reject,non_tech,mid,0.85,rules,"not_eu,not_data_ai_field,not_fresher_ws_thesis",Global Sales Excellence Leader,Celonis,"London, United Kingdom",direct
2026-10-01T09:15:42.700231+00:00,sem_celonis_gtm-program-manager_london-united-kingdom,reject,non_tech,mid,0.85,rules,"not_eu,not_data_ai_field,not_fresher_ws_thesis",GTM Program Manager,Celonis,"London, United Kingdom",direct
2026-10-01T09:15:42.700322+00:00,sem_celonis_head-of-industry-retail-cpg_munich-germany,reject,non_tech,senior,0.85,rules,"not_data_ai_field,not_fresher_ws_thesis",Head of Industry - Retail & CPG,Celonis,"Munich, Germany",direct
2026-10-01T09:15:42.700407+00:00,sem_celonis_head-of-value-engineering-nordics_copenhagen-denmark,reject,non_tech,senior,0.85,rules,"not_data_ai_field,not_fresher_ws_thesis",Head of Value Engineering - Nordics,Celonis,"Copenhagen, Denmark",direct
2026-10-01T09:15:42.700499+00:00,sem_celonis_head-of-value-engineering-nordics_stockholm-sweden,reject,non_tech,senior,0.85,rules,"not_data_ai_field,not_fresher_ws_thesis",Head of Value Engineering - Nordics,Celonis,"Stockholm, Sweden",direct
2026-10-01T09:15:42.700594+00:00,sem_celonis_intern-deal-operations-and-analysis_madrid-spain,reject,non_tech,internship,0.85,rules,not_data_ai_field,Intern Deal Operations and Analysis,Celonis,"Madrid, Spain",direct
2026-10-01T09:15:42.700687+00:00,sem_celonis_intern-external-communications_munich-germany,reject,non_tech,internship,0.85,rules,not_data_ai_field,Intern External Communications,Celonis,"Munich, Germany",direct
2026-10-01T09:15:42.700753+00:00,sem_celonis_manager-pre-sales-and-solution-engineering-nordics_copenhagen-denmark,reject,non_tech,mid,0.85,rules,"not_data_ai_field,not_fresher_ws_thesis","Manager, Pre-Sales and Solution Engineering - Nordics",Celonis,"Copenhagen, Denmark",direct
2026-10-01T09:15:42.700880+00:00,sem_celonis_manager-pre-sales-and-solution-engineering-nordics_stockholm-sweden,reject,non_tech,mid,0.85,rules,"not_data_ai_field,not_fresher_ws_thesis","Manager, Pre-Sales and Solution Engineering - Nordics",Celonis,"Stockholm, Sweden",direct
2026-10-01T09:15:42.701011+00:00,sem_celonis_sales-director-italy_milan-italy,reject,non_tech,mid,0.85,rules,"not_data_ai_field,not_fresher_ws_thesis",Sales Director Italy,Celonis,"Milan, Italy",direct
2026-10-01T09:15:42.701086+00:00,sem_celonis_sales-director-nordics_stockholm-sweden,reject,non_tech,mid,0.85,rules,"not_data_ai_field,not_fresher_ws_thesis",Sales Director Nordics,Celonis,"Stockholm, Sweden",direct
2026-10-01T09:15:42.701160+00:00,sem_celonis_strategic-account-executive-manufacturing_remote,reject,non_tech,mid,0.85,rules,"not_eu,not_data_ai_field,not_fresher_ws_thesis",Strategic Account Executive - Manufacturing,celonis,Remote,arbeitnow
2026-10-01T09:15:42.701285+00:00,sem_celonis_strategic-account-executive-manufacturing_remote-switzerland,reject,non_tech,mid,0.85,rules,"not_eu,not_data_ai_field,not_fresher_ws_thesis",Strategic Account Executive - Manufacturing,Celonis,"Remote, Switzerland",direct
2026-10-01T09:15:42.701412+00:00,sem_celonis_strategic-account-executive-manufacturing_z-rich,reject,non_tech,mid,0.85,rules,"not_eu,not_data_ai_field,not_fresher_ws_thesis",Strategic Account Executive - Manufacturing,celonis,Zürich,arbeitnow
2026-10-01T09:15:42.701510+00:00,sem_celonis_strategic-account-executive-manufacturing_z-rich-switzerland,reject,non_tech,mid,0.85,rules,"not_eu,not_data_ai_field,not_fresher_ws_thesis",Strategic Account Executive - Manufacturing,Celonis,"Zürich, Switzerland",direct
2026-10-01T09:15:42.701609+00:00,sem_celonis_working-student-external-communications_munich-germany,reject,non_tech,working_student,0.85,rules,not_data_ai_field,Working Student External Communications,Celonis,"Munich, Germany",direct
2026-10-01T09:15:42.701690+00:00,sem_consult-pepper_abacus-support-specialist_ch-ch040,reject,non_tech,mid,0.85,rules,"not_eu,not_data_ai_field,not_fresher_ws_thesis",Abacus-Support Specialist,Consult & Pepper AG,CH (CH040),eures
2026-10-01T09:15:42.701779+00:00,sem_consult-pepper_erp-consultant_ch-ch061,reject,non_tech,mid,0.85,rules,"not_eu,not_data_ai_field,not_fresher_ws_thesis",ERP-Consultant,Consult & Pepper AG,CH (CH061),eures
2026-10-01T09:15:42.701864+00:00,sem_consult-pepper_junior-wirtschaftsinformatiker-in_ch-ch055,reject,non_tech,junior,0.85,rules,"not_eu,not_data_ai_field",Junior Wirtschaftsinformatiker :in,Consult & Pepper AG,CH (CH055),eures
2026-10-01T09:15:42.701971+00:00,sem_coopers-group-hauptsitz_ingenieur-f-r-inbetriebnahme-und-qualifizierung_ch-ch032,reject,non_tech,mid,0.85,rules,"not_eu,not_data_ai_field,not_fresher_ws_thesis",Ingenieur für Inbetriebnahme und Qualifizierung,"Coopers Group AG, Hauptsitz",CH (CH032),eures
2026-10-01T09:15:42.725449+00:00,sem_datadog_enterprise-account-executive-denmark_copenhagen-denmark,reject,non_tech,mid,0.85,rules,"not_data_ai_field,not_fresher_ws_thesis",Enterprise Account Executive - Denmark,Datadog,"Copenhagen, Denmark",direct
2026-10-01T09:15:42.725549+00:00,sem_datadog_enterprise-account-executive-uki-public-sector_london-united-kingdom,reject,non_tech,mid,0.85,rules,"not_eu,not_data_ai_field,not_fresher_ws_thesis",Enterprise Account Executive (UKI) - Public Sector,Datadog,"London, United Kingdom",direct
2026-10-01T09:15:42.725683+00:00,sem_datadog_enterprise-account-executive-uki_london-united-kingdom,reject,non_tech,mid,0.85,rules,"not_eu,not_data_ai_field,not_fresher_ws_thesis",Enterprise Account Executive - UKI,Datadog,"London, United Kingdom",direct
2026-10-01T09:15:42.725782+00:00,sem_datadog_enterprise-sales-executive-benelux_amsterdam-the-netherlands,reject,non_tech,mid,0.85,rules,"not_data_ai_field,not_fresher_ws_thesis",Enterprise Sales Executive (Benelux),Datadog,"Amsterdam, The Netherlands",direct
2026-10-01T09:15:42.725885+00:00,sem_datadog_enterprise-sales-executive-sweden_stockholm-sweden,reject,non_tech,mid,0.85,rules,"not_data_ai_field,not_fresher_ws_thesis",Enterprise Sales Executive (Sweden),Datadog,"Stockholm, Sweden",direct
2026-10-01T09:15:42.725988+00:00,sem_datadog_key-accounts-executive-emea_germany-remote-london-united-kingdom,reject,non_tech,mid,0.85,rules,"not_eu,not_data_ai_field,not_fresher_ws_thesis",Key Accounts Executive - EMEA,Datadog,"Germany, Remote; London, United Kingdom",direct
2026-10-01T09:15:42.726091+00:00,sem_datadog_manager-i-engineering-husky_paris-france,reject,non_tech,mid,0.85,rules,"not_data_ai_field,not_fresher_ws_thesis","Manager I, Engineering - Husky",Datadog,"Paris, France",direct
2026-10-01T09:15:42.726190+00:00,sem_datadog_manager-i-engineering-orgstore-blueprint_madrid-spain,reject,non_tech,mid,0.85,rules,"not_data_ai_field,not_fresher_ws_thesis","Manager I, Engineering - OrgStore Blueprint",Datadog,"Madrid, Spain",direct
2026-10-01T09:15:42.726311+00:00,sem_datadog_manager-i-engineering-security-libraries_paris-france,reject,non_tech,mid,0.85,rules,"not_data_ai_field,not_fresher_ws_thesis","Manager I, Engineering - Security Libraries",Datadog,"Paris, France",direct
2026-10-01T09:15:42.726425+00:00,sem_datadog_people-solutions-coordinator-paris_paris-france,reject,non_tech,mid,0.85,rules,"not_data_ai_field,not_fresher_ws_thesis",People Solutions Coordinator - Paris,Datadog,"Paris, France",direct
2026-10-01T09:15:42.726527+00:00,sem_datadog_program-manager-community-content-and-events-emea_paris-france,reject,non_tech,mid,0.85,rules,"not_data_ai_field,not_fresher_ws_thesis",Program Manager - Community Content and Events (EMEA),Datadog,"Paris, France",direct
2026-10-01T09:15:42.726666+00:00,sem_datadog_sales-development-representative-africa_dublin-ireland,reject,non_tech,mid,0.85,rules,"not_data_ai_field,not_fresher_ws_thesis",Sales Development Representative (Africa),Datadog,"Dublin, Ireland",direct
2026-10-01T09:15:42.726780+00:00,sem_datadog_sales-development-representative-dach_amsterdam-the-netherlands,reject,non_tech,mid,0.85,rules,"not_data_ai_field,not_fresher_ws_thesis",Sales Development Representative (DACH),Datadog,"Amsterdam, The Netherlands",direct
2026-10-01T09:15:42.726885+00:00,sem_datadog_sales-development-representative-france_dublin-ireland,reject,non_tech,mid,0.85,rules,"not_data_ai_field,not_fresher_ws_thesis",Sales Development Representative (France),Datadog,"Dublin, Ireland",direct
2026-10-01T09:15:42.726994+00:00,sem_datadog_sales-development-representative-uki_dublin-ireland,reject,non_tech,mid,0.85,rules,"not_data_ai_field,not_fresher_ws_thesis",Sales Development Representative (UKI),Datadog,"Dublin, Ireland",direct
2026-10-01T09:15:42.727098+00:00,sem_datadog_senior-partner-manager-channels-uki_london-united-kingdom,reject,non_tech,senior,0.85,rules,"not_eu,not_data_ai_field,not_fresher_ws_thesis",Senior Partner Manager - Channels (UKI),Datadog,"London, United Kingdom",direct
2026-10-01T09:15:42.727213+00:00,sem_datadog_strategic-account-executive-dach_austria-remote-germany-remote-poland-remote,reject,non_tech,mid,0.85,rules,"not_data_ai_field,not_fresher_ws_thesis",Strategic Account Executive (DACH),Datadog,"Austria, Remote ; Germany, Remote; Poland, Remote",direct
2026-10-01T09:15:42.727344+00:00,sem_datadog_strategic-account-executive-paris_paris-france,reject,non_tech,mid,0.85,rules,"not_data_ai_field,not_fresher_ws_thesis",Strategic Account Executive - Paris,Datadog,"Paris, France",direct
2026-10-01T09:15:42.727443+00:00,sem_datadog_strategic-account-executive-rome-italy_rome-italy,reject,non_tech,mid,0.85,rules,"not_data_ai_field,not_fresher_ws_thesis",Strategic Account Executive (Rome - Italy),Datadog,"Rome, Italy",direct
2026-10-01T09:15:42.727563+00:00,sem_datadog_strategic-account-executive-uki-public-sector_london-united-kingdom,reject,non_tech,mid,0.85,rules,"not_eu,not_data_ai_field,not_fresher_ws_thesis",Strategic Account Executive (UKI) - Public Sector,Datadog,"London, United Kingdom",direct
2026-10-01T09:15:42.727693+00:00,sem_datadog_strategic-account-executive-uki_london-united-kingdom,reject,non_tech,mid,0.85,rules,"not_eu,not_data_ai_field,not_fresher_ws_thesis",Strategic Account Executive (UKI),Datadog,"London, United Kingdom",direct
2026-10-01T09:15:42.702108+00:00,sem_deconinck-ingy_logopedist-e_be-be212,reject,non_tech,mid,0.85,rules,"not_data_ai_field,not_fresher_ws_thesis",Logopedist(e),"Deconinck, Ingy",BE (BE212),eures
2026-10-01T09:15:42.702176+00:00,sem_deskbird_working-student-marketing-all-genders_hybrid-berlin-germany,reject,non_tech,working_student,0.85,rules,not_data_ai_field,Working Student Marketing (all genders),Deskbird,"Hybrid - Berlin, Germany",arbeitnow
2026-10-01T09:15:42.702262+00:00,sem_destinusgroup_engineering-intern-traineeship_z-rich-switzerland,reject,non_tech,internship,0.85,rules,"not_eu,not_data_ai_field",Engineering Intern / Traineeship,Destinusgroup,"Zürich, Switzerland",arbeitnow
2026-10-01T09:15:42.702342+00:00,sem_digital-trendteam_praktikum-hr-management-employer-branding-in-jungem-start-up_mainz,reject,non_tech,internship,0.85,rules,not_data_ai_field,Praktikum HR-Management & Employer Branding (m/w/d) in jungem Start-Up,Digital Trendteam,Mainz,arbeitnow
2026-10-01T09:15:42.702500+00:00,sem_diligentcorporation_enterprise-account-manager_z-rich-z-rich,reject,non_tech,mid,0.85,rules,"not_eu,not_data_ai_field,not_fresher_ws_thesis",Enterprise Account Manager,diligentcorporation,"Zürich, Zürich",arbeitnow
2026-10-01T09:15:42.727790+00:00,sem_doctolib-gh_customer-success-manager-x-f-m_berlin-berlin-germany,reject,non_tech,mid,0.85,rules,"not_data_ai_field,not_fresher_ws_thesis",Customer Success Manager (x/f/m),Doctolib GH,"Berlin, Berlin, Germany",direct
2026-10-01T09:15:42.727893+00:00,sem_doctolib-gh_intern-talent-acquisition-coordinator-x-f-m_berlin-berlin-germany,reject,non_tech,internship,0.85,rules,not_data_ai_field,Intern Talent Acquisition Coordinator (x/f/m),Doctolib GH,"Berlin, Berlin, Germany",direct
2026-10-01T09:15:42.728003+00:00,sem_doctolib-gh_key-account-success-manager-x-f-m_berlin-berlin-germany,reject,non_tech,senior,0.85,rules,"not_data_ai_field,not_fresher_ws_thesis",(Senior) Key Account Success Manager (x/f/m),Doctolib GH,"Berlin, Berlin, Germany",direct
2026-10-01T09:15:42.728130+00:00,sem_doctolib-gh_key-account-success-manager-x-f-m_k-ln,reject,non_tech,senior,0.85,rules,"not_data_ai_field,not_fresher_ws_thesis",(Senior) Key Account Success Manager (x/f/m),Doctolib GH,Köln,direct
2026-10-01T09:15:42.728258+00:00,sem_doctolib-gh_kundenservicemitarbeiter-x-f-m_berlin-berlin-germany,reject,non_tech,mid,0.85,rules,"not_data_ai_field,not_fresher_ws_thesis",Kundenservicemitarbeiter (x/f/m),Doctolib GH,"Berlin, Berlin, Germany",direct
2026-10-01T09:15:42.728342+00:00,sem_doctolib-gh_mitarbeiter-im-kundenservice-x-f-m_berlin-berlin-germany,reject,non_tech,mid,0.85,rules,"not_data_ai_field,not_fresher_ws_thesis",Mitarbeiter im Kundenservice (x/f/m),Doctolib GH,"Berlin, Berlin, Germany",direct
2026-10-01T09:15:42.728448+00:00,sem_doctolib-gh_product-support-consultant-x-f-m_berlin-berlin-germany,reject,non_tech,mid,0.85,rules,"not_data_ai_field,not_fresher_ws_thesis",Product Support Consultant (x/f/m),Doctolib GH,"Berlin, Berlin, Germany",direct
2026-10-01T09:15:42.728549+00:00,sem_doctolib-gh_senior-customer-experience-manager-x-f-m_berlin-berlin-germany,reject,non_tech,senior,0.85,rules,"not_data_ai_field,not_fresher_ws_thesis",Senior Customer Experience Manager (x/f/m),Doctolib GH,"Berlin, Berlin, Germany",direct
2026-10-01T09:15:42.728662+00:00,sem_doctolib-gh_senior-customer-success-manager-x-f-m_berlin-berlin-germany,reject,non_tech,senior,0.85,rules,"not_data_ai_field,not_fresher_ws_thesis",Senior Customer Success Manager (x/f/m),Doctolib GH,"Berlin, Berlin, Germany",direct
2026-10-01T09:15:42.728771+00:00,sem_doctolib-gh_stage-charg-d-affaires-publiques-x-f-m-janvier-2027_paris-paris-france,reject,non_tech,mid,0.85,rules,"not_data_ai_field,not_fresher_ws_thesis",Stage - Chargé d'Affaires Publiques (x/f/m) - janvier 2027,Doctolib GH,"Paris, Paris, France",direct
2026-10-01T09:15:42.728951+00:00,sem_doctolib-gh_stage-consolidation-et-contr-le-financier-x-f-m-janvier-2027_paris-paris-france,reject,non_tech,mid,0.85,rules,"not_data_ai_field,not_fresher_ws_thesis",Stage - Consolidation et Contrôle financier (x/f/m) - janvier 2027,Doctolib GH,"Paris, Paris, France",direct
2026-10-01T09:15:42.729132+00:00,sem_doctolib-gh_stage-seo-contenu-recherche-ia-x-f-m-novembre-2026_paris-paris-france,reject,non_tech,mid,0.85,rules,"not_data_ai_field,not_fresher_ws_thesis",Stage - SEO : Contenu & recherche IA (x/f/m) - novembre 2026,Doctolib GH,"Paris, Paris, France",direct
2026-10-01T09:15:42.729305+00:00,sem_doctolib-gh_stage-talent-acquisition-coordinator-x-f-m-janvier-2027_paris-paris-france,reject,non_tech,mid,0.85,rules,"not_data_ai_field,not_fresher_ws_thesis",Stage - Talent Acquisition Coordinator (x/f/m) - janvier 2027,Doctolib GH,"Paris, Paris, France",direct
2026-10-01T09:15:42.702578+00:00,sem_doctolib_intern-talent-acquisition-coordinator-x-f-m_berlin-berlin,reject,non_tech,internship,0.85,rules,not_data_ai_field,Intern Talent Acquisition Coordinator (x/f/m),Doctolib,"Berlin, Berlin",arbeitnow
2026-10-01T09:15:42.702680+00:00,sem_docuware_strategic-account-executive_germering-germany,reject,non_tech,mid,0.85,rules,"not_data_ai_field,not_fresher_ws_thesis",Strategic Account Executive (m/f/d),DocuWare,Germering / Germany,arbeitnow
2026-10-01T09:15:42.702808+00:00,sem_docuware_training-specialist_germering-germany,reject,non_tech,mid,0.85,rules,"not_data_ai_field,not_fresher_ws_thesis",Training Specialist (m/f/d),DocuWare,Germering / Germany,arbeitnow
2026-10-01T09:15:42.702927+00:00,sem_edtelligent_manager-finance-operations_munich,reject,non_tech,mid,0.85,rules,"not_data_ai_field,not_fresher_ws_thesis",Manager Finance & Operations (m/w/d),EDTELLIGENT,Munich,arbeitnow
2026-10-01T09:15:42.729468+00:00,sem_elastic_marketing-program-manager-france_paris-france,reject,non_tech,mid,0.85,rules,"not_data_ai_field,not_fresher_ws_thesis","Marketing Program Manager, France",Elastic,"Paris, France",direct
2026-10-01T09:15:42.729567+00:00,sem_elastic_public-sector-account-executive-defence_united-kingdom,reject,non_tech,mid,0.85,rules,"not_eu,not_data_ai_field,not_fresher_ws_thesis",Public Sector Account Executive - Defence,Elastic,United Kingdom,direct
2026-10-01T09:15:42.729715+00:00,sem_elastic_public-sector-account-executive-dwp_united-kingdom,reject,non_tech,mid,0.85,rules,"not_eu,not_data_ai_field,not_fresher_ws_thesis",Public Sector Account Executive (DWP),Elastic,United Kingdom,direct
2026-10-01T09:15:42.729856+00:00,sem_elastic_public-sector-partner-manager_united-kingdom,reject,non_tech,mid,0.85,rules,"not_eu,not_data_ai_field,not_fresher_ws_thesis",Public Sector Partner Manager,Elastic,United Kingdom,direct
2026-10-01T09:15:42.729978+00:00,sem_elastic_regional-vice-president_london-united-kingdom,reject,non_tech,mid,0.85,rules,"not_eu,not_data_ai_field,not_fresher_ws_thesis",Regional Vice President,Elastic,"London, United Kingdom",direct
2026-10-01T09:15:42.730074+00:00,sem_elastic_sales-development-representative-african-region-english-speaking_barcelona-spain,reject,non_tech,mid,0.85,rules,"not_data_ai_field,not_fresher_ws_thesis","Sales Development Representative (African region, English speaking)",Elastic,"Barcelona, Spain",direct
2026-10-01T09:15:42.730254+00:00,sem_elastic_sales-development-representative-barcelona-hybrid_barcelona-spain,reject,non_tech,mid,0.85,rules,"not_data_ai_field,not_fresher_ws_thesis",Sales Development Representative - Barcelona (Hybrid),Elastic,"Barcelona, Spain",direct
2026-10-01T09:15:42.730386+00:00,sem_elastic_sales-development-representative-french-speaking_barcelona-spain,reject,non_tech,mid,0.85,rules,"not_data_ai_field,not_fresher_ws_thesis",Sales Development Representative (French speaking),Elastic,"Barcelona, Spain",direct
2026-10-01T09:15:42.730511+00:00,sem_elastic_sales-development-representative-german-speaking_barcelona-spain,reject,non_tech,mid,0.85,rules,"not_data_ai_field,not_fresher_ws_thesis",Sales Development Representative (German speaking),Elastic,"Barcelona, Spain",direct
2026-10-01T09:15:42.730637+00:00,sem_elastic_sales-development-representative-swedish-or-danish-speaking_barcelona-spain,reject,non_tech,mid,0.85,rules,"not_data_ai_field,not_fresher_ws_thesis",Sales Development Representative (Swedish or Danish speaking),Elastic,"Barcelona, Spain",direct
2026-10-01T09:15:42.730790+00:00,sem_elastic_senior-sdr-enablement-specialist_barcelona-spain,reject,non_tech,senior,0.85,rules,"not_data_ai_field,not_fresher_ws_thesis",Senior SDR Enablement Specialist,Elastic,"Barcelona, Spain",direct
2026-10-01T09:15:42.730888+00:00,sem_elastic_uk-commercial-counsel-public-sector_united-kingdom,reject,non_tech,mid,0.85,rules,"not_eu,not_data_ai_field,not_fresher_ws_thesis",UK Commercial Counsel Public Sector,Elastic,United Kingdom,direct
2026-10-01T09:15:42.703028+00:00,sem_ember_graduate-internship-operations-team_edinburgh-scotland-united-kingdom,reject,non_tech,internship,0.85,rules,"not_eu,not_data_ai_field","Graduate Internship, Operations Team",Ember,"Edinburgh, Scotland, United Kingdom",arbeitnow
2026-10-01T09:15:42.703119+00:00,sem_enginity_procesingenieur_be-be242,reject,non_tech,mid,0.85,rules,"not_data_ai_field,not_fresher_ws_thesis",Procesingenieur,Enginity,BE (BE242),eures
2026-10-01T09:15:42.703187+00:00,sem_fireblocks_director-of-operations-payments-emea_z-rich,reject,non_tech,mid,0.85,rules,"not_eu,not_data_ai_field,not_fresher_ws_thesis","Director of Operations, Payments EMEA",Fireblocks,Zürich,arbeitnow
2026-10-01T09:15:42.731022+00:00,sem_flix_accounts-payable-accountant_sofia,reject,non_tech,mid,0.85,rules,"not_data_ai_field,not_fresher_ws_thesis",Accounts Payable Accountant (m/f/d),Flix,Sofia,direct
2026-10-01T09:15:42.731138+00:00,sem_flix_agent-shops-and-stations-leeds-on-site_leeds,reject,non_tech,mid,0.85,rules,"not_eu,not_data_ai_field,not_fresher_ws_thesis","Agent Shops and Stations (Leeds, On-site)",Flix,Leeds,direct
2026-10-01T09:15:42.731268+00:00,sem_flix_ausbildung-zugf-hrer-in-ab-01-01-2027-frankfurt_frankfurt,reject,non_tech,mid,0.85,rules,"not_data_ai_field,not_fresher_ws_thesis",Ausbildung Zugführer:in (m/w/d) ab 01.01.2027 / Frankfurt,Flix,Frankfurt,direct
2026-10-01T09:15:42.731448+00:00,sem_flix_bus-station-infrastructure-intern_milan,reject,non_tech,internship,0.85,rules,not_data_ai_field,Bus Station & Infrastructure Intern (m/f/d),Flix,Milan,direct
2026-10-01T09:15:42.731573+00:00,sem_flix_customer-care-and-qa-expert-with-italian-french-maternity-cover_sofia,reject,non_tech,mid,0.85,rules,"not_data_ai_field,not_fresher_ws_thesis",Customer Care and QA Expert with Italian/French - Maternity Cover (m/f/d),Flix,Sofia,direct
2026-10-01T09:15:42.731778+00:00,sem_flix_datenschutzbeauftragter_munich,reject,non_tech,mid,0.85,rules,"not_data_ai_field,not_fresher_ws_thesis",Datenschutzbeauftragter (m/w/d),Flix,Munich,direct
2026-10-01T09:15:42.731868+00:00,sem_flix_disponent-im-bahnbetrieb_berlin,reject,non_tech,mid,0.85,rules,"not_data_ai_field,not_fresher_ws_thesis",Disponent im Bahnbetrieb (m/w/d),Flix,Berlin,direct
2026-10-01T09:15:42.731971+00:00,sem_flix_disponent-im-zugverkehr_berlin,reject,non_tech,mid,0.85,rules,"not_data_ai_field,not_fresher_ws_thesis",Disponent im Zugverkehr (m/w/d),Flix,Berlin,direct
2026-10-01T09:15:42.732071+00:00,sem_flix_expert-bordtechnologie-konnektivit-t_berlin,reject,non_tech,mid,0.85,rules,"not_data_ai_field,not_fresher_ws_thesis",Expert Bordtechnologie & Konnektivität (m/w/d),Flix,Berlin,direct
2026-10-01T09:15:42.732190+00:00,sem_flix_expert-onboard-technology_berlin,reject,non_tech,mid,0.85,rules,"not_data_ai_field,not_fresher_ws_thesis",Expert Onboard Technology (m/w/d),Flix,Berlin,direct
2026-10-01T09:15:42.732290+00:00,sem_flix_facilities-manager_munich,reject,non_tech,mid,0.85,rules,"not_data_ai_field,not_fresher_ws_thesis",Facilities Manager (m/f/d),Flix,Munich,direct
2026-10-01T09:15:42.732375+00:00,sem_flix_hr-business-partner_warsaw,reject,non_tech,mid,0.85,rules,"not_data_ai_field,not_fresher_ws_thesis",HR Business Partner (m/f/d),Flix,Warsaw,direct
2026-10-01T09:15:42.732481+00:00,sem_flix_hr-specialist-hrbp_warsaw,reject,non_tech,mid,0.85,rules,"not_data_ai_field,not_fresher_ws_thesis",HR Specialist - HRBP (m/f/d),Flix,Warsaw,direct
2026-10-01T09:15:42.732586+00:00,sem_flix_ivu-expert-flixtrain_berlin,reject,non_tech,mid,0.85,rules,"not_data_ai_field,not_fresher_ws_thesis",IVU Expert FlixTrain (m/w/d),Flix,Berlin,direct
2026-10-01T09:15:42.732682+00:00,sem_flix_junior-authorization-manager_bucharest,reject,non_tech,junior,0.85,rules,not_data_ai_field,Junior Authorization Manager (m/f/d),Flix,Bucharest,direct
2026-10-01T09:15:42.732797+00:00,sem_flix_junior-technical-operations-manager-ai-automation_warsaw,reject,non_tech,junior,0.85,rules,not_data_ai_field,Junior Technical Operations Manager – AI & Automation (m/f/d),Flix,Warsaw,direct
2026-10-01T09:15:42.732981+00:00,sem_flix_legal-counsel_zagreb,reject,non_tech,mid,0.85,rules,"not_data_ai_field,not_fresher_ws_thesis",Legal Counsel (m/f/d),Flix,Zagreb,direct
2026-10-01T09:15:42.733078+00:00,sem_flix_lokf-hrer_berlin,reject,non_tech,mid,0.85,rules,"not_data_ai_field,not_fresher_ws_thesis",Lokführer (m/w/d),Flix,Berlin,direct
2026-10-01T09:15:42.733151+00:00,sem_flix_lokf-hrer_frankfurt,reject,non_tech,mid,0.85,rules,"not_data_ai_field,not_fresher_ws_thesis",Lokführer (m/w/d),Flix,Frankfurt,direct
2026-10-01T09:15:42.733223+00:00,sem_flix_lokf-hrer_hamburg,reject,non_tech,mid,0.85,rules,"not_data_ai_field,not_fresher_ws_thesis",Lokführer (m/w/d),Flix,Hamburg,direct
2026-10-01T09:15:42.733292+00:00,sem_flix_lokf-hrer_leipzig,reject,non_tech,mid,0.85,rules,"not_data_ai_field,not_fresher_ws_thesis",Lokführer (m/w/d),Flix,Leipzig,direct
2026-10-01T09:15:42.733363+00:00,sem_flix_lokf-hrer_stuttgart,reject,non_tech,mid,0.85,rules,"not_data_ai_field,not_fresher_ws_thesis",Lokführer (m/w/d),Flix,Stuttgart,direct
2026-10-01T09:15:42.733432+00:00,sem_flix_manager-paralegal-maternity-cover-mf-d_munich,reject,non_tech,mid,0.85,rules,"not_data_ai_field,not_fresher_ws_thesis",Manager Paralegal (Maternity Cover) (mf/d/),Flix,Munich,direct
2026-10-01T09:15:42.733549+00:00,sem_flix_manager-social-media-marketing_berlin,reject,non_tech,mid,0.85,rules,"not_data_ai_field,not_fresher_ws_thesis",Manager Social Media Marketing (m/w/d),Flix,Berlin,direct
2026-10-01T09:15:42.733668+00:00,sem_flix_mitarbeiter-in-leitstelle-flixtrain_berlin,reject,non_tech,mid,0.85,rules,"not_data_ai_field,not_fresher_ws_thesis",Mitarbeiter:in Leitstelle FlixTrain (m/w/d),Flix,Berlin,direct
2026-10-01T09:15:42.733786+00:00,sem_flix_operational-accountant-europe-west-region_sofia,reject,non_tech,mid,0.85,rules,"not_data_ai_field,not_fresher_ws_thesis",Operational Accountant (Europe West Region) (m/f/d),Flix,Sofia,direct
2026-10-01T09:15:42.733930+00:00,sem_flix_operational-accountant-europe-west-region_warsaw,reject,non_tech,mid,0.85,rules,"not_data_ai_field,not_fresher_ws_thesis",Operational Accountant (Europe West Region) (m/f/d),Flix,Warsaw,direct
2026-10-01T09:15:42.734073+00:00,sem_flix_operational-accountant-french-speaker_sofia,reject,non_tech,mid,0.85,rules,"not_data_ai_field,not_fresher_ws_thesis",Operational Accountant - French Speaker (m/f/d),Flix,Sofia,direct
2026-10-01T09:15:42.734206+00:00,sem_flix_operational-accountant-french-speaker_warsaw,reject,non_tech,mid,0.85,rules,"not_data_ai_field,not_fresher_ws_thesis",Operational Accountant - French Speaker (m/f/d),Flix,Warsaw,direct
2026-10-01T09:15:42.734340+00:00,sem_flix_operational-accountant-portuguese-speaker_warsaw,reject,non_tech,mid,0.85,rules,"not_data_ai_field,not_fresher_ws_thesis",Operational Accountant - Portuguese Speaker (m/f/d),Flix,Warsaw,direct
2026-10-01T09:15:42.734478+00:00,sem_flix_qualifizierte-r-zugchef-in-flixtrain_berlin,reject,non_tech,mid,0.85,rules,"not_data_ai_field,not_fresher_ws_thesis",Qualifizierte:r Zugchef:in (m/w/d) FlixTrain,Flix,Berlin,direct
2026-10-01T09:15:42.734610+00:00,sem_flix_qualifizierte-r-zugchef-in-flixtrain_hamburg,reject,non_tech,mid,0.85,rules,"not_data_ai_field,not_fresher_ws_thesis",Qualifizierte:r Zugchef:in (m/w/d) FlixTrain,Flix,Hamburg,direct
2026-10-01T09:15:42.734740+00:00,sem_flix_qualifizierte-r-zugchef-in-flixtrain_leipzig,reject,non_tech,mid,0.85,rules,"not_data_ai_field,not_fresher_ws_thesis",Qualifizierte:r Zugchef:in (m/w/d) FlixTrain,Flix,Leipzig,direct
2026-10-01T09:15:42.734869+00:00,sem_flix_quereinstieg-zugchef-in-ab-01-01-2027-frankfurt_frankfurt,reject,non_tech,mid,0.85,rules,"not_data_ai_field,not_fresher_ws_thesis",Quereinstieg Zugchef:in (m/w/d) ab 01.01.2027 / Frankfurt,Flix,Frankfurt,direct
2026-10-01T09:15:42.735047+00:00,sem_flix_regional-operations-manager_warsaw,reject,non_tech,mid,0.85,rules,"not_data_ai_field,not_fresher_ws_thesis",Regional Operations Manager (m/f/d),Flix,Warsaw,direct
2026-10-01T09:15:42.735162+00:00,sem_flix_regional-people-partner-europe-east_warsaw,reject,non_tech,mid,0.85,rules,"not_data_ai_field,not_fresher_ws_thesis",Regional People Partner - Europe East (m/f/d),Flix,Warsaw,direct
2026-10-01T09:15:42.735302+00:00,sem_flix_senior-disponent-flixtrain_berlin,reject,non_tech,senior,0.85,rules,"not_data_ai_field,not_fresher_ws_thesis",Senior Disponent (m/w/d) FlixTrain,Flix,Berlin,direct
2026-10-01T09:15:42.735408+00:00,sem_flix_senior-hr-manager-hrbp_sofia,reject,non_tech,senior,0.85,rules,"not_data_ai_field,not_fresher_ws_thesis",Senior HR Manager/HRBP (m/f/d),Flix,Sofia,direct
2026-10-01T09:15:42.735521+00:00,sem_flix_senior-manager-regulatory-legal-affairs_berlin,reject,non_tech,senior,0.85,rules,"not_data_ai_field,not_fresher_ws_thesis",Senior Manager Regulatory & Legal Affairs,Flix,Berlin,direct
2026-10-01T09:15:42.735630+00:00,sem_flix_senior-regional-operations-specialist_madrid,reject,non_tech,senior,0.85,rules,"not_data_ai_field,not_fresher_ws_thesis",Senior Regional Operations Specialist,Flix,Madrid,direct
2026-10-01T09:15:42.735728+00:00,sem_flix_senior-specialist-finance-project-management_sofia,reject,non_tech,senior,0.85,rules,"not_data_ai_field,not_fresher_ws_thesis",Senior Specialist - Finance Project Management (m/f/d),Flix,Sofia,direct
2026-10-01T09:15:42.735870+00:00,sem_flix_senior-zendesk-administrator_lisbon,reject,non_tech,senior,0.85,rules,"not_data_ai_field,not_fresher_ws_thesis",Senior Zendesk Administrator (m/f/d),Flix,Lisbon,direct
2026-10-01T09:15:42.735983+00:00,sem_flix_senior-zendesk-administrator_sofia,reject,non_tech,senior,0.85,rules,"not_data_ai_field,not_fresher_ws_thesis",Senior Zendesk Administrator (m/f/d),Flix,Sofia,direct
2026-10-01T09:15:42.736094+00:00,sem_flix_shop-employee-flixbus-shop-paris-bercy_paris,reject,non_tech,mid,0.85,rules,"not_data_ai_field,not_fresher_ws_thesis",Shop Employee - FlixBus Shop Paris-Bercy (m/f/d),Flix,Paris,direct
2026-10-01T09:15:42.736238+00:00,sem_flix_shop-employee-sete-rios-bus-station_lisbon,reject,non_tech,mid,0.85,rules,"not_data_ai_field,not_fresher_ws_thesis",Shop employee - Sete Rios Bus Station (m/f/d),Flix,Lisbon,direct
2026-10-01T09:15:42.736386+00:00,sem_flix_shop-employee_lisbon,reject,non_tech,mid,0.85,rules,"not_data_ai_field,not_fresher_ws_thesis",Shop Employee (m/f/d),Flix,Lisbon,direct
2026-10-01T09:15:42.736477+00:00,sem_flix_shop-employee_prague,reject,non_tech,mid,0.85,rules,"not_data_ai_field,not_fresher_ws_thesis",Shop Employee (m/f/d),Flix,Prague,direct
2026-10-01T09:15:42.736605+00:00,sem_flix_team-lead-training-academy_berlin,reject,non_tech,senior,0.85,rules,"not_data_ai_field,not_fresher_ws_thesis",Team Lead Training Academy (m/w/d),Flix,Berlin,direct
2026-10-01T09:15:42.736730+00:00,sem_flix_technical-expert-onboard-connectivity_berlin,reject,non_tech,mid,0.85,rules,"not_data_ai_field,not_fresher_ws_thesis",Technical Expert Onboard Connectivity (m/w/d),Flix,Berlin,direct
2026-10-01T09:15:42.736858+00:00,sem_flix_trainer-ausbilder-f-r-lokf-hrer-triebfahrzeugf-hrer_berlin,reject,non_tech,mid,0.85,rules,"not_data_ai_field,not_fresher_ws_thesis",Trainer/ Ausbilder für Lokführer (Triebfahrzeugführer) (m/w/d),Flix,Berlin,direct
2026-10-01T09:15:42.737009+00:00,sem_flix_trainer-ausbilder-f-r-lokf-hrer-triebfahrzeugf-hrer_hamburg,reject,non_tech,mid,0.85,rules,"not_data_ai_field,not_fresher_ws_thesis",Trainer/ Ausbilder für Lokführer (Triebfahrzeugführer) (m/w/d),Flix,Hamburg,direct
2026-10-01T09:15:42.737158+00:00,sem_flix_trainer-ausbilder-f-r-lokf-hrer-triebfahrzeugf-hrer_stuttgart,reject,non_tech,mid,0.85,rules,"not_data_ai_field,not_fresher_ws_thesis",Trainer/ Ausbilder für Lokführer (Triebfahrzeugführer) (m/w/d),Flix,Stuttgart,direct
2026-10-01T09:15:42.737309+00:00,sem_flix_zendesk-admin-operations-consultant_lisbon,reject,non_tech,mid,0.85,rules,"not_data_ai_field,not_fresher_ws_thesis","Zendesk Admin, Operations Consultant (m/f/d)",Flix,Lisbon,direct
2026-10-01T09:15:42.737451+00:00,sem_flix_zendesk-admin-operations-consultant_sofia,reject,non_tech,mid,0.85,rules,"not_data_ai_field,not_fresher_ws_thesis","Zendesk Admin, Operations Consultant (m/f/d)",Flix,Sofia,direct
2026-10-01T09:15:42.737584+00:00,sem_flix_zugverkehrssteuerer-fernverkehr_berlin,reject,non_tech,mid,0.85,rules,"not_data_ai_field,not_fresher_ws_thesis",Zugverkehrssteuerer Fernverkehr (m/w/d),Flix,Berlin,direct
2026-10-01T09:15:42.703289+00:00,sem_forum-jobs-forum-jobs-ieper_project-manager_be-be253,reject,non_tech,mid,0.85,rules,"not_data_ai_field,not_fresher_ws_thesis",project manager,Forum Jobs Forum Jobs Ieper,BE (BE253),eures
2026-10-01T09:15:42.719399+00:00,sem_gcasa_advertising-and-marketing-professional_mt-mt001,reject,non_tech,mid,0.85,rules,"not_data_ai_field,not_fresher_ws_thesis",ADVERTISING AND MARKETING PROFESSIONAL,GCASA,MT (MT001),eures
2026-10-01T09:15:42.719523+00:00,sem_general-repairs-limited_steel-draughtsperson_mt-mt001,reject,non_tech,mid,0.85,rules,"not_data_ai_field,not_fresher_ws_thesis",STEEL DRAUGHTSPERSON,GENERAL REPAIRS LIMITED,MT (MT001),eures
2026-10-01T09:15:42.703360+00:00,sem_getyourguide_account-executive-greece-greek-speaking_berlin,reject,non_tech,mid,0.85,rules,"not_data_ai_field,not_fresher_ws_thesis",Account Executive Greece (Greek Speaking),GetYourGuide,Berlin,direct
2026-10-01T09:15:42.703464+00:00,sem_getyourguide_account-executive-uk_london,reject,non_tech,mid,0.85,rules,"not_eu,not_data_ai_field,not_fresher_ws_thesis",Account Executive - UK,GetYourGuide,London,direct
2026-10-01T09:15:42.703535+00:00,sem_getyourguide_director-of-lifecycle-crm-growth-marketing_berlin,reject,non_tech,mid,0.85,rules,"not_data_ai_field,not_fresher_ws_thesis",Director of Lifecycle & CRM (Growth Marketing),GetYourGuide,Berlin,direct
2026-10-01T09:15:42.703644+00:00,sem_getyourguide_director-of-sales-and-account-management-emea_berlin,reject,non_tech,mid,0.85,rules,"not_data_ai_field,not_fresher_ws_thesis","Director of Sales and Account Management, EMEA",GetYourGuide,Berlin,direct
2026-10-01T09:15:42.703759+00:00,sem_getyourguide_director-strategic-partnerships_berlin,reject,non_tech,mid,0.85,rules,"not_data_ai_field,not_fresher_ws_thesis","Director, Strategic Partnerships",GetYourGuide,Berlin,direct
2026-10-01T09:15:42.703834+00:00,sem_getyourguide_engineering-manager-reviews_berlin,reject,non_tech,mid,0.85,rules,"not_data_ai_field,not_fresher_ws_thesis","Engineering Manager, Reviews",GetYourGuide,Berlin,direct
2026-10-01T09:15:42.703905+00:00,sem_getyourguide_general-ledger-accountant_berlin,reject,non_tech,mid,0.85,rules,"not_data_ai_field,not_fresher_ws_thesis",General Ledger Accountant,GetYourGuide,Berlin,direct
2026-10-01T09:15:42.703975+00:00,sem_getyourguide_head-of-strategic-programs_berlin,reject,non_tech,senior,0.85,rules,"not_data_ai_field,not_fresher_ws_thesis",Head of Strategic Programs,GetYourGuide,Berlin,direct
2026-10-01T09:15:42.704054+00:00,sem_getyourguide_head-of-supplier-enablement_berlin,reject,non_tech,senior,0.85,rules,"not_data_ai_field,not_fresher_ws_thesis",Head of Supplier Enablement,GetYourGuide,Berlin,direct
2026-10-01T09:15:42.704129+00:00,sem_getyourguide_knowledge-process-manager_berlin,reject,non_tech,mid,0.85,rules,"not_data_ai_field,not_fresher_ws_thesis",Knowledge & Process Manager,GetYourGuide,Berlin,direct
2026-10-01T09:15:42.704200+00:00,sem_getyourguide_learning-excellence-manager_berlin,reject,non_tech,mid,0.85,rules,"not_data_ai_field,not_fresher_ws_thesis",Learning Excellence Manager,GetYourGuide,Berlin,direct
2026-10-01T09:15:42.704269+00:00,sem_getyourguide_senior-account-executive-lead-2-year-contract_paris,reject,non_tech,senior,0.85,rules,"not_data_ai_field,not_fresher_ws_thesis",Senior Account Executive Lead (2-year contract),GetYourGuide,Paris,direct
2026-10-01T09:15:42.704391+00:00,sem_getyourguide_senior-account-executive-lead_amsterdam,reject,non_tech,senior,0.85,rules,"not_data_ai_field,not_fresher_ws_thesis",Senior Account Executive Lead,GetYourGuide,Amsterdam,direct
2026-10-01T09:15:42.704475+00:00,sem_getyourguide_senior-brand-designer-b2b_berlin,reject,non_tech,senior,0.85,rules,"not_data_ai_field,not_fresher_ws_thesis",Senior Brand Designer B2B,GetYourGuide,Berlin,direct
2026-10-01T09:15:42.704551+00:00,sem_getyourguide_senior-communications-manager_berlin,reject,non_tech,senior,0.85,rules,"not_data_ai_field,not_fresher_ws_thesis",Senior Communications Manager,GetYourGuide,Berlin,direct
2026-10-01T09:15:42.704621+00:00,sem_getyourguide_senior-localization-specialist_berlin,reject,non_tech,senior,0.85,rules,"not_data_ai_field,not_fresher_ws_thesis",Senior Localization Specialist,GetYourGuide,Berlin,direct
2026-10-01T09:15:42.704690+00:00,sem_getyourguide_senior-product-designer-b2c_berlin,reject,non_tech,senior,0.85,rules,"not_data_ai_field,not_fresher_ws_thesis",Senior Product Designer (B2C),GetYourGuide,Berlin,direct
2026-10-01T09:15:42.704769+00:00,sem_getyourguide_senior-strategy-manager_berlin,reject,non_tech,senior,0.85,rules,"not_data_ai_field,not_fresher_ws_thesis",Senior Strategy Manager,GetYourGuide,Berlin,direct
2026-10-01T09:15:42.704833+00:00,sem_getyourguide_senior-technical-recruiter_berlin,reject,non_tech,senior,0.85,rules,"not_data_ai_field,not_fresher_ws_thesis",Senior Technical Recruiter,GetYourGuide,Berlin,direct
2026-10-01T09:15:42.704900+00:00,sem_getyourguide_technical-recruiter-12-month-maternity-cover_berlin,reject,non_tech,mid,0.85,rules,"not_data_ai_field,not_fresher_ws_thesis",Technical Recruiter (12 Month Maternity Cover),GetYourGuide,Berlin,direct
2026-10-01T09:15:42.705010+00:00,sem_getyourguide_ux-research-programs-operations-zurich_zurich,reject,non_tech,mid,0.85,rules,"not_eu,not_data_ai_field,not_fresher_ws_thesis",UX Research Programs & Operations (Zurich),GetYourGuide,Zurich,direct
2026-10-01T09:15:42.705118+00:00,sem_gloor-pr-zisionswerkzeuge_fachspezialist-avor-pps-100_ch-ch023,reject,non_tech,mid,0.85,rules,"not_eu,not_data_ai_field,not_fresher_ws_thesis",Fachspezialist AVOR/PPS 100%,Gloor Präzisionswerkzeuge AG,CH (CH023),eures
2026-10-01T09:15:42.705224+00:00,sem_grafanalabs_commercial-account-executive-acquisition-switzerland-remote_,reject,non_tech,mid,0.85,rules,"not_eu,not_data_ai_field,not_fresher_ws_thesis","Commercial Account Executive, Acquisition | Switzerland | Remote",grafanalabs,,arbeitnow
2026-10-01T09:15:42.705395+00:00,sem_grafanalabs_enterprise-account-executive-acquisition-switzerland-remote_,reject,non_tech,mid,0.85,rules,"not_eu,not_data_ai_field,not_fresher_ws_thesis","Enterprise Account Executive, Acquisition | Switzerland | Remote",grafanalabs,,arbeitnow
2026-10-01T09:15:42.705605+00:00,sem_hellofresh_asset-protection-manager_barleben-saxony-anhalt-germany,reject,non_tech,mid,0.85,rules,"not_data_ai_field,not_fresher_ws_thesis",Asset Protection Manager,HelloFresh,"Barleben, Saxony-Anhalt, Germany",direct
2026-10-01T09:15:42.705752+00:00,sem_hellofresh_asset-protection-manager_derby-england-united-kingdom,reject,non_tech,mid,0.85,rules,"not_eu,not_data_ai_field,not_fresher_ws_thesis",Asset Protection Manager,HelloFresh,"Derby, England, United Kingdom",direct
2026-10-01T09:15:42.705879+00:00,sem_hellofresh_category-management-graduate_dublin-dublin-ireland,reject,non_tech,mid,0.85,rules,"not_data_ai_field,not_fresher_ws_thesis",Category Management Graduate,HelloFresh,"Dublin, Dublin, Ireland",direct
2026-10-01T09:15:42.705977+00:00,sem_hellofresh_category-management-graduate_london-england-united-kingdom,reject,non_tech,mid,0.85,rules,"not_eu,not_data_ai_field,not_fresher_ws_thesis",Category Management Graduate,HelloFresh,"London, England, United Kingdom",direct
2026-10-01T09:15:42.706069+00:00,sem_hellofresh_chief-marketing-officer-dach_germany,reject,non_tech,mid,0.85,rules,"not_data_ai_field,not_fresher_ws_thesis",Chief Marketing Officer - DACH,HelloFresh,Germany,direct
2026-10-01T09:15:42.706194+00:00,sem_hellofresh_director-ux-design_berlin-berlin-germany,reject,non_tech,mid,0.85,rules,"not_data_ai_field,not_fresher_ws_thesis",Director UX Design,HelloFresh,"Berlin, Berlin, Germany",direct
2026-10-01T09:15:42.706264+00:00,sem_hellofresh_flow-controller_derby-england-united-kingdom,reject,non_tech,mid,0.85,rules,"not_eu,not_data_ai_field,not_fresher_ws_thesis",Flow Controller,HelloFresh,"Derby, England, United Kingdom",direct
2026-10-01T09:15:42.706363+00:00,sem_hellofresh_geb-udetechniker-all-genders_verden-niedersachsen-germany,reject,non_tech,mid,0.85,rules,"not_data_ai_field,not_fresher_ws_thesis",Gebäudetechniker (all genders),HelloFresh,"Verden, Niedersachsen, Germany",direct
2026-10-01T09:15:42.706490+00:00,sem_hellofresh_instandhaltungstechniker-all-genders_verden-niedersachsen-germany,reject,non_tech,mid,0.85,rules,"not_data_ai_field,not_fresher_ws_thesis",Instandhaltungstechniker (all genders),HelloFresh,"Verden, Niedersachsen, Germany",direct
2026-10-01T09:15:42.706621+00:00,sem_hellofresh_junior-content-marketing-specialist-f-m-x_amsterdam-north-holland-netherlands,reject,non_tech,junior,0.85,rules,not_data_ai_field,Junior Content Marketing specialist (f/m/x),HelloFresh,"Amsterdam, North Holland, Netherlands",direct
2026-10-01T09:15:42.706741+00:00,sem_hellofresh_junior-growth-manager_london-england-united-kingdom,reject,non_tech,junior,0.85,rules,"not_eu,not_data_ai_field",Junior Growth Manager,HelloFresh,"London, England, United Kingdom",direct
2026-10-01T09:15:42.706816+00:00,sem_hellofresh_junior-planning-manager_derby-england-united-kingdom,reject,non_tech,junior,0.85,rules,"not_eu,not_data_ai_field",Junior Planning Manager,HelloFresh,"Derby, England, United Kingdom",direct
2026-10-01T09:15:42.706927+00:00,sem_hellofresh_mechatroniker-instandhaltung-all-genders_verden-niedersachsen-germany,reject,non_tech,mid,0.85,rules,"not_data_ai_field,not_fresher_ws_thesis",Mechatroniker Instandhaltung (all genders),HelloFresh,"Verden, Niedersachsen, Germany",direct
2026-10-01T09:15:42.707060+00:00,sem_hellofresh_operations-shift-lead-production-all-genders_barleben-saxony-anhalt-germany-magdeburg-saxony-anhalt-germany,reject,non_tech,senior,0.85,rules,"not_data_ai_field,not_fresher_ws_thesis",Operations Shift Lead – Production (all genders),HelloFresh,"Barleben, Saxony-Anhalt, Germany; Magdeburg, Saxony-Anhalt, Germany",direct
2026-10-01T09:15:42.707213+00:00,sem_hellofresh_people-technology-senior-integrations-specialist-all-genders_warszawa-masovian-voivodeship-poland,reject,non_tech,senior,0.85,rules,"not_data_ai_field,not_fresher_ws_thesis",People Technology Senior Integrations Specialist (All Genders),HelloFresh,"Warszawa, Masovian Voivodeship, Poland",direct
2026-10-01T09:15:42.707360+00:00,sem_hellofresh_production-shift-manager-all-genders_barleben-saxony-anhalt-germany-magdeburg-saxony-anhalt-germany,reject,non_tech,mid,0.85,rules,"not_data_ai_field,not_fresher_ws_thesis",Production Shift Manager (all genders),HelloFresh,"Barleben, Saxony-Anhalt, Germany; Magdeburg, Saxony-Anhalt, Germany",direct
2026-10-01T09:15:42.707461+00:00,sem_hellofresh_production-shift-supervisor-all-genders_barleben-saxony-anhalt-germany-magdeburg-saxony-anhalt-germany,reject,non_tech,mid,0.85,rules,"not_data_ai_field,not_fresher_ws_thesis",Production Shift Supervisor (all genders),HelloFresh,"Barleben, Saxony-Anhalt, Germany; Magdeburg, Saxony-Anhalt, Germany",direct
2026-10-01T09:15:42.707564+00:00,sem_hellofresh_schichtleitung-produktion-all-genders_barleben-saxony-anhalt-germany-magdeburg-saxony-anhalt-germany,reject,non_tech,mid,0.85,rules,"not_data_ai_field,not_fresher_ws_thesis",Schichtleitung Produktion (all genders),HelloFresh,"Barleben, Saxony-Anhalt, Germany; Magdeburg, Saxony-Anhalt, Germany",direct
2026-10-01T09:15:42.707655+00:00,sem_hellofresh_senior-ux-designer-consumer-all-genders_warszawa-masovian-voivodeship-poland,reject,non_tech,senior,0.85,rules,"not_data_ai_field,not_fresher_ws_thesis","Senior UX Designer, Consumer (all genders)",HelloFresh,"Warszawa, Masovian Voivodeship, Poland",direct
2026-10-01T09:15:42.707774+00:00,sem_hellofresh_senior-ux-product-designer-engagement_warszawa-masovian-voivodeship-poland,reject,non_tech,senior,0.85,rules,"not_data_ai_field,not_fresher_ws_thesis","Senior UX Product Designer, Engagement",HelloFresh,"Warszawa, Masovian Voivodeship, Poland",direct
2026-10-01T09:15:42.707881+00:00,sem_hellofresh_senior-ux-product-designer_warszawa-masovian-voivodeship-poland,reject,non_tech,senior,0.85,rules,"not_data_ai_field,not_fresher_ws_thesis",Senior UX Product Designer,HelloFresh,"Warszawa, Masovian Voivodeship, Poland",direct
2026-10-01T09:15:42.707966+00:00,sem_hellofresh_site-qa-qc-specialist-f-m-x_bleiswijk-south-holland-netherlands,reject,non_tech,mid,0.85,rules,"not_data_ai_field,not_fresher_ws_thesis",Site QA/QC Specialist (f/m/x),HelloFresh,"Bleiswijk, South Holland, Netherlands",direct
2026-10-01T09:15:42.708098+00:00,sem_holidu_accountant_munich,reject,non_tech,junior,0.85,rules,not_data_ai_field,(Junior) Accountant (m/w/d),Holidu,Munich,arbeitnow
2026-10-01T09:15:42.708180+00:00,sem_ideals_account-executive-business-development-associate-london_london-united-kingdom,reject,non_tech,mid,0.85,rules,"not_eu,not_data_ai_field,not_fresher_ws_thesis",Account Executive / Business Development Associate (London),Ideals,"London, United Kingdom",arbeitnow
2026-10-01T09:15:42.708316+00:00,sem_ideals_enterprise-account-executive-zurich_zurich-switzerland,reject,non_tech,mid,0.85,rules,"not_eu,not_data_ai_field,not_fresher_ws_thesis",Enterprise Account Executive - Zurich,Ideals,"Zurich, Switzerland",arbeitnow
2026-10-01T09:15:42.708413+00:00,sem_jobgate_mitarbeiter-baustellenlogistik-allrounder-a_ch-ch052,reject,non_tech,mid,0.85,rules,"not_eu,not_data_ai_field,not_fresher_ws_thesis",Mitarbeiter Baustellenlogistik / Allrounder (a),jobgate ag,CH (CH052),eures
2026-10-01T09:15:42.708546+00:00,sem_jobgether_people-hunter-talent-acquisition-assistant_switzerland,reject,non_tech,mid,0.85,rules,"not_eu,not_data_ai_field,not_fresher_ws_thesis",[People] Hunter / Talent Acquisition Assistant,Jobgether,Switzerland,arbeitnow
2026-10-01T09:15:42.708686+00:00,sem_jobgether_people-hunter-talent-acquisition-assistant_uk,reject,non_tech,mid,0.85,rules,"not_eu,not_data_ai_field,not_fresher_ws_thesis",[People] Hunter / Talent Acquisition Assistant,Jobgether,UK,arbeitnow
2026-10-01T09:15:42.708817+00:00,sem_konfetti_business-development-manager-m-w-x-in-berlin_berlin,reject,non_tech,mid,0.85,rules,"not_data_ai_field,not_fresher_ws_thesis",Business Development Manager (m/w/x) in Berlin,Konfetti GmbH,Berlin,arbeitnow
2026-10-01T09:15:42.708953+00:00,sem_lga-it_system-administrator_be-be235,reject,non_tech,mid,0.85,rules,"not_data_ai_field,not_fresher_ws_thesis",System Administrator,LGA IT,BE (BE235),eures
2026-10-01T09:15:42.737686+00:00,sem_lovable_mid-market-account-executive-london_london,reject,non_tech,mid,0.85,rules,"not_eu,not_data_ai_field,not_fresher_ws_thesis","Mid-Market Account Executive, London",Lovable,London,direct
2026-10-01T09:15:42.737811+00:00,sem_lovable_mid-market-account-executive-nordics_stockholm,reject,non_tech,mid,0.85,rules,"not_data_ai_field,not_fresher_ws_thesis","Mid-Market Account Executive, Nordics",Lovable,Stockholm,direct
2026-10-01T09:15:42.737931+00:00,sem_lovable_payroll-lead_stockholm,reject,non_tech,senior,0.85,rules,"not_data_ai_field,not_fresher_ws_thesis",Payroll Lead,Lovable,Stockholm,direct
2026-10-01T09:15:42.738001+00:00,sem_lovable_product-designer_stockholm,reject,non_tech,mid,0.85,rules,"not_data_ai_field,not_fresher_ws_thesis",Product Designer,Lovable,Stockholm,direct
2026-10-01T09:15:42.738123+00:00,sem_lovable_product-experience-specialist-part-time_stockholm,reject,non_tech,mid,0.85,rules,"not_data_ai_field,not_fresher_ws_thesis",Product Experience Specialist (Part Time),Lovable,Stockholm,direct
2026-10-01T09:15:42.738257+00:00,sem_lovable_product-partnership-manager_stockholm,reject,non_tech,mid,0.85,rules,"not_data_ai_field,not_fresher_ws_thesis",Product Partnership Manager,Lovable,Stockholm,direct
2026-10-01T09:15:42.709032+00:00,sem_lrz_fachinformatikerin-systemintegration_garching-bei-m-nchen,reject,non_tech,mid,0.85,rules,"not_data_ai_field,not_fresher_ws_thesis",Fachinformatikerin (m/w/d) - Systemintegration,Lrz,Garching bei München,arbeitnow
2026-10-01T09:15:42.709142+00:00,sem_meggitt-sa_engineering-manager_ch-ch022,reject,non_tech,mid,0.85,rules,"not_eu,not_data_ai_field,not_fresher_ws_thesis",Engineering Manager,MEGGITT SA,CH (CH022),eures
2026-10-01T09:15:42.709232+00:00,sem_mewssystems_senior-revenue-enablement-specialist_,reject,non_tech,senior,0.85,rules,"not_eu,not_data_ai_field,not_fresher_ws_thesis",Senior Revenue Enablement Specialist,mewssystems,,arbeitnow
2026-10-01T09:15:42.709358+00:00,sem_michael-page-international-belgium_field-service-technician-solutions-techniques-industrielles_be-be100,reject,non_tech,mid,0.85,rules,"not_data_ai_field,not_fresher_ws_thesis",Field Service Technician - Solutions techniques industrielles,MICHAEL PAGE INTERNATIONAL (BELGIUM),BE (BE100),eures
2026-10-01T09:15:42.709502+00:00,sem_michael-page-international-belgium_onsite-support_be-be231,reject,non_tech,mid,0.85,rules,"not_data_ai_field,not_fresher_ws_thesis",Onsite Support,MICHAEL PAGE INTERNATIONAL (BELGIUM),BE (BE231),eures
2026-10-01T09:15:42.709571+00:00,sem_multiverse_customer-value-partner-strategic-accounts_london,reject,non_tech,mid,0.85,rules,"not_eu,not_data_ai_field,not_fresher_ws_thesis","Customer Value Partner, Strategic Accounts",Multiverse,London,arbeitnow
2026-10-01T09:15:42.709679+00:00,sem_mynaric_senior-sales-business-development-manager-asia-pacific-m-f-x_m-nchen,reject,non_tech,senior,0.85,rules,"not_data_ai_field,not_fresher_ws_thesis","Senior Sales & Business Development Manager, Asia-Pacific (m/f/x)",Mynaric,München,arbeitnow
2026-10-01T09:15:42.709837+00:00,sem_n26_afc-compliance-controls-and-reviews-associate_berlin,reject,non_tech,mid,0.85,rules,"not_data_ai_field,not_fresher_ws_thesis",AFC Compliance Controls and Reviews - Associate,N26,Berlin,direct
2026-10-01T09:15:42.709951+00:00,sem_n26_afc-compliance-controls-and-reviews-associate_madrid,reject,non_tech,mid,0.85,rules,"not_data_ai_field,not_fresher_ws_thesis",AFC Compliance Controls and Reviews - Associate,N26,Madrid,direct
2026-10-01T09:15:42.710072+00:00,sem_n26_banking-operations-occ-fr-specialist-part-time_paris,reject,non_tech,mid,0.85,rules,"not_data_ai_field,not_fresher_ws_thesis",Banking Operations - OCC FR Specialist (Part-time),N26,Paris,direct
2026-10-01T09:15:42.710202+00:00,sem_n26_business-risk-manager-growth_berlin,reject,non_tech,mid,0.85,rules,"not_data_ai_field,not_fresher_ws_thesis",Business Risk Manager – Growth,N26,Berlin,direct
2026-10-01T09:15:42.710299+00:00,sem_n26_product-designer-grow-engage_barcelona,reject,non_tech,mid,0.85,rules,"not_data_ai_field,not_fresher_ws_thesis",Product Designer - Grow & Engage,N26,Barcelona,direct
2026-10-01T09:15:42.710397+00:00,sem_n26_team-lead-non-financial-risk-and-internal-controls_berlin,reject,non_tech,senior,0.85,rules,"not_data_ai_field,not_fresher_ws_thesis",Team Lead Non-Financial Risk and Internal Controls,N26,Berlin,direct
2026-10-01T09:15:42.710523+00:00,sem_neuralconcept_vp-of-engineering_lausanne,reject,non_tech,mid,0.85,rules,"not_eu,not_data_ai_field,not_fresher_ws_thesis",VP of Engineering,Neuralconcept,Lausanne,arbeitnow
2026-10-01T09:15:42.710598+00:00,sem_neuverge-tron_penetration-tester-europe_munich-germany,reject,non_tech,mid,0.85,rules,"not_data_ai_field,not_fresher_ws_thesis",Penetration Tester - Europe (m/f/d),Neuverge Tron,"Munich, Germany",arbeitnow
2026-10-01T09:15:42.710703+00:00,sem_omnora_marketing-manager-ki-automation_frankfurt-am-main,reject,non_tech,mid,0.85,rules,"not_data_ai_field,not_fresher_ws_thesis",Marketing Manager - KI & Automation (m/w/d),Omnora GmbH,Frankfurt am Main,arbeitnow
2026-10-01T09:15:42.710819+00:00,sem_omnora_marketing-manager_frankfurt-am-main,reject,non_tech,mid,0.85,rules,"not_data_ai_field,not_fresher_ws_thesis",Marketing Manager (m/w/d),Omnora GmbH,Frankfurt am Main,arbeitnow
2026-10-01T09:15:42.710907+00:00,sem_ontic_senior-director-sales-uk_united-kingdom,reject,non_tech,senior,0.85,rules,"not_eu,not_data_ai_field,not_fresher_ws_thesis","Senior Director, Sales - UK",Ontic,United Kingdom,arbeitnow
2026-10-01T09:15:42.711023+00:00,sem_ottonova_werkstudent-kommunikationsdesign_m-nchen,reject,non_tech,working_student,0.85,rules,not_data_ai_field,Werkstudent – Kommunikationsdesign (m/w/d),Ottonova,München,arbeitnow
2026-10-01T09:15:42.711127+00:00,sem_pivot_account-executive-enterprise-i-paris_paris,reject,non_tech,mid,0.85,rules,"not_data_ai_field,not_fresher_ws_thesis",Account Executive - Enterprise I Paris,Pivot,Paris,arbeitnow
2026-10-01T09:15:42.711234+00:00,sem_plentific_supply-chain-specialist_london-office,reject,non_tech,mid,0.85,rules,"not_eu,not_data_ai_field,not_fresher_ws_thesis",Supply Chain Specialist,Plentific,London Office,arbeitnow
2026-10-01T09:15:42.711314+00:00,sem_project-blackbook_customer-marketing-consultant-contract-role_london,reject,non_tech,mid,0.85,rules,"not_eu,not_data_ai_field,not_fresher_ws_thesis",Customer & Marketing Consultant - Contract role,Project Blackbook,London,arbeitnow
2026-10-01T09:15:42.711426+00:00,sem_randstad-ab_senior-scrummaster_se232,reject,non_tech,senior,0.85,rules,"not_data_ai_field,not_fresher_ws_thesis",Senior Scrummaster,Randstad AB,SE (SE232),eures
2026-10-01T09:15:42.711509+00:00,sem_randstad-deutschland_lagerarbeiter-gabelstaplerfahrer-in_de-de721,reject,non_tech,mid,0.85,rules,"not_data_ai_field,not_fresher_ws_thesis",Lagerarbeiter (m/w/d) (Gabelstaplerfahrer/in),Randstad Deutschland,DE (DE721),eures
2026-10-01T09:15:42.711650+00:00,sem_realchemistry_director-medical-strategy-medical-affairs_,reject,non_tech,mid,0.85,rules,"not_eu,not_data_ai_field,not_fresher_ws_thesis","Director, Medical Strategy (Medical Affairs)",Realchemistry,,arbeitnow
2026-10-01T09:15:42.711795+00:00,sem_realchemistry_senior-account-manager_,reject,non_tech,senior,0.85,rules,"not_eu,not_data_ai_field,not_fresher_ws_thesis",Senior Account Manager,Realchemistry,,arbeitnow
2026-10-01T09:15:42.711898+00:00,sem_relay_senior-sales-manager_london-on-site,reject,non_tech,senior,0.85,rules,"not_eu,not_data_ai_field,not_fresher_ws_thesis",Senior Sales Manager,Relay,London - On-site,arbeitnow
2026-10-01T09:15:42.711973+00:00,sem_salonkee_sales-manager-im-au-endienst-graub-nden_schweiz-graub-nden,reject,non_tech,mid,0.85,rules,"not_eu,not_data_ai_field,not_fresher_ws_thesis",Sales Manager im Außendienst (m/w/d) - Graubünden,Salonkee,Schweiz / Graubünden,arbeitnow
2026-10-01T09:15:42.712148+00:00,sem_salonkee_sales-manager-im-au-endienst-uri_schweiz-uri,reject,non_tech,mid,0.85,rules,"not_eu,not_data_ai_field,not_fresher_ws_thesis",Sales Manager im Außendienst (m/w/d) - Uri,Salonkee,Schweiz / Uri,arbeitnow
2026-10-01T09:15:42.712307+00:00,sem_sauter-building-control-schweiz_verkaufsingenieur-80-100-in-d-bendorf_ch-ch040,reject,non_tech,mid,0.85,rules,"not_eu,not_data_ai_field,not_fresher_ws_thesis",Verkaufsingenieur  80%-100% in Dübendorf,Sauter Building Control Schweiz AG,CH (CH040),eures
2026-10-01T09:15:42.712450+00:00,sem_sd-worx-jobs_supervisor-technisch-onderhoud_be-be236,reject,non_tech,mid,0.85,rules,"not_data_ai_field,not_fresher_ws_thesis",Supervisor Technisch Onderhoud,SD Worx Jobs,BE (BE236),eures
2026-10-01T09:15:42.712545+00:00,sem_secosys-it_netzwerkadministrator_erfurt,reject,non_tech,mid,0.85,rules,"not_data_ai_field,not_fresher_ws_thesis",Netzwerkadministrator (m/w/d),SECOSYS-IT,Erfurt,arbeitnow
2026-10-01T09:15:42.712633+00:00,sem_shipbobinc_senior-business-development-representative_sydney-australia,reject,non_tech,senior,0.85,rules,"not_eu,not_data_ai_field,not_fresher_ws_thesis",Senior Business Development Representative,Shipbobinc,"Sydney, Australia",arbeitnow
2026-10-01T09:15:42.712764+00:00,sem_sifflet_general-counsel_france,reject,non_tech,mid,0.85,rules,"not_data_ai_field,not_fresher_ws_thesis",General Counsel,sifflet,France,arbeitnow
2026-10-01T09:15:42.712837+00:00,sem_skalar_steuerassistent-in_m-nchen,reject,non_tech,mid,0.85,rules,"not_data_ai_field,not_fresher_ws_thesis",Steuerassistent:in (w/m/d),Skalar,München,arbeitnow
2026-10-01T09:15:42.719611+00:00,sem_solum-search-ab_key-account-manager-till-netwest_se232,reject,non_tech,mid,0.85,rules,"not_data_ai_field,not_fresher_ws_thesis",Key Account Manager till Netwest,Solum Search AB,SE (SE232),eures
2026-10-01T09:15:42.738342+00:00,sem_stripe_incident-response-manager_ireland-dublin,reject,non_tech,mid,0.85,rules,"not_data_ai_field,not_fresher_ws_thesis",Incident Response Manager,Stripe,"Ireland, Dublin",direct
2026-10-01T09:15:42.712923+00:00,sem_sumup_account-executive_london-england-united-kingdom,reject,non_tech,mid,0.85,rules,"not_eu,not_data_ai_field,not_fresher_ws_thesis",Account Executive,SumUp,"London, England, United Kingdom",direct
2026-10-01T09:15:42.712992+00:00,sem_sumup_business-development-manager-payments-pos_newcastle-upon-tyne-england-united-kingdom,reject,non_tech,mid,0.85,rules,"not_eu,not_data_ai_field,not_fresher_ws_thesis",Business Development Manager – Payments & POS,SumUp,"Newcastle upon Tyne, England, United Kingdom",direct
2026-10-01T09:15:42.713165+00:00,sem_sumup_business-development-team-lead_cologne-germany,reject,non_tech,senior,0.85,rules,"not_data_ai_field,not_fresher_ws_thesis",Business Development Team Lead (m/w/d),SumUp,"Cologne, Germany",direct
2026-10-01T09:15:42.713277+00:00,sem_sumup_chief-operating-officer-pcf-42-sumup-limited_dublin-dublin-ireland,reject,non_tech,mid,0.85,rules,"not_data_ai_field,not_fresher_ws_thesis",Chief Operating Officer (PCF-42) - SumUp Limited,SumUp,"Dublin, Dublin, Ireland",direct
2026-10-01T09:15:42.713419+00:00,sem_sumup_commercial-terrain-ind-pendant-freelance_caen-calvados-france,reject,non_tech,mid,0.85,rules,"not_data_ai_field,not_fresher_ws_thesis",Commercial Terrain - Indépendant (Freelance),SumUp,"Caen, Calvados, France",direct
2026-10-01T09:15:42.713543+00:00,sem_sumup_commercial-terrain-ind-pendant-freelance_cherbourg-en-cotentin-manche-france,reject,non_tech,mid,0.85,rules,"not_data_ai_field,not_fresher_ws_thesis",Commercial Terrain - Indépendant (Freelance),SumUp,"Cherbourg-en-Cotentin, Manche, France",direct
2026-10-01T09:15:42.713665+00:00,sem_sumup_commercial-terrain-ind-pendant-freelance_le-havre-seine-maritime-france,reject,non_tech,mid,0.85,rules,"not_data_ai_field,not_fresher_ws_thesis",Commercial Terrain - Indépendant (Freelance),SumUp,"Le Havre, Seine-Maritime, France",direct
2026-10-01T09:15:42.713785+00:00,sem_sumup_consultor-de-vendas_lisbon-portugal,reject,non_tech,mid,0.85,rules,"not_data_ai_field,not_fresher_ws_thesis",Consultor de Vendas,SumUp,"Lisbon, Portugal",direct
2026-10-01T09:15:42.713866+00:00,sem_sumup_corporate-tax-lead_sofia-bulgaria,reject,non_tech,senior,0.85,rules,"not_data_ai_field,not_fresher_ws_thesis",Corporate Tax Lead,SumUp,"Sofia, Bulgaria",direct
2026-10-01T09:15:42.713945+00:00,sem_sumup_field-sales-territory-manager-emilia-romagna_emilia-romagna-italy,reject,non_tech,mid,0.85,rules,"not_data_ai_field,not_fresher_ws_thesis",Field Sales Territory Manager - Emilia-Romagna,SumUp,"Emilia-Romagna, Italy",direct
2026-10-01T09:15:42.714073+00:00,sem_sumup_field-sales-territory-manager-liguria_liguria-italy,reject,non_tech,mid,0.85,rules,"not_data_ai_field,not_fresher_ws_thesis",Field Sales Territory Manager - Liguria,SumUp,"Liguria, Italy",direct
2026-10-01T09:15:42.714198+00:00,sem_sumup_head-of-regional-field-sales-spain-and-portugal_barcelona-barcelona-spain,reject,non_tech,senior,0.85,rules,"not_data_ai_field,not_fresher_ws_thesis",Head of Regional Field Sales - Spain and Portugal,SumUp,"Barcelona, Barcelona, Spain",direct
2026-10-01T09:15:42.714341+00:00,sem_sumup_junior-complaints-compliance-specialist_sofia-bulgaria,reject,non_tech,junior,0.85,rules,not_data_ai_field,Junior Complaints & Compliance Specialist,SumUp,"Sofia, Bulgaria",direct
2026-10-01T09:15:42.714443+00:00,sem_sumup_junior-inbound-sales-representative-nordics_london-england-united-kingdom,reject,non_tech,junior,0.85,rules,"not_eu,not_data_ai_field",Junior Inbound Sales Representative [Nordics],SumUp,"London, England, United Kingdom",direct
2026-10-01T09:15:42.714554+00:00,sem_sumup_junior-sales-development-representative_cologne-germany,reject,non_tech,junior,0.85,rules,not_data_ai_field,Junior Sales Development Representative (m/w/d),SumUp,"Cologne, Germany",direct
2026-10-01T09:15:42.714671+00:00,sem_sumup_kyc-edd-operations-agent-german_sofia-bulgaria,reject,non_tech,mid,0.85,rules,"not_data_ai_field,not_fresher_ws_thesis",KYC EDD Operations Agent (German),SumUp,"Sofia, Bulgaria",direct
2026-10-01T09:15:42.714779+00:00,sem_sumup_kyc-operations-agent-with-dutch_sofia-bulgaria,reject,non_tech,mid,0.85,rules,"not_data_ai_field,not_fresher_ws_thesis",KYC Operations Agent with Dutch,SumUp,"Sofia, Bulgaria",direct
2026-10-01T09:15:42.714899+00:00,sem_sumup_regional-manager-field-sales_copenhagen-denmark,reject,non_tech,mid,0.85,rules,"not_data_ai_field,not_fresher_ws_thesis",Regional Manager Field Sales,SumUp,"Copenhagen, Denmark",direct
2026-10-01T09:15:42.714984+00:00,sem_sumup_selbstst-ndiger-vertriebsmitarbeiter-au-endienst-m-w-x_vienna-vienna-austria,reject,non_tech,mid,0.85,rules,"not_data_ai_field,not_fresher_ws_thesis",Selbstständiger Vertriebsmitarbeiter Außendienst (m/w/x),SumUp,"Vienna, Vienna, Austria",direct
2026-10-01T09:15:42.715115+00:00,sem_sumup_senior-commercial-finance-business-partner_berlin-germany,reject,non_tech,senior,0.85,rules,"not_data_ai_field,not_fresher_ws_thesis",Senior Commercial Finance Business Partner,SumUp,"Berlin, Germany",direct
2026-10-01T09:15:42.715215+00:00,sem_sumup_senior-commercial-finance-business-partner_london-england-united-kingdom,reject,non_tech,senior,0.85,rules,"not_eu,not_data_ai_field,not_fresher_ws_thesis",Senior Commercial Finance Business Partner,SumUp,"London, England, United Kingdom",direct
2026-10-01T09:15:42.715323+00:00,sem_sumup_senior-internal-auditor_london-england-united-kingdom,reject,non_tech,senior,0.85,rules,"not_eu,not_data_ai_field,not_fresher_ws_thesis",Senior Internal Auditor,SumUp,"London, England, United Kingdom",direct
2026-10-01T09:15:42.715399+00:00,sem_sumup_territory-sales-manager_copenhagen-denmark,reject,non_tech,mid,0.85,rules,"not_data_ai_field,not_fresher_ws_thesis",Territory Sales Manager,SumUp,"Copenhagen, Denmark",direct
2026-10-01T09:15:42.715472+00:00,sem_sumup_workday-specialist_warsaw-poland,reject,non_tech,mid,0.85,rules,"not_data_ai_field,not_fresher_ws_thesis",Workday Specialist,SumUp,"Warsaw, Poland",direct
2026-10-01T09:15:42.715542+00:00,sem_superchat_head-of-finance_berlin,reject,non_tech,senior,0.85,rules,"not_data_ai_field,not_fresher_ws_thesis",Head of Finance (m/f/d),Superchat,Berlin,arbeitnow
2026-10-01T09:15:42.715630+00:00,sem_tacto_account-manager_munich,reject,non_tech,senior,0.85,rules,"not_data_ai_field,not_fresher_ws_thesis",(Senior) Account Manager,Tacto,Munich,arbeitnow
2026-10-01T09:15:42.715700+00:00,sem_tacto_forward-deployed-engineering-team-lead_munich,reject,non_tech,senior,0.85,rules,"not_data_ai_field,not_fresher_ws_thesis",Forward Deployed Engineering Team Lead,Tacto,Munich,arbeitnow
2026-10-01T09:15:42.738429+00:00,sem_teamative_senior-consultant-servicenow-itom-cmdb_de-stuttgart,reject,non_tech,senior,0.85,rules,"not_data_ai_field,not_fresher_ws_thesis",Senior Consultant ServiceNow ITOM / CMDB,Teamative,DE - Stuttgart,direct
2026-10-01T09:15:42.719732+00:00,sem_tektraco_quality-engineering-support_mt-mt001,reject,non_tech,mid,0.85,rules,"not_data_ai_field,not_fresher_ws_thesis",QUALITY & ENGINEERING SUPPORT,TEKTRACO LTD.,MT (MT001),eures
2026-10-01T09:15:42.715798+00:00,sem_teton_strategic-account-manager-uk_united-kingdom,reject,non_tech,mid,0.85,rules,"not_eu,not_data_ai_field,not_fresher_ws_thesis",Strategic Account Manager UK,Teton,United Kingdom,arbeitnow
2026-10-01T09:15:42.715914+00:00,sem_thehutgroup_senior-ecommerce-executive-12m-ftc-lookfantastic_manchester,reject,non_tech,senior,0.85,rules,"not_eu,not_data_ai_field,not_fresher_ws_thesis",Senior Ecommerce Executive 12M Ftc | Lookfantastic,Thehutgroup,Manchester,arbeitnow
2026-10-01T09:15:42.716044+00:00,sem_thoughtworks_europe-senior-financial-accountant-fixed-term-contract_london,reject,non_tech,senior,0.85,rules,"not_eu,not_data_ai_field,not_fresher_ws_thesis",Europe Senior Financial Accountant - Fixed Term Contract,thoughtworks,London,arbeitnow
2026-10-01T09:15:42.716178+00:00,sem_thoughtworks_senior-financial-accountant-fixed-term-contract_manchester,reject,non_tech,senior,0.85,rules,"not_eu,not_data_ai_field,not_fresher_ws_thesis",Senior Financial Accountant - Fixed Term Contract,thoughtworks,Manchester,arbeitnow
2026-10-01T09:15:42.716296+00:00,sem_thoughtworks_senior-financial-accountant-fixed-term-contract_newcastle,reject,non_tech,senior,0.85,rules,"not_eu,not_data_ai_field,not_fresher_ws_thesis",Senior Financial Accountant - Fixed Term Contract,thoughtworks,Newcastle,arbeitnow
2026-10-01T09:15:42.716441+00:00,sem_uplane_ai-native-landing-page-designer_remote,reject,non_tech,mid,0.85,rules,"not_eu,not_data_ai_field,not_fresher_ws_thesis",AI-Native Landing Page Designer,Uplane,remote,arbeitnow
2026-10-01T09:15:42.716566+00:00,sem_uplane_ai-native-static-ad-designer_remote,reject,non_tech,mid,0.85,rules,"not_eu,not_data_ai_field,not_fresher_ws_thesis",AI-Native Static Ad Designer,Uplane,remote,arbeitnow
2026-10-01T09:15:42.716691+00:00,sem_uplane_ai-native-video-producer_remote,reject,non_tech,mid,0.85,rules,"not_eu,not_data_ai_field,not_fresher_ws_thesis",AI-Native Video Producer,Uplane,remote,arbeitnow
2026-10-01T09:15:42.719837+00:00,sem_vanguard-services-malta-limited_social-media-manager-gozo_mt-mt001,reject,non_tech,mid,0.85,rules,"not_data_ai_field,not_fresher_ws_thesis",SOCIAL MEDIA MANAGER (GOZO),VANGUARD SERVICES MALTA LIMITED,MT (MT001),eures
2026-10-01T09:15:42.716798+00:00,sem_vanta_director-of-enterprise-sales-emea_london-uk,reject,non_tech,mid,0.85,rules,"not_eu,not_data_ai_field,not_fresher_ws_thesis","Director of Enterprise Sales, EMEA",Vanta,"London, UK",arbeitnow
2026-10-01T09:15:42.719945+00:00,sem_versatech-engineering_junior-project-manager_mt-mt001,reject,non_tech,junior,0.85,rules,not_data_ai_field,JUNIOR PROJECT MANAGER,VERSATECH ENGINEERING LTD,MT (MT001),eures
2026-10-01T09:15:42.716905+00:00,sem_vision-rt_post-market-surveillance-complaints-specialist_north-london-or-basingstoke,reject,non_tech,mid,0.85,rules,"not_eu,not_data_ai_field,not_fresher_ws_thesis",Post-Market Surveillance (Complaints) Specialist,Vision RT Ltd.,North London or  Basingstoke,arbeitnow
2026-10-01T09:15:42.720037+00:00,sem_vivaldis_quality-co-rdinator-beheer-proces-en-kwaliteitsbeleid-min-ma_be-be213,reject,non_tech,mid,0.85,rules,"not_data_ai_field,not_fresher_ws_thesis","Quality Coördinator, beheer proces en kwaliteitsbeleid min. MA",VIVALDIS,BE (BE213),eures
2026-10-01T09:15:42.717031+00:00,sem_vo2-group_vo2-finance-d-veloppeur-c-confirm-trading-lectronique-front-office-cib_paris-france,reject,non_tech,mid,0.85,rules,"not_data_ai_field,not_fresher_ws_thesis",[VO2 Finance] - Développeur C# Confirmé – Trading Électronique / Front-Office CIB,VO2 Group,"Paris, France",arbeitnow
2026-10-01T09:15:42.717253+00:00,sem_vo2-group_vo2-finance-d-veloppeur-c-junior-trading-lectronique-front-office-cib_paris-france,reject,non_tech,junior,0.85,rules,not_data_ai_field,[VO2 Finance] - Développeur C# Junior – Trading Électronique / Front-Office CIB,VO2 Group,"Paris, France",arbeitnow
2026-10-01T09:15:42.717458+00:00,sem_voodoo_freelance-3d-artist-puzzle-studio_paris,reject,non_tech,mid,0.85,rules,"not_data_ai_field,not_fresher_ws_thesis",Freelance 3D Artist - Puzzle Studio,Voodoo,Paris,arbeitnow
2026-10-01T09:15:42.717566+00:00,sem_voodoo_game-artist-sand-loop_paris,reject,non_tech,mid,0.85,rules,"not_data_ai_field,not_fresher_ws_thesis",Game Artist - Sand Loop,Voodoo,Paris,arbeitnow
2026-10-01T09:15:42.717652+00:00,sem_voodoo_growth-strategy-ad-monetization-manager_paris,reject,non_tech,mid,0.85,rules,"not_data_ai_field,not_fresher_ws_thesis",Growth Strategy & Ad Monetization Manager,Voodoo,Paris,arbeitnow
2026-10-01T09:15:42.717762+00:00,sem_voodoo_marketing-video-artist-growth_paris,reject,non_tech,mid,0.85,rules,"not_data_ai_field,not_fresher_ws_thesis",Marketing Video Artist - Growth,Voodoo,Paris,arbeitnow
2026-10-01T09:15:42.717853+00:00,sem_what_growth-marketing-consultant-manager-german-required_z-rich-z-rich-switzerland,reject,non_tech,mid,0.85,rules,"not_eu,not_data_ai_field,not_fresher_ws_thesis",Growth Marketing Consultant/Manager (German required),what. AG,"Zürich, Zürich, Switzerland",arbeitnow
2026-10-01T09:15:42.717987+00:00,sem_wizinc_enterprise-account-executive_,reject,non_tech,mid,0.85,rules,"not_eu,not_data_ai_field,not_fresher_ws_thesis",Enterprise Account Executive,wizinc,,arbeitnow
2026-10-01T09:15:42.718103+00:00,sem_wizinc_mid-enterprise-account-executive_,reject,non_tech,mid,0.85,rules,"not_eu,not_data_ai_field,not_fresher_ws_thesis",Mid-Enterprise Account Executive,wizinc,,arbeitnow
2026-10-01T09:15:42.738535+00:00,sem_wolt_account-manager-retail_berlin-germany,reject,non_tech,mid,0.85,rules,"not_data_ai_field,not_fresher_ws_thesis",Account Manager Retail,Wolt,"Berlin, Germany",direct
2026-10-01T09:15:42.738606+00:00,sem_wolt_ads-and-promo-sales-manager_zagreb-croatia,reject,non_tech,mid,0.85,rules,"not_data_ai_field,not_fresher_ws_thesis",Ads and Promo Sales Manager,Wolt,"Zagreb, Croatia",direct
2026-10-01T09:15:42.738712+00:00,sem_wolt_ads-promotions-sales-manager_warsaw-poland,reject,non_tech,mid,0.85,rules,"not_data_ai_field,not_fresher_ws_thesis",Ads & Promotions Sales Manager,Wolt,"Warsaw, Poland",direct
2026-10-01T09:15:42.738813+00:00,sem_wolt_ads-promotions-sales-specialist_bratislava-slovakia,reject,non_tech,mid,0.85,rules,"not_data_ai_field,not_fresher_ws_thesis",Ads & Promotions Sales Specialist,Wolt,"Bratislava, Slovakia",direct
2026-10-01T09:15:42.738920+00:00,sem_wolt_albanian-speaking-support-associate-full-time_tirana-albania,reject,non_tech,mid,0.85,rules,"not_eu,not_data_ai_field,not_fresher_ws_thesis",Albanian Speaking Support Associate (full-time),Wolt,"Tirana, Albania",direct
2026-10-01T09:15:42.739055+00:00,sem_wolt_area-manager-wm_athens-greece,reject,non_tech,mid,0.85,rules,"not_data_ai_field,not_fresher_ws_thesis",Area Manager (WM),Wolt,"Athens, Greece",direct
2026-10-01T09:15:42.739139+00:00,sem_wolt_area-manager-wm_tallinn-estonia,reject,non_tech,mid,0.85,rules,"not_data_ai_field,not_fresher_ws_thesis",Area Manager (WM),Wolt,"Tallinn, Estonia",direct
2026-10-01T09:15:42.739217+00:00,sem_wolt_assistant-country-controller-fixed-term_tirana-albania,reject,non_tech,mid,0.85,rules,"not_eu,not_data_ai_field,not_fresher_ws_thesis",Assistant Country Controller(Fixed Term),Wolt,"Tirana, Albania",direct
2026-10-01T09:15:42.739333+00:00,sem_wolt_associate-operations-manager-supply-acquisition-activation_bratislava-slovakia-warsaw-poland-wien-austria-zagreb-croatia,reject,non_tech,mid,0.85,rules,"not_data_ai_field,not_fresher_ws_thesis","Associate Operations Manager, Supply Acquisition & Activation",Wolt,"Bratislava, Slovakia; Warsaw, Poland; Wien, Austria; Zagreb, Croatia",direct
2026-10-01T09:15:42.739477+00:00,sem_wolt_b2b-demand-generation-specialist_berlin-germany-helsinki-finland,reject,non_tech,mid,0.85,rules,"not_data_ai_field,not_fresher_ws_thesis",B2B Demand Generation Specialist,Wolt,"Berlin, Germany; Helsinki, Finland",direct
2026-10-01T09:15:42.739568+00:00,sem_wolt_b2b-sales-representative_athens-greece,reject,non_tech,mid,0.85,rules,"not_data_ai_field,not_fresher_ws_thesis",B2B Sales Representative,Wolt,"Athens, Greece",direct
2026-10-01T09:15:42.739660+00:00,sem_wolt_bolt-munkat-rs-wolt-market-keleti_budapest-hungary,reject,non_tech,mid,0.85,rules,"not_data_ai_field,not_fresher_ws_thesis",Bolt munkatárs - Wolt Market Keleti,Wolt,"Budapest, Hungary",direct
2026-10-01T09:15:42.739777+00:00,sem_wolt_bolti-munkat-rs-wolt-market-buda_budapest-hungary,reject,non_tech,mid,0.85,rules,"not_data_ai_field,not_fresher_ws_thesis",Bolti munkatárs - Wolt Market Óbuda,Wolt,"Budapest, Hungary",direct
2026-10-01T09:15:42.739889+00:00,sem_wolt_bolti-munkat-rs-wolt-market-d-l-pest_budapest-hungary,reject,non_tech,mid,0.85,rules,"not_data_ai_field,not_fresher_ws_thesis",Bolti munkatárs - Wolt Market Dél-Pest,Wolt,"Budapest, Hungary",direct
2026-10-01T09:15:42.740012+00:00,sem_wolt_business-development-manager-sevenrooms_helsinki-finland,reject,non_tech,mid,0.85,rules,"not_data_ai_field,not_fresher_ws_thesis","Business Development Manager, SevenRooms",Wolt,"Helsinki, Finland",direct
2026-10-01T09:15:42.740135+00:00,sem_wolt_category-manager_bratislava-slovakia,reject,non_tech,mid,0.85,rules,"not_data_ai_field,not_fresher_ws_thesis",Category Manager,Wolt,"Bratislava, Slovakia",direct
2026-10-01T09:15:42.740215+00:00,sem_wolt_commercial-finance-specialist_tallinn-estonia,reject,non_tech,mid,0.85,rules,"not_data_ai_field,not_fresher_ws_thesis",Commercial Finance Specialist,Wolt,"Tallinn, Estonia",direct
2026-10-01T09:15:42.740305+00:00,sem_wolt_content-associate_oslo-norway,reject,non_tech,mid,0.85,rules,"not_eu,not_data_ai_field,not_fresher_ws_thesis",Content Associate,Wolt,"OSLO, Norway",direct
2026-10-01T09:15:42.740377+00:00,sem_wolt_content-training-quality-manager-vendor-merchant-operations_budapest-hungary,reject,non_tech,mid,0.85,rules,"not_data_ai_field,not_fresher_ws_thesis","Content, Training & Quality Manager – Vendor & Merchant Operations",Wolt,"Budapest, Hungary",direct
2026-10-01T09:15:42.740565+00:00,sem_wolt_country-manager-wm_birkirkara-malta-limassol-cyprus-nicosia-cyprus,reject,non_tech,mid,0.85,rules,"not_data_ai_field,not_fresher_ws_thesis",Country Manager (WM),Wolt,"Birkirkara, Malta; Limassol, Cyprus; Nicosia, Cyprus",direct
2026-10-01T09:15:42.740652+00:00,sem_wolt_delivery-courier-employed-courier-operations_zagreb-croatia,reject,non_tech,mid,0.85,rules,"not_data_ai_field,not_fresher_ws_thesis","Delivery Courier (Employed), Courier Operations",Wolt,"Zagreb, Croatia",direct
2026-10-01T09:15:42.740780+00:00,sem_wolt_engineering-manager-computing-platform_berlin-germany-helsinki-finland,reject,non_tech,mid,0.85,rules,"not_data_ai_field,not_fresher_ws_thesis","Engineering Manager, Computing Platform",Wolt,"Berlin, Germany; Helsinki, Finland",direct
2026-10-01T09:15:42.740878+00:00,sem_wolt_english-albanian-speaking-support-associate_tirana-albania,reject,non_tech,mid,0.85,rules,"not_eu,not_data_ai_field,not_fresher_ws_thesis",English & Albanian-Speaking Support Associate,Wolt,"Tirana, Albania",direct
2026-10-01T09:15:42.741002+00:00,sem_wolt_english-speaking-support-associate-full-time-remote_remote-serbia,reject,non_tech,mid,0.85,rules,"not_eu,not_data_ai_field,not_fresher_ws_thesis",English-Speaking Support Associate (Full-time - Remote),Wolt,Remote; Serbia,direct
2026-10-01T09:15:42.741177+00:00,sem_wolt_english-speaking-support-associate-part-time-remote_belgrade-savski-venac-serbia,reject,non_tech,mid,0.85,rules,"not_eu,not_data_ai_field,not_fresher_ws_thesis","English speaking Support Associate (Part-Time, Remote)",Wolt,"Belgrade - Savski Venac, Serbia",direct
2026-10-01T09:15:42.741324+00:00,sem_wolt_enterprise-sales-manager-retail_birkirkara-malta,reject,non_tech,mid,0.85,rules,"not_data_ai_field,not_fresher_ws_thesis","Enterprise Sales Manager, Retail",Wolt,"Birkirkara, Malta",direct
2026-10-01T09:15:42.741463+00:00,sem_wolt_enterprise-sales-manager-retail_riga-latvia,reject,non_tech,mid,0.85,rules,"not_data_ai_field,not_fresher_ws_thesis","Enterprise Sales Manager, Retail",Wolt,"Riga, Latvia",direct
2026-10-01T09:15:42.741563+00:00,sem_wolt_finance-systems-development-manager_berlin-germany-helsinki-finland-london-united-kingdom,reject,non_tech,mid,0.85,rules,"not_data_ai_field,not_fresher_ws_thesis",Finance Systems Development Manager,Wolt,"Berlin, Germany; Helsinki, Finland; London, United Kingdom",direct
2026-10-01T09:15:42.741663+00:00,sem_wolt_german-speaking-partner-onboarding-coordinator_budapest-hungary,reject,non_tech,mid,0.85,rules,"not_data_ai_field,not_fresher_ws_thesis",German-speaking Partner Onboarding Coordinator,Wolt,"Budapest, Hungary",direct
2026-10-01T09:15:42.741789+00:00,sem_wolt_grocery-associate-ko-ice_ko-ice-slovakia,reject,non_tech,mid,0.85,rules,"not_data_ai_field,not_fresher_ws_thesis",Grocery Associate - Košice,Wolt,"Košice, Slovakia",direct
2026-10-01T09:15:42.741929+00:00,sem_wolt_grocery-associate-part-time_bratislava-slovakia,reject,non_tech,mid,0.85,rules,"not_data_ai_field,not_fresher_ws_thesis",Grocery Associate (Part Time),Wolt,"Bratislava, Slovakia",direct
2026-10-01T09:15:42.742034+00:00,sem_wolt_grocery-associate-part-time_s-borg-denmark,reject,non_tech,mid,0.85,rules,"not_data_ai_field,not_fresher_ws_thesis",Grocery Associate (part-time),Wolt,"Søborg, Denmark",direct
2026-10-01T09:15:42.742144+00:00,sem_wolt_grocery-associate-praha_prague-czechia,reject,non_tech,mid,0.85,rules,"not_data_ai_field,not_fresher_ws_thesis",Grocery Associate - Praha,Wolt,"Prague, Czechia",direct
2026-10-01T09:15:42.742237+00:00,sem_wolt_grocery-associate-rijeka_rijeka-croatia,reject,non_tech,mid,0.85,rules,"not_data_ai_field,not_fresher_ws_thesis",Grocery Associate - Rijeka,Wolt,"Rijeka, Croatia",direct
2026-10-01T09:15:42.742356+00:00,sem_wolt_grocery-associate-under-18-years-old_aalborg-denmark,reject,non_tech,mid,0.85,rules,"not_data_ai_field,not_fresher_ws_thesis",Grocery Associate (under 18 years old),Wolt,"Aalborg, Denmark",direct
2026-10-01T09:15:42.742506+00:00,sem_wolt_grocery-associate-under-18-years-old_aalborg-denmark-aarhus-denmark-copenhagen-denmark-odense-denmark-s-borg-denmark,reject,non_tech,mid,0.85,rules,"not_data_ai_field,not_fresher_ws_thesis",Grocery Associate (under 18 years old),Wolt,"Aalborg, Denmark; Aarhus, Denmark; Copenhagen, Denmark; Odense, Denmark; Søborg, Denmark",direct
2026-10-01T09:15:42.742634+00:00,sem_wolt_grocery-associate-youth-workers_solna-sweden,reject,non_tech,mid,0.85,rules,"not_data_ai_field,not_fresher_ws_thesis",Grocery Associate - Youth Workers,Wolt,"Solna, Sweden",direct
2026-10-01T09:15:42.742757+00:00,sem_wolt_grocery-associate-zagreb_zagreb-croatia,reject,non_tech,mid,0.85,rules,"not_data_ai_field,not_fresher_ws_thesis",Grocery Associate - Zagreb,Wolt,"Zagreb, Croatia",direct
2026-10-01T09:15:42.742847+00:00,sem_wolt_grocery-associate_bratislava-slovakia,reject,non_tech,mid,0.85,rules,"not_data_ai_field,not_fresher_ws_thesis",Grocery Associate,Wolt,"Bratislava, Slovakia",direct
2026-10-01T09:15:42.742923+00:00,sem_wolt_grocery-associate_brno-czechia,reject,non_tech,mid,0.85,rules,"not_data_ai_field,not_fresher_ws_thesis",Grocery Associate,Wolt,"Brno, Czechia",direct
2026-10-01T09:15:42.743009+00:00,sem_wolt_grocery-associate_d-sseldorf-germany,reject,non_tech,mid,0.85,rules,"not_data_ai_field,not_fresher_ws_thesis",Grocery Associate,Wolt,"Düsseldorf, Germany",direct
2026-10-01T09:15:42.743069+00:00,sem_wolt_grocery-associate_frankfurt-germany,reject,non_tech,mid,0.85,rules,"not_data_ai_field,not_fresher_ws_thesis",Grocery Associate,Wolt,"Frankfurt, Germany",direct
2026-10-01T09:15:42.743127+00:00,sem_wolt_grocery-associate_hamburg-germany,reject,non_tech,mid,0.85,rules,"not_data_ai_field,not_fresher_ws_thesis",Grocery Associate,Wolt,"Hamburg, Germany",direct
2026-10-01T09:15:42.743185+00:00,sem_wolt_grocery-associate_munich-germany,reject,non_tech,mid,0.85,rules,"not_data_ai_field,not_fresher_ws_thesis",Grocery Associate,Wolt,"Munich, Germany",direct
2026-10-01T09:15:42.743242+00:00,sem_wolt_grocery-associate_trnava-slovakia,reject,non_tech,mid,0.85,rules,"not_data_ai_field,not_fresher_ws_thesis",Grocery Associate,Wolt,"Trnava, Slovakia",direct
2026-10-01T09:15:42.743330+00:00,sem_wolt_grocery-shift-lead_larnaca-cyprus,reject,non_tech,senior,0.85,rules,"not_data_ai_field,not_fresher_ws_thesis",Grocery Shift Lead,Wolt,"Larnaca, Cyprus",direct
2026-10-01T09:15:42.743431+00:00,sem_wolt_grocery-store-assistant_malta,reject,non_tech,mid,0.85,rules,"not_data_ai_field,not_fresher_ws_thesis",Grocery Store Assistant,Wolt,Malta,direct
2026-10-01T09:15:42.743529+00:00,sem_wolt_grocery-store-assistant_marsa-malta,reject,non_tech,mid,0.85,rules,"not_data_ai_field,not_fresher_ws_thesis",Grocery Store Assistant,Wolt,"Marsa, Malta",direct
2026-10-01T09:15:42.743635+00:00,sem_wolt_grocery-store-assistant_san-wann-malta,reject,non_tech,mid,0.85,rules,"not_data_ai_field,not_fresher_ws_thesis",Grocery Store Assistant,Wolt,"San Ġwann, Malta",direct
2026-10-01T09:15:42.743746+00:00,sem_wolt_head-of-wolt-for-work-greece_athens-greece,reject,non_tech,senior,0.85,rules,"not_data_ai_field,not_fresher_ws_thesis",Head of Wolt for Work - Greece,Wolt,"Athens, Greece",direct
2026-10-01T09:15:42.743860+00:00,sem_wolt_inside-sales-associate_copenhagen-denmark,reject,non_tech,mid,0.85,rules,"not_data_ai_field,not_fresher_ws_thesis",Inside Sales Associate,Wolt,"Copenhagen, Denmark",direct
2026-10-01T09:15:42.743937+00:00,sem_wolt_junior-key-account-manager-retail_oslo-norway,reject,non_tech,junior,0.85,rules,"not_eu,not_data_ai_field","Junior Key Account Manager, Retail",Wolt,"OSLO, Norway",direct
2026-10-01T09:15:42.744043+00:00,sem_wolt_lead-global-esg-reporting-strategy_berlin-germany-london-united-kingdom-stockholm-sweden,reject,non_tech,senior,0.85,rules,"not_data_ai_field,not_fresher_ws_thesis","Lead, Global ESG Reporting Strategy",Wolt,"Berlin, Germany; London, United Kingdom; Stockholm, Sweden",direct
2026-10-01T09:15:42.744142+00:00,sem_wolt_localisation-specialist-merchant-due-diligence-cdd_budapest-hungary-tallinn-estonia-warsaw-poland,reject,non_tech,mid,0.85,rules,"not_data_ai_field,not_fresher_ws_thesis","Localisation Specialist, Merchant Due Diligence (CDD)",Wolt,"Budapest, Hungary; Tallinn, Estonia; Warsaw, Poland",direct
2026-10-01T09:15:42.744285+00:00,sem_wolt_marketing-manager-fixed-term-employment_wien-austria,reject,non_tech,mid,0.85,rules,"not_data_ai_field,not_fresher_ws_thesis",Marketing Manager (Fixed-term Employment),Wolt,"Wien, Austria",direct
2026-10-01T09:15:42.744399+00:00,sem_wolt_marketing-specialist_nicosia-cyprus,reject,non_tech,mid,0.85,rules,"not_data_ai_field,not_fresher_ws_thesis",Marketing Specialist,Wolt,"Nicosia, Cyprus",direct
2026-10-01T09:15:42.744474+00:00,sem_wolt_merchant-account-development-manager-global-ads_vilnius-lithuania,reject,non_tech,mid,0.85,rules,"not_data_ai_field,not_fresher_ws_thesis",Merchant Account Development Manager - Global Ads,Wolt,"Vilnius, Lithuania",direct
2026-10-01T09:15:42.744606+00:00,sem_wolt_merchant-compliance-administrator-german-speaking_budapest-hungary,reject,non_tech,mid,0.85,rules,"not_data_ai_field,not_fresher_ws_thesis",Merchant Compliance Administrator (German speaking),Wolt,"Budapest, Hungary",direct
2026-10-01T09:15:42.744739+00:00,sem_wolt_merchant-compliance-administrator-greek-speaking_budapest-hungary,reject,non_tech,mid,0.85,rules,"not_data_ai_field,not_fresher_ws_thesis",Merchant Compliance Administrator (Greek speaking),Wolt,"Budapest, Hungary",direct
2026-10-01T09:15:42.744868+00:00,sem_wolt_merchant-compliance-administrator_budapest-hungary,reject,non_tech,mid,0.85,rules,"not_data_ai_field,not_fresher_ws_thesis",Merchant Compliance Administrator,Wolt,"Budapest, Hungary",direct
2026-10-01T09:15:42.744960+00:00,sem_wolt_merchant-services-associate_sweden,reject,non_tech,mid,0.85,rules,"not_data_ai_field,not_fresher_ws_thesis",Merchant Services Associate,Wolt,Sweden,direct
2026-10-01T09:15:42.745061+00:00,sem_wolt_operations-associate-courier-community_wien-austria,reject,non_tech,mid,0.85,rules,"not_data_ai_field,not_fresher_ws_thesis","Operations Associate, Courier Community",Wolt,"Wien, Austria",direct
2026-10-01T09:15:42.745161+00:00,sem_wolt_partner-operations-associate_berlin-germany,reject,non_tech,mid,0.85,rules,"not_data_ai_field,not_fresher_ws_thesis",Partner Operations Associate,Wolt,"Berlin, Germany",direct
2026-10-01T09:15:42.745235+00:00,sem_wolt_partner-success-specialist_belgrade-savski-venac-serbia,reject,non_tech,mid,0.85,rules,"not_eu,not_data_ai_field,not_fresher_ws_thesis",Partner Success Specialist,Wolt,"Belgrade - Savski Venac, Serbia",direct
2026-10-01T09:15:42.745325+00:00,sem_wolt_partnership-specialist-retail_athens-greece,reject,non_tech,mid,0.85,rules,"not_data_ai_field,not_fresher_ws_thesis",Partnership Specialist | Retail,Wolt,"Athens, Greece",direct
2026-10-01T09:15:42.745416+00:00,sem_wolt_platform-hiring-partner_helsinki-finland,reject,non_tech,mid,0.85,rules,"not_data_ai_field,not_fresher_ws_thesis",Platform Hiring Partner,Wolt,"Helsinki, Finland",direct
2026-10-01T09:15:42.745520+00:00,sem_wolt_regional-workplace-manager-region-south_athens-greece-limassol-cyprus,reject,non_tech,mid,0.85,rules,"not_data_ai_field,not_fresher_ws_thesis","Regional Workplace Manager, Region South",Wolt,"Athens, Greece; Limassol, Cyprus",direct
2026-10-01T09:15:42.745642+00:00,sem_wolt_restaurant-and-retail-administrator-finnish-speaking_budapest-hungary,reject,non_tech,mid,0.85,rules,"not_data_ai_field,not_fresher_ws_thesis",Restaurant and Retail Administrator (Finnish Speaking),Wolt,"Budapest, Hungary",direct
2026-10-01T09:15:42.745781+00:00,sem_wolt_restaurant-and-retail-administrator-swedish-speaking_budapest-hungary,reject,non_tech,mid,0.85,rules,"not_data_ai_field,not_fresher_ws_thesis","Restaurant and Retail Administrator, Swedish speaking",Wolt,"Budapest, Hungary",direct
2026-10-01T09:15:42.745917+00:00,sem_wolt_restaurant-offboarding-specialist_berlin-germany,reject,non_tech,mid,0.85,rules,"not_data_ai_field,not_fresher_ws_thesis",Restaurant Offboarding Specialist,Wolt,"Berlin, Germany",direct
2026-10-01T09:15:42.745997+00:00,sem_wolt_restaurant-onboarding-associate_berlin-germany,reject,non_tech,mid,0.85,rules,"not_data_ai_field,not_fresher_ws_thesis",Restaurant Onboarding Associate,Wolt,"Berlin, Germany",direct
2026-10-01T09:15:42.746074+00:00,sem_wolt_retail-account-manager_skopje-north-macedonia,reject,non_tech,mid,0.85,rules,"not_eu,not_data_ai_field,not_fresher_ws_thesis",Retail Account Manager,Wolt,"Skopje, North Macedonia",direct
2026-10-01T09:15:42.746159+00:00,sem_wolt_retail-grocery-assistant_larnaca-cyprus,reject,non_tech,mid,0.85,rules,"not_data_ai_field,not_fresher_ws_thesis",Retail Grocery Assistant,Wolt,"Larnaca, Cyprus",direct
2026-10-01T09:15:42.746264+00:00,sem_wolt_retail-grocery-assistant_limassol-cyprus,reject,non_tech,mid,0.85,rules,"not_data_ai_field,not_fresher_ws_thesis",Retail Grocery Assistant,Wolt,"Limassol, Cyprus",direct
2026-10-01T09:15:42.746368+00:00,sem_wolt_retail-grocery-assistant_nicosia-cyprus,reject,non_tech,mid,0.85,rules,"not_data_ai_field,not_fresher_ws_thesis",Retail Grocery Assistant,Wolt,"Nicosia, Cyprus",direct
2026-10-01T09:15:42.746451+00:00,sem_wolt_retail-grocery-assistant_paphos-cyprus,reject,non_tech,mid,0.85,rules,"not_data_ai_field,not_fresher_ws_thesis",Retail Grocery Assistant,Wolt,"Paphos, Cyprus",direct
2026-10-01T09:15:42.746554+00:00,sem_wolt_retail-grocery-assistant_paralimni-cyprus,reject,non_tech,mid,0.85,rules,"not_data_ai_field,not_fresher_ws_thesis",Retail Grocery Assistant,Wolt,"Paralimni, Cyprus",direct
2026-10-01T09:15:42.746659+00:00,sem_wolt_retail-onboarding-specialist-german-speaking_berlin-germany,reject,non_tech,mid,0.85,rules,"not_data_ai_field,not_fresher_ws_thesis",Retail Onboarding Specialist - German Speaking,Wolt,"Berlin, Germany",direct
2026-10-01T09:15:42.746770+00:00,sem_wolt_retail-onboarding-team-lead-german-speaking_berlin-germany,reject,non_tech,senior,0.85,rules,"not_data_ai_field,not_fresher_ws_thesis",Retail Onboarding Team Lead - German speaking,Wolt,"Berlin, Germany",direct
2026-10-01T09:15:42.746886+00:00,sem_wolt_sales-associate-wolt-wholesale_copenhagen-denmark,reject,non_tech,mid,0.85,rules,"not_data_ai_field,not_fresher_ws_thesis","Sales Associate, Wolt Wholesale",Wolt,"Copenhagen, Denmark",direct
2026-10-01T09:15:42.746979+00:00,sem_wolt_sales-associate_ljubljana-slovenia,reject,non_tech,mid,0.85,rules,"not_data_ai_field,not_fresher_ws_thesis",Sales Associate,Wolt,"Ljubljana, Slovenia",direct
2026-10-01T09:15:42.747049+00:00,sem_wolt_sales-manager-l-sk_poland,reject,non_tech,mid,0.85,rules,"not_data_ai_field,not_fresher_ws_thesis",Sales Manager (Śląsk),Wolt,Poland,direct
2026-10-01T09:15:42.747156+00:00,sem_wolt_sales-manager-tr-jmiasto_poland-remote,reject,non_tech,mid,0.85,rules,"not_data_ai_field,not_fresher_ws_thesis",Sales Manager (Trójmiasto),Wolt,Poland; Remote,direct
2026-10-01T09:15:42.747259+00:00,sem_wolt_sales-manager-vertriebsmitarbeiter_berlin-germany,reject,non_tech,mid,0.85,rules,"not_data_ai_field,not_fresher_ws_thesis",Sales Manager / Vertriebsmitarbeiter (m/w/d),Wolt,"Berlin, Germany",direct
2026-10-01T09:15:42.747375+00:00,sem_wolt_sales-manager_bergen-norway-oslo-norway-stavanger-norway-trondheim-norway,reject,non_tech,mid,0.85,rules,"not_eu,not_data_ai_field,not_fresher_ws_thesis",Sales Manager,Wolt,"BERGEN, Norway; OSLO, Norway; Stavanger, Norway; Trondheim, Norway",direct
2026-10-01T09:15:42.747447+00:00,sem_wolt_sales-manager_copenhagen-denmark,reject,non_tech,mid,0.85,rules,"not_data_ai_field,not_fresher_ws_thesis",Sales Manager,Wolt,"Copenhagen, Denmark",direct
2026-10-01T09:15:42.747507+00:00,sem_wolt_sales-manager_luxembourg-luxembourg,reject,non_tech,mid,0.85,rules,"not_data_ai_field,not_fresher_ws_thesis",Sales Manager,Wolt,"Luxembourg, Luxembourg",direct
2026-10-01T09:15:42.747600+00:00,sem_wolt_sales-manager_prague-czechia,reject,non_tech,mid,0.85,rules,"not_data_ai_field,not_fresher_ws_thesis",Sales Manager,Wolt,"Prague, Czechia",direct
2026-10-01T09:15:42.747670+00:00,sem_wolt_sales-manager_sofia-bulgaria,reject,non_tech,mid,0.85,rules,"not_data_ai_field,not_fresher_ws_thesis",Sales Manager,Wolt,"Sofia, Bulgaria",direct
2026-10-01T09:15:42.747737+00:00,sem_wolt_sales-manager_warsaw-poland,reject,non_tech,mid,0.85,rules,"not_data_ai_field,not_fresher_ws_thesis",Sales Manager,Wolt,"Warsaw, Poland",direct
2026-10-01T09:15:42.747803+00:00,sem_wolt_sales-representative_athens-greece,reject,non_tech,mid,0.85,rules,"not_data_ai_field,not_fresher_ws_thesis",Sales Representative,Wolt,"Athens, Greece",direct
2026-10-01T09:15:42.747876+00:00,sem_wolt_sales-specialist-western-slovenia_ljubljana-slovenia,reject,non_tech,mid,0.85,rules,"not_data_ai_field,not_fresher_ws_thesis",Sales Specialist - Western Slovenia,Wolt,"Ljubljana, Slovenia",direct
2026-10-01T09:15:42.747981+00:00,sem_wolt_sales-specialist_bucharest-romania,reject,non_tech,mid,0.85,rules,"not_data_ai_field,not_fresher_ws_thesis",Sales Specialist,Wolt,"Bucharest, Romania",direct
2026-10-01T09:15:42.748050+00:00,sem_wolt_sales-specialist_sofia-bulgaria,reject,non_tech,mid,0.85,rules,"not_data_ai_field,not_fresher_ws_thesis",Sales Specialist,Wolt,"Sofia, Bulgaria",direct
2026-10-01T09:15:42.748118+00:00,sem_wolt_sales-specialist_warsaw-poland,reject,non_tech,mid,0.85,rules,"not_data_ai_field,not_fresher_ws_thesis",Sales Specialist,Wolt,"Warsaw, Poland",direct
2026-10-01T09:15:42.748193+00:00,sem_wolt_sales-support-associate_athens-greece,reject,non_tech,mid,0.85,rules,"not_data_ai_field,not_fresher_ws_thesis",Sales Support Associate,Wolt,"Athens, Greece",direct
2026-10-01T09:15:42.748279+00:00,sem_wolt_sales-support-associate_birkirkara-malta,reject,non_tech,mid,0.85,rules,"not_data_ai_field,not_fresher_ws_thesis",Sales Support Associate,Wolt,"Birkirkara, Malta",direct
2026-10-01T09:15:42.748383+00:00,sem_wolt_sales-support-associate_pristina-kosovo-tirana-albania,reject,non_tech,mid,0.85,rules,"not_eu,not_data_ai_field,not_fresher_ws_thesis",Sales Support Associate,Wolt,"Pristina, Kosovo; Tirana, Albania",direct
2026-10-01T09:15:42.748473+00:00,sem_wolt_senior-enterprise-sales-manager-wolt-ads_athens-greece,reject,non_tech,senior,0.85,rules,"not_data_ai_field,not_fresher_ws_thesis",Senior Enterprise Sales Manager - Wolt Ads,Wolt,"Athens, Greece",direct
2026-10-01T09:15:42.748600+00:00,sem_wolt_senior-enterprise-sales-manager_berlin-germany,reject,non_tech,senior,0.85,rules,"not_data_ai_field,not_fresher_ws_thesis",Senior Enterprise Sales Manager (m/w/d),Wolt,"Berlin, Germany",direct
2026-10-01T09:15:42.748715+00:00,sem_wolt_senior-localisation-specialist_budapest-hungary-tallinn-estonia-warsaw-poland,reject,non_tech,senior,0.85,rules,"not_data_ai_field,not_fresher_ws_thesis",Senior Localisation Specialist,Wolt,"Budapest, Hungary; Tallinn, Estonia; Warsaw, Poland",direct
2026-10-01T09:15:42.748809+00:00,sem_wolt_senior-sales-manager-regional-enterprise_berlin-germany-cologne-germany-frankfurt-am-main-germany-hamburg-germany-munich-germany,reject,non_tech,senior,0.85,rules,"not_data_ai_field,not_fresher_ws_thesis","Senior Sales Manager, Regional Enterprise",Wolt,"Berlin, Germany; Cologne, Germany; Frankfurt am Main, Germany; Hamburg, Germany; Munich, Germany",direct
2026-10-01T09:15:42.748911+00:00,sem_wolt_serbian-speaking-support-associate-part-time-belgrade_belgrade-serbia,reject,non_tech,mid,0.85,rules,"not_eu,not_data_ai_field,not_fresher_ws_thesis","Serbian-Speaking Support Associate (Part-Time, Belgrade)",Wolt,"Belgrade, Serbia",direct
2026-10-01T09:15:42.749063+00:00,sem_wolt_serbian-speaking-support-associate-part-time-kragujevac_kragujevac-serbia,reject,non_tech,mid,0.85,rules,"not_eu,not_data_ai_field,not_fresher_ws_thesis","Serbian-Speaking Support Associate (Part-Time, Kragujevac)",Wolt,"Kragujevac, Serbia",direct
2026-10-01T09:15:42.749240+00:00,sem_wolt_shift-lead-grocery-associate_belgrade-serbia,reject,non_tech,senior,0.85,rules,"not_eu,not_data_ai_field,not_fresher_ws_thesis",Shift Lead Grocery Associate,Wolt,"Belgrade, Serbia",direct
2026-10-01T09:15:42.749338+00:00,sem_wolt_shift-lead-wolt-market-attica_athens-greece,reject,non_tech,senior,0.85,rules,"not_data_ai_field,not_fresher_ws_thesis",Shift Lead - Wolt Market Attica,Wolt,"Athens, Greece",direct
2026-10-01T09:15:42.749446+00:00,sem_wolt_shift-lead-wolt-market-buda_budapest-hungary,reject,non_tech,senior,0.85,rules,"not_data_ai_field,not_fresher_ws_thesis",Shift Lead - Wolt Market Buda,Wolt,"Budapest, Hungary",direct
2026-10-01T09:15:42.749551+00:00,sem_wolt_shift-lead-wolt-market-glyfada_athens-greece,reject,non_tech,senior,0.85,rules,"not_data_ai_field,not_fresher_ws_thesis",Shift Lead - Wolt Market Glyfada,Wolt,"Athens, Greece",direct
2026-10-01T09:15:42.749661+00:00,sem_wolt_shift-lead-wolt-market-keleti_budapest-hungary,reject,non_tech,senior,0.85,rules,"not_data_ai_field,not_fresher_ws_thesis",Shift Lead - Wolt Market Keleti,Wolt,"Budapest, Hungary",direct
2026-10-01T09:15:42.749766+00:00,sem_wolt_shift-lead-wolt-market-marousi_athens-greece,reject,non_tech,senior,0.85,rules,"not_data_ai_field,not_fresher_ws_thesis",Shift Lead - Wolt Market Marousi,Wolt,"Athens, Greece",direct
2026-10-01T09:15:42.749870+00:00,sem_wolt_shift-lead-wolt-market-zugl_budapest-hungary,reject,non_tech,senior,0.85,rules,"not_data_ai_field,not_fresher_ws_thesis",Shift Lead - Wolt Market Zugló,Wolt,"Budapest, Hungary",direct
2026-10-01T09:15:42.749974+00:00,sem_wolt_store-manager-wm_athens-greece,reject,non_tech,mid,0.85,rules,"not_data_ai_field,not_fresher_ws_thesis",Store Manager (WM),Wolt,"Athens, Greece",direct
2026-10-01T09:15:42.750052+00:00,sem_wolt_store-manager-wm_copenhagen-denmark,reject,non_tech,mid,0.85,rules,"not_data_ai_field,not_fresher_ws_thesis",Store Manager (WM),Wolt,"Copenhagen, Denmark",direct
2026-10-01T09:15:42.750123+00:00,sem_wolt_store-manager-wm_nicosia-cyprus,reject,non_tech,mid,0.85,rules,"not_data_ai_field,not_fresher_ws_thesis",Store Manager (WM),Wolt,"Nicosia, Cyprus",direct
2026-10-01T09:15:42.750205+00:00,sem_wolt_store-manager-wm_riga-latvia,reject,non_tech,mid,0.85,rules,"not_data_ai_field,not_fresher_ws_thesis",Store Manager (WM),Wolt,"Riga, Latvia",direct
2026-10-01T09:15:42.750282+00:00,sem_wolt_support-associate-full-time-remote_ko-ice-slovakia-slovakia,reject,non_tech,mid,0.85,rules,"not_data_ai_field,not_fresher_ws_thesis",Support Associate (Full-Time Remote),Wolt,"Košice, Slovakia; Slovakia",direct
2026-10-01T09:15:42.750427+00:00,sem_wolt_support-associate-full-time_vilnius-lithuania,reject,non_tech,mid,0.85,rules,"not_data_ai_field,not_fresher_ws_thesis",Support Associate (Full-time),Wolt,"Vilnius, Lithuania",direct
2026-10-01T09:15:42.750526+00:00,sem_wolt_support-associate-full-time_warsaw-poland,reject,non_tech,mid,0.85,rules,"not_data_ai_field,not_fresher_ws_thesis",Support Associate (Full-Time),Wolt,"Warsaw, Poland",direct
2026-10-01T09:15:42.750623+00:00,sem_wolt_support-associate-fulltime-student-ljubljana_ljubljana-slovenia,reject,non_tech,mid,0.85,rules,"not_data_ai_field,not_fresher_ws_thesis",Support Associate - Fulltime/Student- Ljubljana,Wolt,"Ljubljana, Slovenia",direct
2026-10-01T09:15:42.750750+00:00,sem_wolt_support-associate-hungarian-speaking-student_budapest-hungary,reject,non_tech,mid,0.85,rules,"not_data_ai_field,not_fresher_ws_thesis",Support Associate (Hungarian speaking student),Wolt,"Budapest, Hungary",direct
2026-10-01T09:15:42.750872+00:00,sem_wolt_support-associate-kundenservice-in-teilzeit-englisch-c1-und-deutsch-c1_berlin-germany,reject,non_tech,mid,0.85,rules,"not_data_ai_field,not_fresher_ws_thesis",Support Associate / Kundenservice (m/w/d) in Teilzeit (Englisch C1 und Deutsch C1),Wolt,"Berlin, Germany",direct
2026-10-01T09:15:42.751102+00:00,sem_wolt_support-associate-kundenservice-in-vollzeit-englisch-c1-und-deutsch-c1_berlin-germany,reject,non_tech,mid,0.85,rules,"not_data_ai_field,not_fresher_ws_thesis",Support Associate / Kundenservice (m/w/d) in Vollzeit (Englisch C1 und Deutsch C1),Wolt,"Berlin, Germany",direct
2026-10-01T09:15:42.751314+00:00,sem_wolt_support-associate-kundenservice-mitarbeiter_wien-austria,reject,non_tech,mid,0.85,rules,"not_data_ai_field,not_fresher_ws_thesis",Support Associate / Kundenservice-Mitarbeiter,Wolt,"Wien, Austria",direct
2026-10-01T09:15:42.751431+00:00,sem_wolt_support-associate-part-time-remote_ko-ice-slovakia-slovakia,reject,non_tech,mid,0.85,rules,"not_data_ai_field,not_fresher_ws_thesis",Support Associate (Part -Time Remote),Wolt,"Košice, Slovakia; Slovakia",direct
2026-10-01T09:15:42.751575+00:00,sem_wolt_support-associate_oslo-norway,reject,non_tech,mid,0.85,rules,"not_eu,not_data_ai_field,not_fresher_ws_thesis",Support Associate,Wolt,"OSLO, Norway",direct
2026-10-01T09:15:42.751645+00:00,sem_wolt_support-associate_sofia-bulgaria,reject,non_tech,mid,0.85,rules,"not_data_ai_field,not_fresher_ws_thesis",Support Associate,Wolt,"Sofia, Bulgaria",direct
2026-10-01T09:15:42.751716+00:00,sem_wolt_support-team-lead-italian-speaking_tirana-albania,reject,non_tech,senior,0.85,rules,"not_eu,not_data_ai_field,not_fresher_ws_thesis",Support Team Lead (Italian speaking),Wolt,"Tirana, Albania",direct
2026-10-01T09:15:42.751830+00:00,sem_wolt_support-team-lead_budapest-hungary,reject,non_tech,senior,0.85,rules,"not_data_ai_field,not_fresher_ws_thesis",Support Team Lead,Wolt,"Budapest, Hungary",direct
2026-10-01T09:15:42.751909+00:00,sem_wolt_support-team-lead_thessaloniki-greece,reject,non_tech,senior,0.85,rules,"not_data_ai_field,not_fresher_ws_thesis",Support Team Lead,Wolt,"Thessaloniki, Greece",direct
2026-10-01T09:15:42.752001+00:00,sem_wolt_tax-manager_helsinki-finland,reject,non_tech,mid,0.85,rules,"not_data_ai_field,not_fresher_ws_thesis",Tax Manager,Wolt,"Helsinki, Finland",direct
2026-10-01T09:15:42.752065+00:00,sem_wolt_team-lead-people-services_budapest-hungary,reject,non_tech,senior,0.85,rules,"not_data_ai_field,not_fresher_ws_thesis","Team Lead, People Services",Wolt,"Budapest, Hungary",direct
2026-10-01T09:15:42.752163+00:00,sem_wolt_technical-account-manager-emea-lead-doordash-offsite_berlin-germany,reject,non_tech,senior,0.85,rules,"not_data_ai_field,not_fresher_ws_thesis",Technical Account Manager - EMEA Lead - Doordash Offsite,Wolt,"Berlin, Germany",direct
2026-10-01T09:15:42.752298+00:00,sem_wolt_trust-safety-program-manager_berlin-germany,reject,non_tech,mid,0.85,rules,"not_data_ai_field,not_fresher_ws_thesis",Trust & Safety Program Manager,Wolt,"Berlin, Germany",direct
2026-10-01T09:15:42.752389+00:00,sem_wolt_vat-manager_helsinki-finland,reject,non_tech,mid,0.85,rules,"not_data_ai_field,not_fresher_ws_thesis",VAT Manager,Wolt,"Helsinki, Finland",direct
2026-10-01T09:15:42.752581+00:00,sem_wolt_wolt-market-buda-rs-warehouse-rakt-ri-munkat-rs_budapest-hungary,reject,non_tech,mid,0.85,rules,"not_data_ai_field,not_fresher_ws_thesis",Wolt Market Budaörs Warehouse - Raktári munkatárs,Wolt,"Budapest, Hungary",direct
2026-10-01T09:15:42.752773+00:00,sem_wolt_workforce-coordinator_zagreb-croatia,reject,non_tech,mid,0.85,rules,"not_data_ai_field,not_fresher_ws_thesis",Workforce Coordinator,Wolt,"Zagreb, Croatia",direct
2026-10-01T09:15:42.752860+00:00,sem_wolt_workplace-coordinator_tallinn-estonia,reject,non_tech,mid,0.85,rules,"not_data_ai_field,not_fresher_ws_thesis",Workplace Coordinator,Wolt,"Tallinn, Estonia",direct
2026-10-01T09:15:42.752935+00:00,sem_wolt_workplace-manager_zagreb-croatia,reject,non_tech,mid,0.85,rules,"not_data_ai_field,not_fresher_ws_thesis",Workplace Manager,Wolt,"Zagreb, Croatia",direct
2026-10-01T09:15:42.718231+00:00,sem_zara_visual-commercial_m-nster,reject,non_tech,mid,0.85,rules,"not_data_ai_field,not_fresher_ws_thesis",Visual Commercial (m/w/d),Zara,Münster,arbeitnow
2026-10-01T09:15:42.718319+00:00,sem_zscaler_account-executive-majors-romandy_,reject,non_tech,mid,0.85,rules,"not_data_ai_field,not_fresher_ws_thesis","Account Executive, Majors - Romandy",zscaler,,arbeitnow
